shoulder,wrist,tp,fp
0.00161699999999995,0.00017375,0,0
0.01417726329113919,0.00017375,0,0
0.02673752658227843,0.00017375,0,0
0.03929778987341767,0.00017375,0,0
0.05185805316455691,0.00017375,0,0
0.06441831645569615,0.00017375,0,0
0.07697857974683539,0.00017375,0,0
0.07697857974683539,0.011937930379746836,0,0
0.07697857974683539,0.02370211075949367,1,0
0.07697857974683539,0.035466291139240505,4,0
0.07697857974683539,0.04723047151898734,4,1
0.07697857974683539,0.05899465189873418,4,1
0.07697857974683539,0.07075883227848101,4,1
0.07697857974683539,0.08252301265822785,4,1
0.07697857974683539,0.09428719303797468,4,1
0.07697857974683539,0.10605137341772151,4,1
0.07697857974683539,0.11781555379746836,4,1
0.07697857974683539,0.1295797341772152,4,1
0.07697857974683539,0.14134391455696202,4,1
0.07697857974683539,0.15310809493670885,4,1
0.07697857974683539,0.1648722753164557,4,1
0.07697857974683539,0.17663645569620254,4,1
0.07697857974683539,0.18840063607594937,4,1
0.07697857974683539,0.2001648164556962,4,2
0.07697857974683539,0.21192899683544303,4,2
0.07697857974683539,0.2236931772151899,4,2
0.07697857974683539,0.23545735759493672,4,2
0.07697857974683539,0.24722153797468355,4,2
0.07697857974683539,0.25898571835443035,4,2
0.07697857974683539,0.2707498987341772,4,2
0.07697857974683539,0.282514079113924,4,2
0.07697857974683539,0.29427825949367087,6,2
0.07697857974683539,0.30604243987341767,6,2
0.07697857974683539,0.31780662025316453,6,2
0.07697857974683539,0.3295708006329114,6,2
0.07697857974683539,0.3413349810126582,6,2
0.08953884303797463,0.00017375,0,0
0.08953884303797463,0.011937930379746836,0,0
0.08953884303797463,0.02370211075949367,1,0
0.08953884303797463,0.035466291139240505,3,0
0.08953884303797463,0.04723047151898734,3,1
0.08953884303797463,0.05899465189873418,3,1
0.08953884303797463,0.07075883227848101,3,1
0.08953884303797463,0.08252301265822785,3,1
0.08953884303797463,0.09428719303797468,3,1
0.08953884303797463,0.10605137341772151,3,1
0.08953884303797463,0.11781555379746836,3,1
0.08953884303797463,0.1295797341772152,3,1
0.08953884303797463,0.14134391455696202,3,1
0.08953884303797463,0.15310809493670885,3,1
0.08953884303797463,0.1648722753164557,3,1
0.08953884303797463,0.17663645569620254,3,1
0.08953884303797463,0.18840063607594937,3,1
0.08953884303797463,0.2001648164556962,3,2
0.08953884303797463,0.21192899683544303,3,2
0.08953884303797463,0.2236931772151899,3,2
0.08953884303797463,0.23545735759493672,3,2
0.08953884303797463,0.24722153797468355,3,2
0.08953884303797463,0.25898571835443035,3,2
0.08953884303797463,0.2707498987341772,3,2
0.08953884303797463,0.282514079113924,3,2
0.08953884303797463,0.29427825949367087,5,2
0.08953884303797463,0.30604243987341767,5,2
0.08953884303797463,0.31780662025316453,5,2
0.08953884303797463,0.3295708006329114,5,2
0.08953884303797463,0.3413349810126582,5,2
0.10209910632911387,0.00017375,0,0
0.10209910632911387,0.011937930379746836,0,0
0.10209910632911387,0.02370211075949367,0,0
0.10209910632911387,0.035466291139240505,0,0
0.10209910632911387,0.04723047151898734,0,0
0.10209910632911387,0.05899465189873418,0,0
0.10209910632911387,0.07075883227848101,0,0
0.10209910632911387,0.08252301265822785,0,0
0.10209910632911387,0.09428719303797468,0,0
0.10209910632911387,0.10605137341772151,0,0
0.10209910632911387,0.11781555379746836,0,0
0.10209910632911387,0.1295797341772152,0,0
0.10209910632911387,0.14134391455696202,0,0
0.10209910632911387,0.15310809493670885,0,0
0.10209910632911387,0.1648722753164557,0,0
0.10209910632911387,0.17663645569620254,0,0
0.10209910632911387,0.18840063607594937,0,0
0.10209910632911387,0.2001648164556962,0,1
0.10209910632911387,0.21192899683544303,0,1
0.10209910632911387,0.2236931772151899,0,1
0.10209910632911387,0.23545735759493672,0,1
0.10209910632911387,0.24722153797468355,0,1
0.10209910632911387,0.25898571835443035,0,1
0.10209910632911387,0.2707498987341772,0,1
0.10209910632911387,0.282514079113924,0,1
0.10209910632911387,0.29427825949367087,0,1
0.10209910632911387,0.30604243987341767,0,1
0.10209910632911387,0.31780662025316453,0,1
0.10209910632911387,0.3295708006329114,0,1
0.10209910632911387,0.3413349810126582,0,1
0.10209910632911387,0.35309916139240505,0,2
0.10209910632911387,0.36486334177215185,0,2
0.10209910632911387,0.3766275221518987,0,2
0.10209910632911387,0.38839170253164557,0,2
0.10209910632911387,0.40015588291139237,0,2
0.10209910632911387,0.4119200632911392,0,2
0.10209910632911387,0.42368424367088603,0,2
0.10209910632911387,0.4354484240506329,0,2
0.10209910632911387,0.44721260443037975,0,2
0.10209910632911387,0.45897678481012655,0,2
0.10209910632911387,0.4707409651898734,0,2
0.10209910632911387,0.4825051455696202,0,2
0.10209910632911387,0.49426932594936707,0,2
0.10209910632911387,0.5060335063291139,0,2
0.10209910632911387,0.5177976867088607,0,2
0.10209910632911387,0.5295618670886075,0,2
0.10209910632911387,0.5413260474683544,0,2
0.10209910632911387,0.5530902278481012,0,2
0.10209910632911387,0.564854408227848,0,2
0.10209910632911387,0.576618588607595,0,2
0.10209910632911387,0.5883827689873418,0,2
0.10209910632911387,0.6001469493670886,0,2
0.10209910632911387,0.6119111297468354,0,2
0.11465936962025311,0.00017375,0,0
0.11465936962025311,0.011937930379746836,0,0
0.11465936962025311,0.02370211075949367,0,0
0.11465936962025311,0.035466291139240505,0,0
0.11465936962025311,0.04723047151898734,0,0
0.11465936962025311,0.05899465189873418,0,0
0.11465936962025311,0.07075883227848101,0,0
0.11465936962025311,0.08252301265822785,0,0
0.11465936962025311,0.09428719303797468,0,0
0.11465936962025311,0.10605137341772151,0,0
0.11465936962025311,0.11781555379746836,0,0
0.11465936962025311,0.1295797341772152,0,0
0.11465936962025311,0.14134391455696202,0,0
0.11465936962025311,0.15310809493670885,0,0
0.11465936962025311,0.1648722753164557,0,0
0.11465936962025311,0.17663645569620254,0,0
0.11465936962025311,0.18840063607594937,0,0
0.11465936962025311,0.2001648164556962,0,0
0.11465936962025311,0.21192899683544303,0,0
0.11465936962025311,0.2236931772151899,0,0
0.11465936962025311,0.23545735759493672,0,0
0.11465936962025311,0.24722153797468355,0,0
0.11465936962025311,0.25898571835443035,0,0
0.11465936962025311,0.2707498987341772,0,0
0.11465936962025311,0.282514079113924,0,0
0.11465936962025311,0.29427825949367087,0,0
0.11465936962025311,0.30604243987341767,0,0
0.11465936962025311,0.31780662025316453,0,0
0.11465936962025311,0.3295708006329114,0,0
0.11465936962025311,0.3413349810126582,0,0
0.11465936962025311,0.35309916139240505,0,1
0.11465936962025311,0.36486334177215185,0,1
0.11465936962025311,0.3766275221518987,0,1
0.11465936962025311,0.38839170253164557,0,1
0.11465936962025311,0.40015588291139237,0,1
0.11465936962025311,0.4119200632911392,0,1
0.11465936962025311,0.42368424367088603,0,1
0.11465936962025311,0.4354484240506329,0,1
0.11465936962025311,0.44721260443037975,0,1
0.11465936962025311,0.45897678481012655,0,1
0.11465936962025311,0.4707409651898734,0,1
0.11465936962025311,0.4825051455696202,0,1
0.11465936962025311,0.49426932594936707,0,1
0.11465936962025311,0.5060335063291139,0,1
0.11465936962025311,0.5177976867088607,0,1
0.11465936962025311,0.5295618670886075,0,1
0.11465936962025311,0.5413260474683544,0,1
0.11465936962025311,0.5530902278481012,0,1
0.11465936962025311,0.564854408227848,0,1
0.11465936962025311,0.576618588607595,0,1
0.11465936962025311,0.5883827689873418,0,1
0.11465936962025311,0.6001469493670886,0,1
0.11465936962025311,0.6119111297468354,0,1
0.11465936962025311,0.6236753101265823,0,2
0.11465936962025311,0.6354394905063291,0,2
0.11465936962025311,0.6472036708860759,0,2
0.11465936962025311,0.6589678512658228,0,2
0.11465936962025311,0.6707320316455696,0,2
0.11465936962025311,0.6824962120253164,0,2
0.11465936962025311,0.6942603924050633,0,2
0.11465936962025311,0.7060245727848101,0,2
0.11465936962025311,0.7177887531645569,0,2
0.11465936962025311,0.7295529335443037,0,2
0.11465936962025311,0.7413171139240506,0,2
0.11465936962025311,0.7530812943037974,0,2
0.11465936962025311,0.7648454746835442,0,2
0.11465936962025311,0.7766096550632912,0,2
0.11465936962025311,0.788373835443038,0,2
0.11465936962025311,0.8001380158227848,0,2
0.11465936962025311,0.8119021962025316,0,2
0.11465936962025311,0.8236663765822785,0,2
0.11465936962025311,0.8354305569620253,0,2
0.11465936962025311,0.8471947373417721,0,2
0.11465936962025311,0.858958917721519,0,2
0.11465936962025311,0.8707230981012658,0,2
0.11465936962025311,0.8824872784810126,0,2
0.11465936962025311,0.8942514588607595,0,2
0.11465936962025311,0.9060156392405063,0,2
0.11465936962025311,0.9177798196202531,0,2
0.11465936962025311,0.929544,0,2
0.12721963291139235,0.00017375,0,0
0.12721963291139235,0.011937930379746836,0,0
0.12721963291139235,0.02370211075949367,0,0
0.12721963291139235,0.035466291139240505,0,0
0.12721963291139235,0.04723047151898734,0,0
0.12721963291139235,0.05899465189873418,0,0
0.12721963291139235,0.07075883227848101,0,0
0.12721963291139235,0.08252301265822785,0,0
0.12721963291139235,0.09428719303797468,0,0
0.12721963291139235,0.10605137341772151,0,0
0.12721963291139235,0.11781555379746836,0,0
0.12721963291139235,0.1295797341772152,0,0
0.12721963291139235,0.14134391455696202,0,0
0.12721963291139235,0.15310809493670885,0,0
0.12721963291139235,0.1648722753164557,0,0
0.12721963291139235,0.17663645569620254,0,0
0.12721963291139235,0.18840063607594937,0,0
0.12721963291139235,0.2001648164556962,0,0
0.12721963291139235,0.21192899683544303,0,0
0.12721963291139235,0.2236931772151899,0,0
0.12721963291139235,0.23545735759493672,0,0
0.12721963291139235,0.24722153797468355,0,0
0.12721963291139235,0.25898571835443035,0,0
0.12721963291139235,0.2707498987341772,0,0
0.12721963291139235,0.282514079113924,0,0
0.12721963291139235,0.29427825949367087,0,0
0.12721963291139235,0.30604243987341767,0,0
0.12721963291139235,0.31780662025316453,0,0
0.12721963291139235,0.3295708006329114,0,0
0.12721963291139235,0.3413349810126582,0,0
0.12721963291139235,0.35309916139240505,0,1
0.12721963291139235,0.36486334177215185,0,1
0.12721963291139235,0.3766275221518987,0,1
0.12721963291139235,0.38839170253164557,0,1
0.12721963291139235,0.40015588291139237,0,1
0.12721963291139235,0.4119200632911392,0,1
0.12721963291139235,0.42368424367088603,0,1
0.12721963291139235,0.4354484240506329,0,1
0.12721963291139235,0.44721260443037975,0,1
0.12721963291139235,0.45897678481012655,0,1
0.12721963291139235,0.4707409651898734,0,1
0.12721963291139235,0.4825051455696202,0,1
0.12721963291139235,0.49426932594936707,0,1
0.12721963291139235,0.5060335063291139,0,1
0.12721963291139235,0.5177976867088607,0,1
0.12721963291139235,0.5295618670886075,0,1
0.12721963291139235,0.5413260474683544,0,1
0.12721963291139235,0.5530902278481012,0,1
0.12721963291139235,0.564854408227848,0,1
0.12721963291139235,0.576618588607595,0,1
0.12721963291139235,0.5883827689873418,0,1
0.12721963291139235,0.6001469493670886,0,1
0.12721963291139235,0.6119111297468354,0,1
0.12721963291139235,0.6236753101265823,0,2
0.12721963291139235,0.6354394905063291,0,2
0.12721963291139235,0.6472036708860759,0,2
0.12721963291139235,0.6589678512658228,0,2
0.12721963291139235,0.6707320316455696,0,2
0.12721963291139235,0.6824962120253164,0,2
0.12721963291139235,0.6942603924050633,0,2
0.12721963291139235,0.7060245727848101,0,2
0.12721963291139235,0.7177887531645569,0,2
0.12721963291139235,0.7295529335443037,0,2
0.12721963291139235,0.7413171139240506,0,2
0.12721963291139235,0.7530812943037974,0,2
0.12721963291139235,0.7648454746835442,0,2
0.12721963291139235,0.7766096550632912,0,2
0.12721963291139235,0.788373835443038,0,2
0.12721963291139235,0.8001380158227848,0,2
0.12721963291139235,0.8119021962025316,0,2
0.12721963291139235,0.8236663765822785,0,2
0.12721963291139235,0.8354305569620253,0,2
0.12721963291139235,0.8471947373417721,0,2
0.12721963291139235,0.858958917721519,0,2
0.12721963291139235,0.8707230981012658,0,2
0.12721963291139235,0.8824872784810126,0,2
0.12721963291139235,0.8942514588607595,0,2
0.12721963291139235,0.9060156392405063,0,2
0.12721963291139235,0.9177798196202531,0,2
0.12721963291139235,0.929544,0,2
0.1397798962025316,0.00017375,0,0
0.1397798962025316,0.011937930379746836,0,0
0.1397798962025316,0.02370211075949367,0,0
0.1397798962025316,0.035466291139240505,0,0
0.1397798962025316,0.04723047151898734,0,0
0.1397798962025316,0.05899465189873418,0,0
0.1397798962025316,0.07075883227848101,0,0
0.1397798962025316,0.08252301265822785,0,0
0.1397798962025316,0.09428719303797468,0,0
0.1397798962025316,0.10605137341772151,0,0
0.1397798962025316,0.11781555379746836,0,0
0.1397798962025316,0.1295797341772152,0,0
0.1397798962025316,0.14134391455696202,0,0
0.1397798962025316,0.15310809493670885,0,0
0.1397798962025316,0.1648722753164557,0,0
0.1397798962025316,0.17663645569620254,0,0
0.1397798962025316,0.18840063607594937,0,0
0.1397798962025316,0.2001648164556962,0,0
0.1397798962025316,0.21192899683544303,0,0
0.1397798962025316,0.2236931772151899,0,0
0.1397798962025316,0.23545735759493672,0,0
0.1397798962025316,0.24722153797468355,0,0
0.1397798962025316,0.25898571835443035,0,0
0.1397798962025316,0.2707498987341772,0,0
0.1397798962025316,0.282514079113924,0,0
0.1397798962025316,0.29427825949367087,0,0
0.1397798962025316,0.30604243987341767,0,0
0.1397798962025316,0.31780662025316453,0,0
0.1397798962025316,0.3295708006329114,0,0
0.1397798962025316,0.3413349810126582,0,0
0.1397798962025316,0.35309916139240505,0,1
0.1397798962025316,0.36486334177215185,0,1
0.1397798962025316,0.3766275221518987,0,1
0.1397798962025316,0.38839170253164557,0,1
0.1397798962025316,0.40015588291139237,0,1
0.1397798962025316,0.4119200632911392,0,1
0.1397798962025316,0.42368424367088603,0,1
0.1397798962025316,0.4354484240506329,0,1
0.1397798962025316,0.44721260443037975,0,1
0.1397798962025316,0.45897678481012655,0,1
0.1397798962025316,0.4707409651898734,0,1
0.1397798962025316,0.4825051455696202,0,1
0.1397798962025316,0.49426932594936707,0,1
0.1397798962025316,0.5060335063291139,0,1
0.1397798962025316,0.5177976867088607,0,1
0.1397798962025316,0.5295618670886075,0,1
0.1397798962025316,0.5413260474683544,0,1
0.1397798962025316,0.5530902278481012,0,1
0.1397798962025316,0.564854408227848,0,1
0.1397798962025316,0.576618588607595,0,1
0.1397798962025316,0.5883827689873418,0,1
0.1397798962025316,0.6001469493670886,0,1
0.1397798962025316,0.6119111297468354,0,1
0.1397798962025316,0.6236753101265823,0,2
0.1397798962025316,0.6354394905063291,0,2
0.1397798962025316,0.6472036708860759,0,2
0.1397798962025316,0.6589678512658228,0,2
0.1397798962025316,0.6707320316455696,0,2
0.1397798962025316,0.6824962120253164,0,2
0.1397798962025316,0.6942603924050633,0,2
0.1397798962025316,0.7060245727848101,0,2
0.1397798962025316,0.7177887531645569,0,2
0.1397798962025316,0.7295529335443037,0,2
0.1397798962025316,0.7413171139240506,0,2
0.1397798962025316,0.7530812943037974,0,2
0.1397798962025316,0.7648454746835442,0,2
0.1397798962025316,0.7766096550632912,0,2
0.1397798962025316,0.788373835443038,0,2
0.1397798962025316,0.8001380158227848,0,2
0.1397798962025316,0.8119021962025316,0,2
0.1397798962025316,0.8236663765822785,0,2
0.1397798962025316,0.8354305569620253,0,2
0.1397798962025316,0.8471947373417721,0,2
0.1397798962025316,0.858958917721519,0,2
0.1397798962025316,0.8707230981012658,0,2
0.1397798962025316,0.8824872784810126,0,2
0.1397798962025316,0.8942514588607595,0,2
0.1397798962025316,0.9060156392405063,0,2
0.1397798962025316,0.9177798196202531,0,2
0.1397798962025316,0.929544,0,2
0.15234015949367083,0.00017375,0,0
0.15234015949367083,0.011937930379746836,0,0
0.15234015949367083,0.02370211075949367,0,0
0.15234015949367083,0.035466291139240505,0,0
0.15234015949367083,0.04723047151898734,0,0
0.15234015949367083,0.05899465189873418,0,0
0.15234015949367083,0.07075883227848101,0,0
0.15234015949367083,0.08252301265822785,0,0
0.15234015949367083,0.09428719303797468,0,0
0.15234015949367083,0.10605137341772151,0,0
0.15234015949367083,0.11781555379746836,0,0
0.15234015949367083,0.1295797341772152,0,0
0.15234015949367083,0.14134391455696202,0,0
0.15234015949367083,0.15310809493670885,0,0
0.15234015949367083,0.1648722753164557,0,0
0.15234015949367083,0.17663645569620254,0,0
0.15234015949367083,0.18840063607594937,0,0
0.15234015949367083,0.2001648164556962,0,0
0.15234015949367083,0.21192899683544303,0,0
0.15234015949367083,0.2236931772151899,0,0
0.15234015949367083,0.23545735759493672,0,0
0.15234015949367083,0.24722153797468355,0,0
0.15234015949367083,0.25898571835443035,0,0
0.15234015949367083,0.2707498987341772,0,0
0.15234015949367083,0.282514079113924,0,0
0.15234015949367083,0.29427825949367087,0,0
0.15234015949367083,0.30604243987341767,0,0
0.15234015949367083,0.31780662025316453,0,0
0.15234015949367083,0.3295708006329114,0,0
0.15234015949367083,0.3413349810126582,0,0
0.15234015949367083,0.35309916139240505,0,1
0.15234015949367083,0.36486334177215185,0,1
0.15234015949367083,0.3766275221518987,0,1
0.15234015949367083,0.38839170253164557,0,1
0.15234015949367083,0.40015588291139237,0,1
0.15234015949367083,0.4119200632911392,0,1
0.15234015949367083,0.42368424367088603,0,1
0.15234015949367083,0.4354484240506329,0,1
0.15234015949367083,0.44721260443037975,0,1
0.15234015949367083,0.45897678481012655,0,1
0.15234015949367083,0.4707409651898734,0,1
0.15234015949367083,0.4825051455696202,0,1
0.15234015949367083,0.49426932594936707,0,1
0.15234015949367083,0.5060335063291139,0,1
0.15234015949367083,0.5177976867088607,0,1
0.15234015949367083,0.5295618670886075,0,1
0.15234015949367083,0.5413260474683544,0,1
0.15234015949367083,0.5530902278481012,0,1
0.15234015949367083,0.564854408227848,0,1
0.15234015949367083,0.576618588607595,0,1
0.15234015949367083,0.5883827689873418,0,1
0.15234015949367083,0.6001469493670886,0,1
0.15234015949367083,0.6119111297468354,0,1
0.15234015949367083,0.6236753101265823,0,2
0.15234015949367083,0.6354394905063291,0,2
0.15234015949367083,0.6472036708860759,0,2
0.15234015949367083,0.6589678512658228,0,2
0.15234015949367083,0.6707320316455696,0,2
0.15234015949367083,0.6824962120253164,0,2
0.15234015949367083,0.6942603924050633,0,2
0.15234015949367083,0.7060245727848101,0,2
0.15234015949367083,0.7177887531645569,0,2
0.15234015949367083,0.7295529335443037,0,2
0.15234015949367083,0.7413171139240506,0,2
0.15234015949367083,0.7530812943037974,0,2
0.15234015949367083,0.7648454746835442,0,2
0.15234015949367083,0.7766096550632912,0,2
0.15234015949367083,0.788373835443038,0,2
0.15234015949367083,0.8001380158227848,0,2
0.15234015949367083,0.8119021962025316,0,2
0.15234015949367083,0.8236663765822785,0,2
0.15234015949367083,0.8354305569620253,0,2
0.15234015949367083,0.8471947373417721,0,2
0.15234015949367083,0.858958917721519,0,2
0.15234015949367083,0.8707230981012658,0,2
0.15234015949367083,0.8824872784810126,0,2
0.15234015949367083,0.8942514588607595,0,2
0.15234015949367083,0.9060156392405063,0,2
0.15234015949367083,0.9177798196202531,0,2
0.15234015949367083,0.929544,0,2
0.16490042278481007,0.00017375,0,0
0.16490042278481007,0.011937930379746836,0,0
0.16490042278481007,0.02370211075949367,0,0
0.16490042278481007,0.035466291139240505,0,0
0.16490042278481007,0.04723047151898734,0,0
0.16490042278481007,0.05899465189873418,0,0
0.16490042278481007,0.07075883227848101,0,0
0.16490042278481007,0.08252301265822785,0,0
0.16490042278481007,0.09428719303797468,0,0
0.16490042278481007,0.10605137341772151,0,0
0.16490042278481007,0.11781555379746836,0,0
0.16490042278481007,0.1295797341772152,0,0
0.16490042278481007,0.14134391455696202,0,0
0.16490042278481007,0.15310809493670885,0,0
0.16490042278481007,0.1648722753164557,0,0
0.16490042278481007,0.17663645569620254,0,0
0.16490042278481007,0.18840063607594937,0,0
0.16490042278481007,0.2001648164556962,0,0
0.16490042278481007,0.21192899683544303,0,0
0.16490042278481007,0.2236931772151899,0,0
0.16490042278481007,0.23545735759493672,0,0
0.16490042278481007,0.24722153797468355,0,0
0.16490042278481007,0.25898571835443035,0,0
0.16490042278481007,0.2707498987341772,0,0
0.16490042278481007,0.282514079113924,0,0
0.16490042278481007,0.29427825949367087,0,0
0.16490042278481007,0.30604243987341767,0,0
0.16490042278481007,0.31780662025316453,0,0
0.16490042278481007,0.3295708006329114,0,0
0.16490042278481007,0.3413349810126582,0,0
0.16490042278481007,0.35309916139240505,0,1
0.16490042278481007,0.36486334177215185,0,1
0.16490042278481007,0.3766275221518987,0,1
0.16490042278481007,0.38839170253164557,0,1
0.16490042278481007,0.40015588291139237,0,1
0.16490042278481007,0.4119200632911392,0,1
0.16490042278481007,0.42368424367088603,0,1
0.16490042278481007,0.4354484240506329,0,1
0.16490042278481007,0.44721260443037975,0,1
0.16490042278481007,0.45897678481012655,0,1
0.16490042278481007,0.4707409651898734,0,1
0.16490042278481007,0.4825051455696202,0,1
0.16490042278481007,0.49426932594936707,0,1
0.16490042278481007,0.5060335063291139,0,1
0.16490042278481007,0.5177976867088607,0,1
0.16490042278481007,0.5295618670886075,0,1
0.16490042278481007,0.5413260474683544,0,1
0.16490042278481007,0.5530902278481012,0,1
0.16490042278481007,0.564854408227848,0,1
0.16490042278481007,0.576618588607595,0,1
0.16490042278481007,0.5883827689873418,0,1
0.16490042278481007,0.6001469493670886,0,1
0.16490042278481007,0.6119111297468354,0,1
0.16490042278481007,0.6236753101265823,0,2
0.16490042278481007,0.6354394905063291,0,2
0.16490042278481007,0.6472036708860759,0,2
0.16490042278481007,0.6589678512658228,0,2
0.16490042278481007,0.6707320316455696,0,2
0.16490042278481007,0.6824962120253164,0,2
0.16490042278481007,0.6942603924050633,0,2
0.16490042278481007,0.7060245727848101,0,2
0.16490042278481007,0.7177887531645569,0,2
0.16490042278481007,0.7295529335443037,0,2
0.16490042278481007,0.7413171139240506,0,2
0.16490042278481007,0.7530812943037974,0,2
0.16490042278481007,0.7648454746835442,0,2
0.16490042278481007,0.7766096550632912,0,2
0.16490042278481007,0.788373835443038,0,2
0.16490042278481007,0.8001380158227848,0,2
0.16490042278481007,0.8119021962025316,0,2
0.16490042278481007,0.8236663765822785,0,2
0.16490042278481007,0.8354305569620253,0,2
0.16490042278481007,0.8471947373417721,0,2
0.16490042278481007,0.858958917721519,0,2
0.16490042278481007,0.8707230981012658,0,2
0.16490042278481007,0.8824872784810126,0,2
0.16490042278481007,0.8942514588607595,0,2
0.16490042278481007,0.9060156392405063,0,2
0.16490042278481007,0.9177798196202531,0,2
0.16490042278481007,0.929544,0,2
0.1774606860759493,0.00017375,0,0
0.1774606860759493,0.011937930379746836,0,0
0.1774606860759493,0.02370211075949367,0,0
0.1774606860759493,0.035466291139240505,0,0
0.1774606860759493,0.04723047151898734,0,0
0.1774606860759493,0.05899465189873418,0,0
0.1774606860759493,0.07075883227848101,0,0
0.1774606860759493,0.08252301265822785,0,0
0.1774606860759493,0.09428719303797468,0,0
0.1774606860759493,0.10605137341772151,0,0
0.1774606860759493,0.11781555379746836,0,0
0.1774606860759493,0.1295797341772152,0,0
0.1774606860759493,0.14134391455696202,0,0
0.1774606860759493,0.15310809493670885,0,0
0.1774606860759493,0.1648722753164557,0,0
0.1774606860759493,0.17663645569620254,0,0
0.1774606860759493,0.18840063607594937,0,0
0.1774606860759493,0.2001648164556962,0,0
0.1774606860759493,0.21192899683544303,0,0
0.1774606860759493,0.2236931772151899,0,0
0.1774606860759493,0.23545735759493672,0,0
0.1774606860759493,0.24722153797468355,0,0
0.1774606860759493,0.25898571835443035,0,0
0.1774606860759493,0.2707498987341772,0,0
0.1774606860759493,0.282514079113924,0,0
0.1774606860759493,0.29427825949367087,0,0
0.1774606860759493,0.30604243987341767,0,0
0.1774606860759493,0.31780662025316453,0,0
0.1774606860759493,0.3295708006329114,0,0
0.1774606860759493,0.3413349810126582,0,0
0.1774606860759493,0.35309916139240505,0,1
0.1774606860759493,0.36486334177215185,0,1
0.1774606860759493,0.3766275221518987,0,1
0.1774606860759493,0.38839170253164557,0,1
0.1774606860759493,0.40015588291139237,0,1
0.1774606860759493,0.4119200632911392,0,1
0.1774606860759493,0.42368424367088603,0,1
0.1774606860759493,0.4354484240506329,0,1
0.1774606860759493,0.44721260443037975,0,1
0.1774606860759493,0.45897678481012655,0,1
0.1774606860759493,0.4707409651898734,0,1
0.1774606860759493,0.4825051455696202,0,1
0.1774606860759493,0.49426932594936707,0,1
0.1774606860759493,0.5060335063291139,0,1
0.1774606860759493,0.5177976867088607,0,1
0.1774606860759493,0.5295618670886075,0,1
0.1774606860759493,0.5413260474683544,0,1
0.1774606860759493,0.5530902278481012,0,1
0.1774606860759493,0.564854408227848,0,1
0.1774606860759493,0.576618588607595,0,1
0.1774606860759493,0.5883827689873418,0,1
0.1774606860759493,0.6001469493670886,0,1
0.1774606860759493,0.6119111297468354,0,1
0.1774606860759493,0.6236753101265823,0,2
0.1774606860759493,0.6354394905063291,0,2
0.1774606860759493,0.6472036708860759,0,2
0.1774606860759493,0.6589678512658228,0,2
0.1774606860759493,0.6707320316455696,0,2
0.1774606860759493,0.6824962120253164,0,2
0.1774606860759493,0.6942603924050633,0,2
0.1774606860759493,0.7060245727848101,0,2
0.1774606860759493,0.7177887531645569,0,2
0.1774606860759493,0.7295529335443037,0,2
0.1774606860759493,0.7413171139240506,0,2
0.1774606860759493,0.7530812943037974,0,2
0.1774606860759493,0.7648454746835442,0,2
0.1774606860759493,0.7766096550632912,0,2
0.1774606860759493,0.788373835443038,0,2
0.1774606860759493,0.8001380158227848,0,2
0.1774606860759493,0.8119021962025316,0,2
0.1774606860759493,0.8236663765822785,0,2
0.1774606860759493,0.8354305569620253,0,2
0.1774606860759493,0.8471947373417721,0,2
0.1774606860759493,0.858958917721519,0,2
0.1774606860759493,0.8707230981012658,0,2
0.1774606860759493,0.8824872784810126,0,2
0.1774606860759493,0.8942514588607595,0,2
0.1774606860759493,0.9060156392405063,0,2
0.1774606860759493,0.9177798196202531,0,2
0.1774606860759493,0.929544,0,2
0.19002094936708855,0.00017375,0,0
0.19002094936708855,0.011937930379746836,0,0
0.19002094936708855,0.02370211075949367,0,0
0.19002094936708855,0.035466291139240505,0,0
0.19002094936708855,0.04723047151898734,0,0
0.19002094936708855,0.05899465189873418,0,0
0.19002094936708855,0.07075883227848101,0,0
0.19002094936708855,0.08252301265822785,0,0
0.19002094936708855,0.09428719303797468,0,0
0.19002094936708855,0.10605137341772151,0,0
0.19002094936708855,0.11781555379746836,0,0
0.19002094936708855,0.1295797341772152,0,0
0.19002094936708855,0.14134391455696202,0,0
0.19002094936708855,0.15310809493670885,0,0
0.19002094936708855,0.1648722753164557,0,0
0.19002094936708855,0.17663645569620254,0,0
0.19002094936708855,0.18840063607594937,0,0
0.19002094936708855,0.2001648164556962,0,0
0.19002094936708855,0.21192899683544303,0,0
0.19002094936708855,0.2236931772151899,0,0
0.19002094936708855,0.23545735759493672,0,0
0.19002094936708855,0.24722153797468355,0,0
0.19002094936708855,0.25898571835443035,0,0
0.19002094936708855,0.2707498987341772,0,0
0.19002094936708855,0.282514079113924,0,0
0.19002094936708855,0.29427825949367087,0,0
0.19002094936708855,0.30604243987341767,0,0
0.19002094936708855,0.31780662025316453,0,0
0.19002094936708855,0.3295708006329114,0,0
0.19002094936708855,0.3413349810126582,0,0
0.19002094936708855,0.35309916139240505,0,1
0.19002094936708855,0.36486334177215185,0,1
0.19002094936708855,0.3766275221518987,0,1
0.19002094936708855,0.38839170253164557,0,1
0.19002094936708855,0.40015588291139237,0,1
0.19002094936708855,0.4119200632911392,0,1
0.19002094936708855,0.42368424367088603,0,1
0.19002094936708855,0.4354484240506329,0,1
0.19002094936708855,0.44721260443037975,0,1
0.19002094936708855,0.45897678481012655,0,1
0.19002094936708855,0.4707409651898734,0,1
0.19002094936708855,0.4825051455696202,0,1
0.19002094936708855,0.49426932594936707,0,1
0.19002094936708855,0.5060335063291139,0,1
0.19002094936708855,0.5177976867088607,0,1
0.19002094936708855,0.5295618670886075,0,1
0.19002094936708855,0.5413260474683544,0,1
0.19002094936708855,0.5530902278481012,0,1
0.19002094936708855,0.564854408227848,0,1
0.19002094936708855,0.576618588607595,0,1
0.19002094936708855,0.5883827689873418,0,1
0.19002094936708855,0.6001469493670886,0,1
0.19002094936708855,0.6119111297468354,0,1
0.19002094936708855,0.6236753101265823,0,1
0.19002094936708855,0.6354394905063291,0,1
0.19002094936708855,0.6472036708860759,0,1
0.19002094936708855,0.6589678512658228,0,1
0.19002094936708855,0.6707320316455696,0,1
0.19002094936708855,0.6824962120253164,0,1
0.19002094936708855,0.6942603924050633,0,1
0.19002094936708855,0.7060245727848101,0,1
0.19002094936708855,0.7177887531645569,0,1
0.19002094936708855,0.7295529335443037,0,1
0.19002094936708855,0.7413171139240506,0,1
0.19002094936708855,0.7530812943037974,0,1
0.19002094936708855,0.7648454746835442,0,1
0.19002094936708855,0.7766096550632912,0,1
0.19002094936708855,0.788373835443038,0,1
0.19002094936708855,0.8001380158227848,0,1
0.19002094936708855,0.8119021962025316,0,1
0.19002094936708855,0.8236663765822785,0,1
0.19002094936708855,0.8354305569620253,0,1
0.19002094936708855,0.8471947373417721,0,1
0.19002094936708855,0.858958917721519,0,1
0.19002094936708855,0.8707230981012658,0,1
0.19002094936708855,0.8824872784810126,0,1
0.19002094936708855,0.8942514588607595,0,1
0.19002094936708855,0.9060156392405063,0,1
0.19002094936708855,0.9177798196202531,0,1
0.19002094936708855,0.929544,0,1
0.2025812126582278,0.00017375,0,0
0.2025812126582278,0.011937930379746836,0,0
0.2025812126582278,0.02370211075949367,0,0
0.2025812126582278,0.035466291139240505,0,0
0.2025812126582278,0.04723047151898734,0,0
0.2025812126582278,0.05899465189873418,0,0
0.2025812126582278,0.07075883227848101,0,0
0.2025812126582278,0.08252301265822785,0,0
0.2025812126582278,0.09428719303797468,0,0
0.2025812126582278,0.10605137341772151,0,0
0.2025812126582278,0.11781555379746836,0,0
0.2025812126582278,0.1295797341772152,0,0
0.2025812126582278,0.14134391455696202,0,0
0.2025812126582278,0.15310809493670885,0,0
0.2025812126582278,0.1648722753164557,0,0
0.2025812126582278,0.17663645569620254,0,0
0.2025812126582278,0.18840063607594937,0,0
0.2025812126582278,0.2001648164556962,0,0
0.2025812126582278,0.21192899683544303,0,0
0.2025812126582278,0.2236931772151899,0,0
0.2025812126582278,0.23545735759493672,0,0
0.2025812126582278,0.24722153797468355,0,0
0.2025812126582278,0.25898571835443035,0,0
0.2025812126582278,0.2707498987341772,0,0
0.2025812126582278,0.282514079113924,0,0
0.2025812126582278,0.29427825949367087,0,0
0.2025812126582278,0.30604243987341767,0,0
0.2025812126582278,0.31780662025316453,0,0
0.2025812126582278,0.3295708006329114,0,0
0.2025812126582278,0.3413349810126582,0,0
0.2025812126582278,0.35309916139240505,0,1
0.2025812126582278,0.36486334177215185,0,1
0.2025812126582278,0.3766275221518987,0,1
0.2025812126582278,0.38839170253164557,0,1
0.2025812126582278,0.40015588291139237,0,1
0.2025812126582278,0.4119200632911392,0,1
0.2025812126582278,0.42368424367088603,0,1
0.2025812126582278,0.4354484240506329,0,1
0.2025812126582278,0.44721260443037975,0,1
0.2025812126582278,0.45897678481012655,0,1
0.2025812126582278,0.4707409651898734,0,1
0.2025812126582278,0.4825051455696202,0,1
0.2025812126582278,0.49426932594936707,0,1
0.2025812126582278,0.5060335063291139,0,1
0.2025812126582278,0.5177976867088607,0,1
0.2025812126582278,0.5295618670886075,0,1
0.2025812126582278,0.5413260474683544,0,1
0.2025812126582278,0.5530902278481012,0,1
0.2025812126582278,0.564854408227848,0,1
0.2025812126582278,0.576618588607595,0,1
0.2025812126582278,0.5883827689873418,0,1
0.2025812126582278,0.6001469493670886,0,1
0.2025812126582278,0.6119111297468354,0,1
0.2025812126582278,0.6236753101265823,0,1
0.2025812126582278,0.6354394905063291,0,1
0.2025812126582278,0.6472036708860759,0,1
0.2025812126582278,0.6589678512658228,0,1
0.2025812126582278,0.6707320316455696,0,1
0.2025812126582278,0.6824962120253164,0,1
0.2025812126582278,0.6942603924050633,0,1
0.2025812126582278,0.7060245727848101,0,1
0.2025812126582278,0.7177887531645569,0,1
0.2025812126582278,0.7295529335443037,0,1
0.2025812126582278,0.7413171139240506,0,1
0.2025812126582278,0.7530812943037974,0,1
0.2025812126582278,0.7648454746835442,0,1
0.2025812126582278,0.7766096550632912,0,1
0.2025812126582278,0.788373835443038,0,1
0.2025812126582278,0.8001380158227848,0,1
0.2025812126582278,0.8119021962025316,0,1
0.2025812126582278,0.8236663765822785,0,1
0.2025812126582278,0.8354305569620253,0,1
0.2025812126582278,0.8471947373417721,0,1
0.2025812126582278,0.858958917721519,0,1
0.2025812126582278,0.8707230981012658,0,1
0.2025812126582278,0.8824872784810126,0,1
0.2025812126582278,0.8942514588607595,0,1
0.2025812126582278,0.9060156392405063,0,1
0.2025812126582278,0.9177798196202531,0,1
0.2025812126582278,0.929544,0,1
0.21514147594936703,0.00017375,0,0
0.21514147594936703,0.011937930379746836,0,0
0.21514147594936703,0.02370211075949367,0,0
0.21514147594936703,0.035466291139240505,0,0
0.21514147594936703,0.04723047151898734,0,0
0.21514147594936703,0.05899465189873418,0,0
0.21514147594936703,0.07075883227848101,0,0
0.21514147594936703,0.08252301265822785,0,0
0.21514147594936703,0.09428719303797468,0,0
0.21514147594936703,0.10605137341772151,0,0
0.21514147594936703,0.11781555379746836,0,0
0.21514147594936703,0.1295797341772152,0,0
0.21514147594936703,0.14134391455696202,0,0
0.21514147594936703,0.15310809493670885,0,0
0.21514147594936703,0.1648722753164557,0,0
0.21514147594936703,0.17663645569620254,0,0
0.21514147594936703,0.18840063607594937,0,0
0.21514147594936703,0.2001648164556962,0,0
0.21514147594936703,0.21192899683544303,0,0
0.21514147594936703,0.2236931772151899,0,0
0.21514147594936703,0.23545735759493672,0,0
0.21514147594936703,0.24722153797468355,0,0
0.21514147594936703,0.25898571835443035,0,0
0.21514147594936703,0.2707498987341772,0,0
0.21514147594936703,0.282514079113924,0,0
0.21514147594936703,0.29427825949367087,0,0
0.21514147594936703,0.30604243987341767,0,0
0.21514147594936703,0.31780662025316453,0,0
0.21514147594936703,0.3295708006329114,0,0
0.21514147594936703,0.3413349810126582,0,0
0.21514147594936703,0.35309916139240505,0,1
0.21514147594936703,0.36486334177215185,0,1
0.21514147594936703,0.3766275221518987,0,1
0.21514147594936703,0.38839170253164557,0,1
0.21514147594936703,0.40015588291139237,0,1
0.21514147594936703,0.4119200632911392,0,1
0.21514147594936703,0.42368424367088603,0,1
0.21514147594936703,0.4354484240506329,0,1
0.21514147594936703,0.44721260443037975,0,1
0.21514147594936703,0.45897678481012655,0,1
0.21514147594936703,0.4707409651898734,0,1
0.21514147594936703,0.4825051455696202,0,1
0.21514147594936703,0.49426932594936707,0,1
0.21514147594936703,0.5060335063291139,0,1
0.21514147594936703,0.5177976867088607,0,1
0.21514147594936703,0.5295618670886075,0,1
0.21514147594936703,0.5413260474683544,0,1
0.21514147594936703,0.5530902278481012,0,1
0.21514147594936703,0.564854408227848,0,1
0.21514147594936703,0.576618588607595,0,1
0.21514147594936703,0.5883827689873418,0,1
0.21514147594936703,0.6001469493670886,0,1
0.21514147594936703,0.6119111297468354,0,1
0.21514147594936703,0.6236753101265823,0,1
0.21514147594936703,0.6354394905063291,0,1
0.21514147594936703,0.6472036708860759,0,1
0.21514147594936703,0.6589678512658228,0,1
0.21514147594936703,0.6707320316455696,0,1
0.21514147594936703,0.6824962120253164,0,1
0.21514147594936703,0.6942603924050633,0,1
0.21514147594936703,0.7060245727848101,0,1
0.21514147594936703,0.7177887531645569,0,1
0.21514147594936703,0.7295529335443037,0,1
0.21514147594936703,0.7413171139240506,0,1
0.21514147594936703,0.7530812943037974,0,1
0.21514147594936703,0.7648454746835442,0,1
0.21514147594936703,0.7766096550632912,0,1
0.21514147594936703,0.788373835443038,0,1
0.21514147594936703,0.8001380158227848,0,1
0.21514147594936703,0.8119021962025316,0,1
0.21514147594936703,0.8236663765822785,0,1
0.21514147594936703,0.8354305569620253,0,1
0.21514147594936703,0.8471947373417721,0,1
0.21514147594936703,0.858958917721519,0,1
0.21514147594936703,0.8707230981012658,0,1
0.21514147594936703,0.8824872784810126,0,1
0.21514147594936703,0.8942514588607595,0,1
0.21514147594936703,0.9060156392405063,0,1
0.21514147594936703,0.9177798196202531,0,1
0.21514147594936703,0.929544,0,1
0.22770173924050627,0.00017375,0,0
0.22770173924050627,0.011937930379746836,0,0
0.22770173924050627,0.02370211075949367,0,0
0.22770173924050627,0.035466291139240505,0,0
0.22770173924050627,0.04723047151898734,0,0
0.22770173924050627,0.05899465189873418,0,0
0.22770173924050627,0.07075883227848101,0,0
0.22770173924050627,0.08252301265822785,0,0
0.22770173924050627,0.09428719303797468,0,0
0.22770173924050627,0.10605137341772151,0,0
0.22770173924050627,0.11781555379746836,0,0
0.22770173924050627,0.1295797341772152,0,0
0.22770173924050627,0.14134391455696202,0,0
0.22770173924050627,0.15310809493670885,0,0
0.22770173924050627,0.1648722753164557,0,0
0.22770173924050627,0.17663645569620254,0,0
0.22770173924050627,0.18840063607594937,0,0
0.22770173924050627,0.2001648164556962,0,0
0.22770173924050627,0.21192899683544303,0,0
0.22770173924050627,0.2236931772151899,0,0
0.22770173924050627,0.23545735759493672,0,0
0.22770173924050627,0.24722153797468355,0,0
0.22770173924050627,0.25898571835443035,0,0
0.22770173924050627,0.2707498987341772,0,0
0.22770173924050627,0.282514079113924,0,0
0.22770173924050627,0.29427825949367087,0,0
0.22770173924050627,0.30604243987341767,0,0
0.22770173924050627,0.31780662025316453,0,0
0.22770173924050627,0.3295708006329114,0,0
0.22770173924050627,0.3413349810126582,0,0
0.22770173924050627,0.35309916139240505,0,1
0.22770173924050627,0.36486334177215185,0,1
0.22770173924050627,0.3766275221518987,0,1
0.22770173924050627,0.38839170253164557,0,1
0.22770173924050627,0.40015588291139237,0,1
0.22770173924050627,0.4119200632911392,0,1
0.22770173924050627,0.42368424367088603,0,1
0.22770173924050627,0.4354484240506329,0,1
0.22770173924050627,0.44721260443037975,0,1
0.22770173924050627,0.45897678481012655,0,1
0.22770173924050627,0.4707409651898734,0,1
0.22770173924050627,0.4825051455696202,0,1
0.22770173924050627,0.49426932594936707,0,1
0.22770173924050627,0.5060335063291139,0,1
0.22770173924050627,0.5177976867088607,0,1
0.22770173924050627,0.5295618670886075,0,1
0.22770173924050627,0.5413260474683544,0,1
0.22770173924050627,0.5530902278481012,0,1
0.22770173924050627,0.564854408227848,0,1
0.22770173924050627,0.576618588607595,0,1
0.22770173924050627,0.5883827689873418,0,1
0.22770173924050627,0.6001469493670886,0,1
0.22770173924050627,0.6119111297468354,0,1
0.22770173924050627,0.6236753101265823,0,1
0.22770173924050627,0.6354394905063291,0,1
0.22770173924050627,0.6472036708860759,0,1
0.22770173924050627,0.6589678512658228,0,1
0.22770173924050627,0.6707320316455696,0,1
0.22770173924050627,0.6824962120253164,0,1
0.22770173924050627,0.6942603924050633,0,1
0.22770173924050627,0.7060245727848101,0,1
0.22770173924050627,0.7177887531645569,0,1
0.22770173924050627,0.7295529335443037,0,1
0.22770173924050627,0.7413171139240506,0,1
0.22770173924050627,0.7530812943037974,0,1
0.22770173924050627,0.7648454746835442,0,1
0.22770173924050627,0.7766096550632912,0,1
0.22770173924050627,0.788373835443038,0,1
0.22770173924050627,0.8001380158227848,0,1
0.22770173924050627,0.8119021962025316,0,1
0.22770173924050627,0.8236663765822785,0,1
0.22770173924050627,0.8354305569620253,0,1
0.22770173924050627,0.8471947373417721,0,1
0.22770173924050627,0.858958917721519,0,1
0.22770173924050627,0.8707230981012658,0,1
0.22770173924050627,0.8824872784810126,0,1
0.22770173924050627,0.8942514588607595,0,1
0.22770173924050627,0.9060156392405063,0,1
0.22770173924050627,0.9177798196202531,0,1
0.22770173924050627,0.929544,0,1
0.2402620025316455,0.00017375,0,0
0.2402620025316455,0.011937930379746836,0,0
0.2402620025316455,0.02370211075949367,0,0
0.2402620025316455,0.035466291139240505,0,0
0.2402620025316455,0.04723047151898734,0,0
0.2402620025316455,0.05899465189873418,0,0
0.2402620025316455,0.07075883227848101,0,0
0.2402620025316455,0.08252301265822785,0,0
0.2402620025316455,0.09428719303797468,0,0
0.2402620025316455,0.10605137341772151,0,0
0.2402620025316455,0.11781555379746836,0,0
0.2402620025316455,0.1295797341772152,0,0
0.2402620025316455,0.14134391455696202,0,0
0.2402620025316455,0.15310809493670885,0,0
0.2402620025316455,0.1648722753164557,0,0
0.2402620025316455,0.17663645569620254,0,0
0.2402620025316455,0.18840063607594937,0,0
0.2402620025316455,0.2001648164556962,0,0
0.2402620025316455,0.21192899683544303,0,0
0.2402620025316455,0.2236931772151899,0,0
0.2402620025316455,0.23545735759493672,0,0
0.2402620025316455,0.24722153797468355,0,0
0.2402620025316455,0.25898571835443035,0,0
0.2402620025316455,0.2707498987341772,0,0
0.2402620025316455,0.282514079113924,0,0
0.2402620025316455,0.29427825949367087,0,0
0.2402620025316455,0.30604243987341767,0,0
0.2402620025316455,0.31780662025316453,0,0
0.2402620025316455,0.3295708006329114,0,0
0.2402620025316455,0.3413349810126582,0,0
0.2402620025316455,0.35309916139240505,0,1
0.2402620025316455,0.36486334177215185,0,1
0.2402620025316455,0.3766275221518987,0,1
0.2402620025316455,0.38839170253164557,0,1
0.2402620025316455,0.40015588291139237,0,1
0.2402620025316455,0.4119200632911392,0,1
0.2402620025316455,0.42368424367088603,0,1
0.2402620025316455,0.4354484240506329,0,1
0.2402620025316455,0.44721260443037975,0,1
0.2402620025316455,0.45897678481012655,0,1
0.2402620025316455,0.4707409651898734,0,1
0.2402620025316455,0.4825051455696202,0,1
0.2402620025316455,0.49426932594936707,0,1
0.2402620025316455,0.5060335063291139,0,1
0.2402620025316455,0.5177976867088607,0,1
0.2402620025316455,0.5295618670886075,0,1
0.2402620025316455,0.5413260474683544,0,1
0.2402620025316455,0.5530902278481012,0,1
0.2402620025316455,0.564854408227848,0,1
0.2402620025316455,0.576618588607595,0,1
0.2402620025316455,0.5883827689873418,0,1
0.2402620025316455,0.6001469493670886,0,1
0.2402620025316455,0.6119111297468354,0,1
0.2402620025316455,0.6236753101265823,0,1
0.2402620025316455,0.6354394905063291,0,1
0.2402620025316455,0.6472036708860759,0,1
0.2402620025316455,0.6589678512658228,0,1
0.2402620025316455,0.6707320316455696,0,1
0.2402620025316455,0.6824962120253164,0,1
0.2402620025316455,0.6942603924050633,0,1
0.2402620025316455,0.7060245727848101,0,1
0.2402620025316455,0.7177887531645569,0,1
0.2402620025316455,0.7295529335443037,0,1
0.2402620025316455,0.7413171139240506,0,1
0.2402620025316455,0.7530812943037974,0,1
0.2402620025316455,0.7648454746835442,0,1
0.2402620025316455,0.7766096550632912,0,1
0.2402620025316455,0.788373835443038,0,1
0.2402620025316455,0.8001380158227848,0,1
0.2402620025316455,0.8119021962025316,0,1
0.2402620025316455,0.8236663765822785,0,1
0.2402620025316455,0.8354305569620253,0,1
0.2402620025316455,0.8471947373417721,0,1
0.2402620025316455,0.858958917721519,0,1
0.2402620025316455,0.8707230981012658,0,1
0.2402620025316455,0.8824872784810126,0,1
0.2402620025316455,0.8942514588607595,0,1
0.2402620025316455,0.9060156392405063,0,1
0.2402620025316455,0.9177798196202531,0,1
0.2402620025316455,0.929544,0,1
0.2528222658227847,0.00017375,0,0
0.2528222658227847,0.011937930379746836,0,0
0.2528222658227847,0.02370211075949367,0,0
0.2528222658227847,0.035466291139240505,0,0
0.2528222658227847,0.04723047151898734,0,0
0.2528222658227847,0.05899465189873418,0,0
0.2528222658227847,0.07075883227848101,0,0
0.2528222658227847,0.08252301265822785,0,0
0.2528222658227847,0.09428719303797468,0,0
0.2528222658227847,0.10605137341772151,0,0
0.2528222658227847,0.11781555379746836,0,0
0.2528222658227847,0.1295797341772152,0,0
0.2528222658227847,0.14134391455696202,0,0
0.2528222658227847,0.15310809493670885,0,0
0.2528222658227847,0.1648722753164557,0,0
0.2528222658227847,0.17663645569620254,0,0
0.2528222658227847,0.18840063607594937,0,0
0.2528222658227847,0.2001648164556962,0,0
0.2528222658227847,0.21192899683544303,0,0
0.2528222658227847,0.2236931772151899,0,0
0.2528222658227847,0.23545735759493672,0,0
0.2528222658227847,0.24722153797468355,0,0
0.2528222658227847,0.25898571835443035,0,0
0.2528222658227847,0.2707498987341772,0,0
0.2528222658227847,0.282514079113924,0,0
0.2528222658227847,0.29427825949367087,0,0
0.2528222658227847,0.30604243987341767,0,0
0.2528222658227847,0.31780662025316453,0,0
0.2528222658227847,0.3295708006329114,0,0
0.2528222658227847,0.3413349810126582,0,0
0.2528222658227847,0.35309916139240505,0,1
0.2528222658227847,0.36486334177215185,0,1
0.2528222658227847,0.3766275221518987,0,1
0.2528222658227847,0.38839170253164557,0,1
0.2528222658227847,0.40015588291139237,0,1
0.2528222658227847,0.4119200632911392,0,1
0.2528222658227847,0.42368424367088603,0,1
0.2528222658227847,0.4354484240506329,0,1
0.2528222658227847,0.44721260443037975,0,1
0.2528222658227847,0.45897678481012655,0,1
0.2528222658227847,0.4707409651898734,0,1
0.2528222658227847,0.4825051455696202,0,1
0.2528222658227847,0.49426932594936707,0,1
0.2528222658227847,0.5060335063291139,0,1
0.2528222658227847,0.5177976867088607,0,1
0.2528222658227847,0.5295618670886075,0,1
0.2528222658227847,0.5413260474683544,0,1
0.2528222658227847,0.5530902278481012,0,1
0.2528222658227847,0.564854408227848,0,1
0.2528222658227847,0.576618588607595,0,1
0.2528222658227847,0.5883827689873418,0,1
0.2528222658227847,0.6001469493670886,0,1
0.2528222658227847,0.6119111297468354,0,1
0.2528222658227847,0.6236753101265823,0,1
0.2528222658227847,0.6354394905063291,0,1
0.2528222658227847,0.6472036708860759,0,1
0.2528222658227847,0.6589678512658228,0,1
0.2528222658227847,0.6707320316455696,0,1
0.2528222658227847,0.6824962120253164,0,1
0.2528222658227847,0.6942603924050633,0,1
0.2528222658227847,0.7060245727848101,0,1
0.2528222658227847,0.7177887531645569,0,1
0.2528222658227847,0.7295529335443037,0,1
0.2528222658227847,0.7413171139240506,0,1
0.2528222658227847,0.7530812943037974,0,1
0.2528222658227847,0.7648454746835442,0,1
0.2528222658227847,0.7766096550632912,0,1
0.2528222658227847,0.788373835443038,0,1
0.2528222658227847,0.8001380158227848,0,1
0.2528222658227847,0.8119021962025316,0,1
0.2528222658227847,0.8236663765822785,0,1
0.2528222658227847,0.8354305569620253,0,1
0.2528222658227847,0.8471947373417721,0,1
0.2528222658227847,0.858958917721519,0,1
0.2528222658227847,0.8707230981012658,0,1
0.2528222658227847,0.8824872784810126,0,1
0.2528222658227847,0.8942514588607595,0,1
0.2528222658227847,0.9060156392405063,0,1
0.2528222658227847,0.9177798196202531,0,1
0.2528222658227847,0.929544,0,1
0.26538252911392396,0.00017375,0,0
0.26538252911392396,0.011937930379746836,0,0
0.26538252911392396,0.02370211075949367,0,0
0.26538252911392396,0.035466291139240505,0,0
0.26538252911392396,0.04723047151898734,0,0
0.26538252911392396,0.05899465189873418,0,0
0.26538252911392396,0.07075883227848101,0,0
0.26538252911392396,0.08252301265822785,0,0
0.26538252911392396,0.09428719303797468,0,0
0.26538252911392396,0.10605137341772151,0,0
0.26538252911392396,0.11781555379746836,0,0
0.26538252911392396,0.1295797341772152,0,0
0.26538252911392396,0.14134391455696202,0,0
0.26538252911392396,0.15310809493670885,0,0
0.26538252911392396,0.1648722753164557,0,0
0.26538252911392396,0.17663645569620254,0,0
0.26538252911392396,0.18840063607594937,0,0
0.26538252911392396,0.2001648164556962,0,0
0.26538252911392396,0.21192899683544303,0,0
0.26538252911392396,0.2236931772151899,0,0
0.26538252911392396,0.23545735759493672,0,0
0.26538252911392396,0.24722153797468355,0,0
0.26538252911392396,0.25898571835443035,0,0
0.26538252911392396,0.2707498987341772,0,0
0.26538252911392396,0.282514079113924,0,0
0.26538252911392396,0.29427825949367087,0,0
0.26538252911392396,0.30604243987341767,0,0
0.26538252911392396,0.31780662025316453,0,0
0.26538252911392396,0.3295708006329114,0,0
0.26538252911392396,0.3413349810126582,0,0
0.26538252911392396,0.35309916139240505,0,1
0.26538252911392396,0.36486334177215185,0,1
0.26538252911392396,0.3766275221518987,0,1
0.26538252911392396,0.38839170253164557,0,1
0.26538252911392396,0.40015588291139237,0,1
0.26538252911392396,0.4119200632911392,0,1
0.26538252911392396,0.42368424367088603,0,1
0.26538252911392396,0.4354484240506329,0,1
0.26538252911392396,0.44721260443037975,0,1
0.26538252911392396,0.45897678481012655,0,1
0.26538252911392396,0.4707409651898734,0,1
0.26538252911392396,0.4825051455696202,0,1
0.26538252911392396,0.49426932594936707,0,1
0.26538252911392396,0.5060335063291139,0,1
0.26538252911392396,0.5177976867088607,0,1
0.26538252911392396,0.5295618670886075,0,1
0.26538252911392396,0.5413260474683544,0,1
0.26538252911392396,0.5530902278481012,0,1
0.26538252911392396,0.564854408227848,0,1
0.26538252911392396,0.576618588607595,0,1
0.26538252911392396,0.5883827689873418,0,1
0.26538252911392396,0.6001469493670886,0,1
0.26538252911392396,0.6119111297468354,0,1
0.26538252911392396,0.6236753101265823,0,1
0.26538252911392396,0.6354394905063291,0,1
0.26538252911392396,0.6472036708860759,0,1
0.26538252911392396,0.6589678512658228,0,1
0.26538252911392396,0.6707320316455696,0,1
0.26538252911392396,0.6824962120253164,0,1
0.26538252911392396,0.6942603924050633,0,1
0.26538252911392396,0.7060245727848101,0,1
0.26538252911392396,0.7177887531645569,0,1
0.26538252911392396,0.7295529335443037,0,1
0.26538252911392396,0.7413171139240506,0,1
0.26538252911392396,0.7530812943037974,0,1
0.26538252911392396,0.7648454746835442,0,1
0.26538252911392396,0.7766096550632912,0,1
0.26538252911392396,0.788373835443038,0,1
0.26538252911392396,0.8001380158227848,0,1
0.26538252911392396,0.8119021962025316,0,1
0.26538252911392396,0.8236663765822785,0,1
0.26538252911392396,0.8354305569620253,0,1
0.26538252911392396,0.8471947373417721,0,1
0.26538252911392396,0.858958917721519,0,1
0.26538252911392396,0.8707230981012658,0,1
0.26538252911392396,0.8824872784810126,0,1
0.26538252911392396,0.8942514588607595,0,1
0.26538252911392396,0.9060156392405063,0,1
0.26538252911392396,0.9177798196202531,0,1
0.26538252911392396,0.929544,0,1
0.2779427924050632,0.00017375,0,0
0.2779427924050632,0.011937930379746836,0,0
0.2779427924050632,0.02370211075949367,0,0
0.2779427924050632,0.035466291139240505,0,0
0.2779427924050632,0.04723047151898734,0,0
0.2779427924050632,0.05899465189873418,0,0
0.2779427924050632,0.07075883227848101,0,0
0.2779427924050632,0.08252301265822785,0,0
0.2779427924050632,0.09428719303797468,0,0
0.2779427924050632,0.10605137341772151,0,0
0.2779427924050632,0.11781555379746836,0,0
0.2779427924050632,0.1295797341772152,0,0
0.2779427924050632,0.14134391455696202,0,0
0.2779427924050632,0.15310809493670885,0,0
0.2779427924050632,0.1648722753164557,0,0
0.2779427924050632,0.17663645569620254,0,0
0.2779427924050632,0.18840063607594937,0,0
0.2779427924050632,0.2001648164556962,0,0
0.2779427924050632,0.21192899683544303,0,0
0.2779427924050632,0.2236931772151899,0,0
0.2779427924050632,0.23545735759493672,0,0
0.2779427924050632,0.24722153797468355,0,0
0.2779427924050632,0.25898571835443035,0,0
0.2779427924050632,0.2707498987341772,0,0
0.2779427924050632,0.282514079113924,0,0
0.2779427924050632,0.29427825949367087,0,0
0.2779427924050632,0.30604243987341767,0,0
0.2779427924050632,0.31780662025316453,0,0
0.2779427924050632,0.3295708006329114,0,0
0.2779427924050632,0.3413349810126582,0,0
0.2779427924050632,0.35309916139240505,0,1
0.2779427924050632,0.36486334177215185,0,1
0.2779427924050632,0.3766275221518987,0,1
0.2779427924050632,0.38839170253164557,0,1
0.2779427924050632,0.40015588291139237,0,1
0.2779427924050632,0.4119200632911392,0,1
0.2779427924050632,0.42368424367088603,0,1
0.2779427924050632,0.4354484240506329,0,1
0.2779427924050632,0.44721260443037975,0,1
0.2779427924050632,0.45897678481012655,0,1
0.2779427924050632,0.4707409651898734,0,1
0.2779427924050632,0.4825051455696202,0,1
0.2779427924050632,0.49426932594936707,0,1
0.2779427924050632,0.5060335063291139,0,1
0.2779427924050632,0.5177976867088607,0,1
0.2779427924050632,0.5295618670886075,0,1
0.2779427924050632,0.5413260474683544,0,1
0.2779427924050632,0.5530902278481012,0,1
0.2779427924050632,0.564854408227848,0,1
0.2779427924050632,0.576618588607595,0,1
0.2779427924050632,0.5883827689873418,0,1
0.2779427924050632,0.6001469493670886,0,1
0.2779427924050632,0.6119111297468354,0,1
0.2779427924050632,0.6236753101265823,0,1
0.2779427924050632,0.6354394905063291,0,1
0.2779427924050632,0.6472036708860759,0,1
0.2779427924050632,0.6589678512658228,0,1
0.2779427924050632,0.6707320316455696,0,1
0.2779427924050632,0.6824962120253164,0,1
0.2779427924050632,0.6942603924050633,0,1
0.2779427924050632,0.7060245727848101,0,1
0.2779427924050632,0.7177887531645569,0,1
0.2779427924050632,0.7295529335443037,0,1
0.2779427924050632,0.7413171139240506,0,1
0.2779427924050632,0.7530812943037974,0,1
0.2779427924050632,0.7648454746835442,0,1
0.2779427924050632,0.7766096550632912,0,1
0.2779427924050632,0.788373835443038,0,1
0.2779427924050632,0.8001380158227848,0,1
0.2779427924050632,0.8119021962025316,0,1
0.2779427924050632,0.8236663765822785,0,1
0.2779427924050632,0.8354305569620253,0,1
0.2779427924050632,0.8471947373417721,0,1
0.2779427924050632,0.858958917721519,0,1
0.2779427924050632,0.8707230981012658,0,1
0.2779427924050632,0.8824872784810126,0,1
0.2779427924050632,0.8942514588607595,0,1
0.2779427924050632,0.9060156392405063,0,1
0.2779427924050632,0.9177798196202531,0,1
0.2779427924050632,0.929544,0,1
0.29050305569620244,0.00017375,0,0
0.29050305569620244,0.011937930379746836,0,0
0.29050305569620244,0.02370211075949367,0,0
0.29050305569620244,0.035466291139240505,0,0
0.29050305569620244,0.04723047151898734,0,0
0.29050305569620244,0.05899465189873418,0,0
0.29050305569620244,0.07075883227848101,0,0
0.29050305569620244,0.08252301265822785,0,0
0.29050305569620244,0.09428719303797468,0,0
0.29050305569620244,0.10605137341772151,0,0
0.29050305569620244,0.11781555379746836,0,0
0.29050305569620244,0.1295797341772152,0,0
0.29050305569620244,0.14134391455696202,0,0
0.29050305569620244,0.15310809493670885,0,0
0.29050305569620244,0.1648722753164557,0,0
0.29050305569620244,0.17663645569620254,0,0
0.29050305569620244,0.18840063607594937,0,0
0.29050305569620244,0.2001648164556962,0,0
0.29050305569620244,0.21192899683544303,0,0
0.29050305569620244,0.2236931772151899,0,0
0.29050305569620244,0.23545735759493672,0,0
0.29050305569620244,0.24722153797468355,0,0
0.29050305569620244,0.25898571835443035,0,0
0.29050305569620244,0.2707498987341772,0,0
0.29050305569620244,0.282514079113924,0,0
0.29050305569620244,0.29427825949367087,0,0
0.29050305569620244,0.30604243987341767,0,0
0.29050305569620244,0.31780662025316453,0,0
0.29050305569620244,0.3295708006329114,0,0
0.29050305569620244,0.3413349810126582,0,0
0.29050305569620244,0.35309916139240505,0,1
0.29050305569620244,0.36486334177215185,0,1
0.29050305569620244,0.3766275221518987,0,1
0.29050305569620244,0.38839170253164557,0,1
0.29050305569620244,0.40015588291139237,0,1
0.29050305569620244,0.4119200632911392,0,1
0.29050305569620244,0.42368424367088603,0,1
0.29050305569620244,0.4354484240506329,0,1
0.29050305569620244,0.44721260443037975,0,1
0.29050305569620244,0.45897678481012655,0,1
0.29050305569620244,0.4707409651898734,0,1
0.29050305569620244,0.4825051455696202,0,1
0.29050305569620244,0.49426932594936707,0,1
0.29050305569620244,0.5060335063291139,0,1
0.29050305569620244,0.5177976867088607,0,1
0.29050305569620244,0.5295618670886075,0,1
0.29050305569620244,0.5413260474683544,0,1
0.29050305569620244,0.5530902278481012,0,1
0.29050305569620244,0.564854408227848,0,1
0.29050305569620244,0.576618588607595,0,1
0.29050305569620244,0.5883827689873418,0,1
0.29050305569620244,0.6001469493670886,0,1
0.29050305569620244,0.6119111297468354,0,1
0.29050305569620244,0.6236753101265823,0,1
0.29050305569620244,0.6354394905063291,0,1
0.29050305569620244,0.6472036708860759,0,1
0.29050305569620244,0.6589678512658228,0,1
0.29050305569620244,0.6707320316455696,0,1
0.29050305569620244,0.6824962120253164,0,1
0.29050305569620244,0.6942603924050633,0,1
0.29050305569620244,0.7060245727848101,0,1
0.29050305569620244,0.7177887531645569,0,1
0.29050305569620244,0.7295529335443037,0,1
0.29050305569620244,0.7413171139240506,0,1
0.29050305569620244,0.7530812943037974,0,1
0.29050305569620244,0.7648454746835442,0,1
0.29050305569620244,0.7766096550632912,0,1
0.29050305569620244,0.788373835443038,0,1
0.29050305569620244,0.8001380158227848,0,1
0.29050305569620244,0.8119021962025316,0,1
0.29050305569620244,0.8236663765822785,0,1
0.29050305569620244,0.8354305569620253,0,1
0.29050305569620244,0.8471947373417721,0,1
0.29050305569620244,0.858958917721519,0,1
0.29050305569620244,0.8707230981012658,0,1
0.29050305569620244,0.8824872784810126,0,1
0.29050305569620244,0.8942514588607595,0,1
0.29050305569620244,0.9060156392405063,0,1
0.29050305569620244,0.9177798196202531,0,1
0.29050305569620244,0.929544,0,1
0.3030633189873417,0.00017375,0,0
0.3030633189873417,0.011937930379746836,0,0
0.3030633189873417,0.02370211075949367,0,0
0.3030633189873417,0.035466291139240505,0,0
0.3030633189873417,0.04723047151898734,0,0
0.3030633189873417,0.05899465189873418,0,0
0.3030633189873417,0.07075883227848101,0,0
0.3030633189873417,0.08252301265822785,0,0
0.3030633189873417,0.09428719303797468,0,0
0.3030633189873417,0.10605137341772151,0,0
0.3030633189873417,0.11781555379746836,0,0
0.3030633189873417,0.1295797341772152,0,0
0.3030633189873417,0.14134391455696202,0,0
0.3030633189873417,0.15310809493670885,0,0
0.3030633189873417,0.1648722753164557,0,0
0.3030633189873417,0.17663645569620254,0,0
0.3030633189873417,0.18840063607594937,0,0
0.3030633189873417,0.2001648164556962,0,0
0.3030633189873417,0.21192899683544303,0,0
0.3030633189873417,0.2236931772151899,0,0
0.3030633189873417,0.23545735759493672,0,0
0.3030633189873417,0.24722153797468355,0,0
0.3030633189873417,0.25898571835443035,0,0
0.3030633189873417,0.2707498987341772,0,0
0.3030633189873417,0.282514079113924,0,0
0.3030633189873417,0.29427825949367087,0,0
0.3030633189873417,0.30604243987341767,0,0
0.3030633189873417,0.31780662025316453,0,0
0.3030633189873417,0.3295708006329114,0,0
0.3030633189873417,0.3413349810126582,0,0
0.3030633189873417,0.35309916139240505,0,1
0.3030633189873417,0.36486334177215185,0,1
0.3030633189873417,0.3766275221518987,0,1
0.3030633189873417,0.38839170253164557,0,1
0.3030633189873417,0.40015588291139237,0,1
0.3030633189873417,0.4119200632911392,0,1
0.3030633189873417,0.42368424367088603,0,1
0.3030633189873417,0.4354484240506329,0,1
0.3030633189873417,0.44721260443037975,0,1
0.3030633189873417,0.45897678481012655,0,1
0.3030633189873417,0.4707409651898734,0,1
0.3030633189873417,0.4825051455696202,0,1
0.3030633189873417,0.49426932594936707,0,1
0.3030633189873417,0.5060335063291139,0,1
0.3030633189873417,0.5177976867088607,0,1
0.3030633189873417,0.5295618670886075,0,1
0.3030633189873417,0.5413260474683544,0,1
0.3030633189873417,0.5530902278481012,0,1
0.3030633189873417,0.564854408227848,0,1
0.3030633189873417,0.576618588607595,0,1
0.3030633189873417,0.5883827689873418,0,1
0.3030633189873417,0.6001469493670886,0,1
0.3030633189873417,0.6119111297468354,0,1
0.3030633189873417,0.6236753101265823,0,1
0.3030633189873417,0.6354394905063291,0,1
0.3030633189873417,0.6472036708860759,0,1
0.3030633189873417,0.6589678512658228,0,1
0.3030633189873417,0.6707320316455696,0,1
0.3030633189873417,0.6824962120253164,0,1
0.3030633189873417,0.6942603924050633,0,1
0.3030633189873417,0.7060245727848101,0,1
0.3030633189873417,0.7177887531645569,0,1
0.3030633189873417,0.7295529335443037,0,1
0.3030633189873417,0.7413171139240506,0,1
0.3030633189873417,0.7530812943037974,0,1
0.3030633189873417,0.7648454746835442,0,1
0.3030633189873417,0.7766096550632912,0,1
0.3030633189873417,0.788373835443038,0,1
0.3030633189873417,0.8001380158227848,0,1
0.3030633189873417,0.8119021962025316,0,1
0.3030633189873417,0.8236663765822785,0,1
0.3030633189873417,0.8354305569620253,0,1
0.3030633189873417,0.8471947373417721,0,1
0.3030633189873417,0.858958917721519,0,1
0.3030633189873417,0.8707230981012658,0,1
0.3030633189873417,0.8824872784810126,0,1
0.3030633189873417,0.8942514588607595,0,1
0.3030633189873417,0.9060156392405063,0,1
0.3030633189873417,0.9177798196202531,0,1
0.3030633189873417,0.929544,0,1
0.3156235822784809,0.00017375,0,0
0.3156235822784809,0.011937930379746836,0,0
0.3156235822784809,0.02370211075949367,0,0
0.3156235822784809,0.035466291139240505,0,0
0.3156235822784809,0.04723047151898734,0,0
0.3156235822784809,0.05899465189873418,0,0
0.3156235822784809,0.07075883227848101,0,0
0.3156235822784809,0.08252301265822785,0,0
0.3156235822784809,0.09428719303797468,0,0
0.3156235822784809,0.10605137341772151,0,0
0.3156235822784809,0.11781555379746836,0,0
0.3156235822784809,0.1295797341772152,0,0
0.3156235822784809,0.14134391455696202,0,0
0.3156235822784809,0.15310809493670885,0,0
0.3156235822784809,0.1648722753164557,0,0
0.3156235822784809,0.17663645569620254,0,0
0.3156235822784809,0.18840063607594937,0,0
0.3156235822784809,0.2001648164556962,0,0
0.3156235822784809,0.21192899683544303,0,0
0.3156235822784809,0.2236931772151899,0,0
0.3156235822784809,0.23545735759493672,0,0
0.3156235822784809,0.24722153797468355,0,0
0.3156235822784809,0.25898571835443035,0,0
0.3156235822784809,0.2707498987341772,0,0
0.3156235822784809,0.282514079113924,0,0
0.3156235822784809,0.29427825949367087,0,0
0.3156235822784809,0.30604243987341767,0,0
0.3156235822784809,0.31780662025316453,0,0
0.3156235822784809,0.3295708006329114,0,0
0.3156235822784809,0.3413349810126582,0,0
0.3156235822784809,0.35309916139240505,0,1
0.3156235822784809,0.36486334177215185,0,1
0.3156235822784809,0.3766275221518987,0,1
0.3156235822784809,0.38839170253164557,0,1
0.3156235822784809,0.40015588291139237,0,1
0.3156235822784809,0.4119200632911392,0,1
0.3156235822784809,0.42368424367088603,0,1
0.3156235822784809,0.4354484240506329,0,1
0.3156235822784809,0.44721260443037975,0,1
0.3156235822784809,0.45897678481012655,0,1
0.3156235822784809,0.4707409651898734,0,1
0.3156235822784809,0.4825051455696202,0,1
0.3156235822784809,0.49426932594936707,0,1
0.3156235822784809,0.5060335063291139,0,1
0.3156235822784809,0.5177976867088607,0,1
0.3156235822784809,0.5295618670886075,0,1
0.3156235822784809,0.5413260474683544,0,1
0.3156235822784809,0.5530902278481012,0,1
0.3156235822784809,0.564854408227848,0,1
0.3156235822784809,0.576618588607595,0,1
0.3156235822784809,0.5883827689873418,0,1
0.3156235822784809,0.6001469493670886,0,1
0.3156235822784809,0.6119111297468354,0,1
0.3156235822784809,0.6236753101265823,0,1
0.3156235822784809,0.6354394905063291,0,1
0.3156235822784809,0.6472036708860759,0,1
0.3156235822784809,0.6589678512658228,0,1
0.3156235822784809,0.6707320316455696,0,1
0.3156235822784809,0.6824962120253164,0,1
0.3156235822784809,0.6942603924050633,0,1
0.3156235822784809,0.7060245727848101,0,1
0.3156235822784809,0.7177887531645569,0,1
0.3156235822784809,0.7295529335443037,0,1
0.3156235822784809,0.7413171139240506,0,1
0.3156235822784809,0.7530812943037974,0,1
0.3156235822784809,0.7648454746835442,0,1
0.3156235822784809,0.7766096550632912,0,1
0.3156235822784809,0.788373835443038,0,1
0.3156235822784809,0.8001380158227848,0,1
0.3156235822784809,0.8119021962025316,0,1
0.3156235822784809,0.8236663765822785,0,1
0.3156235822784809,0.8354305569620253,0,1
0.3156235822784809,0.8471947373417721,0,1
0.3156235822784809,0.858958917721519,0,1
0.3156235822784809,0.8707230981012658,0,1
0.3156235822784809,0.8824872784810126,0,1
0.3156235822784809,0.8942514588607595,0,1
0.3156235822784809,0.9060156392405063,0,1
0.3156235822784809,0.9177798196202531,0,1
0.3156235822784809,0.929544,0,1
0.32818384556962016,0.00017375,0,0
0.32818384556962016,0.011937930379746836,0,0
0.32818384556962016,0.02370211075949367,0,0
0.32818384556962016,0.035466291139240505,0,0
0.32818384556962016,0.04723047151898734,0,0
0.32818384556962016,0.05899465189873418,0,0
0.32818384556962016,0.07075883227848101,0,0
0.32818384556962016,0.08252301265822785,0,0
0.32818384556962016,0.09428719303797468,0,0
0.32818384556962016,0.10605137341772151,0,0
0.32818384556962016,0.11781555379746836,0,0
0.32818384556962016,0.1295797341772152,0,0
0.32818384556962016,0.14134391455696202,0,0
0.32818384556962016,0.15310809493670885,0,0
0.32818384556962016,0.1648722753164557,0,0
0.32818384556962016,0.17663645569620254,0,0
0.32818384556962016,0.18840063607594937,0,0
0.32818384556962016,0.2001648164556962,0,0
0.32818384556962016,0.21192899683544303,0,0
0.32818384556962016,0.2236931772151899,0,0
0.32818384556962016,0.23545735759493672,0,0
0.32818384556962016,0.24722153797468355,0,0
0.32818384556962016,0.25898571835443035,0,0
0.32818384556962016,0.2707498987341772,0,0
0.32818384556962016,0.282514079113924,0,0
0.32818384556962016,0.29427825949367087,0,0
0.32818384556962016,0.30604243987341767,0,0
0.32818384556962016,0.31780662025316453,0,0
0.32818384556962016,0.3295708006329114,0,0
0.32818384556962016,0.3413349810126582,0,0
0.32818384556962016,0.35309916139240505,0,1
0.32818384556962016,0.36486334177215185,0,1
0.32818384556962016,0.3766275221518987,0,1
0.32818384556962016,0.38839170253164557,0,1
0.32818384556962016,0.40015588291139237,0,1
0.32818384556962016,0.4119200632911392,0,1
0.32818384556962016,0.42368424367088603,0,1
0.32818384556962016,0.4354484240506329,0,1
0.32818384556962016,0.44721260443037975,0,1
0.32818384556962016,0.45897678481012655,0,1
0.32818384556962016,0.4707409651898734,0,1
0.32818384556962016,0.4825051455696202,0,1
0.32818384556962016,0.49426932594936707,0,1
0.32818384556962016,0.5060335063291139,0,1
0.32818384556962016,0.5177976867088607,0,1
0.32818384556962016,0.5295618670886075,0,1
0.32818384556962016,0.5413260474683544,0,1
0.32818384556962016,0.5530902278481012,0,1
0.32818384556962016,0.564854408227848,0,1
0.32818384556962016,0.576618588607595,0,1
0.32818384556962016,0.5883827689873418,0,1
0.32818384556962016,0.6001469493670886,0,1
0.32818384556962016,0.6119111297468354,0,1
0.32818384556962016,0.6236753101265823,0,1
0.32818384556962016,0.6354394905063291,0,1
0.32818384556962016,0.6472036708860759,0,1
0.32818384556962016,0.6589678512658228,0,1
0.32818384556962016,0.6707320316455696,0,1
0.32818384556962016,0.6824962120253164,0,1
0.32818384556962016,0.6942603924050633,0,1
0.32818384556962016,0.7060245727848101,0,1
0.32818384556962016,0.7177887531645569,0,1
0.32818384556962016,0.7295529335443037,0,1
0.32818384556962016,0.7413171139240506,0,1
0.32818384556962016,0.7530812943037974,0,1
0.32818384556962016,0.7648454746835442,0,1
0.32818384556962016,0.7766096550632912,0,1
0.32818384556962016,0.788373835443038,0,1
0.32818384556962016,0.8001380158227848,0,1
0.32818384556962016,0.8119021962025316,0,1
0.32818384556962016,0.8236663765822785,0,1
0.32818384556962016,0.8354305569620253,0,1
0.32818384556962016,0.8471947373417721,0,1
0.32818384556962016,0.858958917721519,0,1
0.32818384556962016,0.8707230981012658,0,1
0.32818384556962016,0.8824872784810126,0,1
0.32818384556962016,0.8942514588607595,0,1
0.32818384556962016,0.9060156392405063,0,1
0.32818384556962016,0.9177798196202531,0,1
0.32818384556962016,0.929544,0,1
0.3407441088607594,0.00017375,0,0
0.3407441088607594,0.011937930379746836,0,0
0.3407441088607594,0.02370211075949367,0,0
0.3407441088607594,0.035466291139240505,0,0
0.3407441088607594,0.04723047151898734,0,0
0.3407441088607594,0.05899465189873418,0,0
0.3407441088607594,0.07075883227848101,0,0
0.3407441088607594,0.08252301265822785,0,0
0.3407441088607594,0.09428719303797468,0,0
0.3407441088607594,0.10605137341772151,0,0
0.3407441088607594,0.11781555379746836,0,0
0.3407441088607594,0.1295797341772152,0,0
0.3407441088607594,0.14134391455696202,0,0
0.3407441088607594,0.15310809493670885,0,0
0.3407441088607594,0.1648722753164557,0,0
0.3407441088607594,0.17663645569620254,0,0
0.3407441088607594,0.18840063607594937,0,0
0.3407441088607594,0.2001648164556962,0,0
0.3407441088607594,0.21192899683544303,0,0
0.3407441088607594,0.2236931772151899,0,0
0.3407441088607594,0.23545735759493672,0,0
0.3407441088607594,0.24722153797468355,0,0
0.3407441088607594,0.25898571835443035,0,0
0.3407441088607594,0.2707498987341772,0,0
0.3407441088607594,0.282514079113924,0,0
0.3407441088607594,0.29427825949367087,0,0
0.3407441088607594,0.30604243987341767,0,0
0.3407441088607594,0.31780662025316453,0,0
0.3407441088607594,0.3295708006329114,0,0
0.3407441088607594,0.3413349810126582,0,0
0.3407441088607594,0.35309916139240505,0,1
0.3407441088607594,0.36486334177215185,0,1
0.3407441088607594,0.3766275221518987,0,1
0.3407441088607594,0.38839170253164557,0,1
0.3407441088607594,0.40015588291139237,0,1
0.3407441088607594,0.4119200632911392,0,1
0.3407441088607594,0.42368424367088603,0,1
0.3407441088607594,0.4354484240506329,0,1
0.3407441088607594,0.44721260443037975,0,1
0.3407441088607594,0.45897678481012655,0,1
0.3407441088607594,0.4707409651898734,0,1
0.3407441088607594,0.4825051455696202,0,1
0.3407441088607594,0.49426932594936707,0,1
0.3407441088607594,0.5060335063291139,0,1
0.3407441088607594,0.5177976867088607,0,1
0.3407441088607594,0.5295618670886075,0,1
0.3407441088607594,0.5413260474683544,0,1
0.3407441088607594,0.5530902278481012,0,1
0.3407441088607594,0.564854408227848,0,1
0.3407441088607594,0.576618588607595,0,1
0.3407441088607594,0.5883827689873418,0,1
0.3407441088607594,0.6001469493670886,0,1
0.3407441088607594,0.6119111297468354,0,1
0.3407441088607594,0.6236753101265823,0,1
0.3407441088607594,0.6354394905063291,0,1
0.3407441088607594,0.6472036708860759,0,1
0.3407441088607594,0.6589678512658228,0,1
0.3407441088607594,0.6707320316455696,0,1
0.3407441088607594,0.6824962120253164,0,1
0.3407441088607594,0.6942603924050633,0,1
0.3407441088607594,0.7060245727848101,0,1
0.3407441088607594,0.7177887531645569,0,1
0.3407441088607594,0.7295529335443037,0,1
0.3407441088607594,0.7413171139240506,0,1
0.3407441088607594,0.7530812943037974,0,1
0.3407441088607594,0.7648454746835442,0,1
0.3407441088607594,0.7766096550632912,0,1
0.3407441088607594,0.788373835443038,0,1
0.3407441088607594,0.8001380158227848,0,1
0.3407441088607594,0.8119021962025316,0,1
0.3407441088607594,0.8236663765822785,0,1
0.3407441088607594,0.8354305569620253,0,1
0.3407441088607594,0.8471947373417721,0,1
0.3407441088607594,0.858958917721519,0,1
0.3407441088607594,0.8707230981012658,0,1
0.3407441088607594,0.8824872784810126,0,1
0.3407441088607594,0.8942514588607595,0,1
0.3407441088607594,0.9060156392405063,0,1
0.3407441088607594,0.9177798196202531,0,1
0.3407441088607594,0.929544,0,1
0.35330437215189864,0.00017375,0,0
0.35330437215189864,0.011937930379746836,0,0
0.35330437215189864,0.02370211075949367,0,0
0.35330437215189864,0.035466291139240505,0,0
0.35330437215189864,0.04723047151898734,0,0
0.35330437215189864,0.05899465189873418,0,0
0.35330437215189864,0.07075883227848101,0,0
0.35330437215189864,0.08252301265822785,0,0
0.35330437215189864,0.09428719303797468,0,0
0.35330437215189864,0.10605137341772151,0,0
0.35330437215189864,0.11781555379746836,0,0
0.35330437215189864,0.1295797341772152,0,0
0.35330437215189864,0.14134391455696202,0,0
0.35330437215189864,0.15310809493670885,0,0
0.35330437215189864,0.1648722753164557,0,0
0.35330437215189864,0.17663645569620254,0,0
0.35330437215189864,0.18840063607594937,0,0
0.35330437215189864,0.2001648164556962,0,0
0.35330437215189864,0.21192899683544303,0,0
0.35330437215189864,0.2236931772151899,0,0
0.35330437215189864,0.23545735759493672,0,0
0.35330437215189864,0.24722153797468355,0,0
0.35330437215189864,0.25898571835443035,0,0
0.35330437215189864,0.2707498987341772,0,0
0.35330437215189864,0.282514079113924,0,0
0.35330437215189864,0.29427825949367087,0,0
0.35330437215189864,0.30604243987341767,0,0
0.35330437215189864,0.31780662025316453,0,0
0.35330437215189864,0.3295708006329114,0,0
0.35330437215189864,0.3413349810126582,0,0
0.35330437215189864,0.35309916139240505,0,1
0.35330437215189864,0.36486334177215185,0,1
0.35330437215189864,0.3766275221518987,0,1
0.35330437215189864,0.38839170253164557,0,1
0.35330437215189864,0.40015588291139237,0,1
0.35330437215189864,0.4119200632911392,0,1
0.35330437215189864,0.42368424367088603,0,1
0.35330437215189864,0.4354484240506329,0,1
0.35330437215189864,0.44721260443037975,0,1
0.35330437215189864,0.45897678481012655,0,1
0.35330437215189864,0.4707409651898734,0,1
0.35330437215189864,0.4825051455696202,0,1
0.35330437215189864,0.49426932594936707,0,1
0.35330437215189864,0.5060335063291139,0,1
0.35330437215189864,0.5177976867088607,0,1
0.35330437215189864,0.5295618670886075,0,1
0.35330437215189864,0.5413260474683544,0,1
0.35330437215189864,0.5530902278481012,0,1
0.35330437215189864,0.564854408227848,0,1
0.35330437215189864,0.576618588607595,0,1
0.35330437215189864,0.5883827689873418,0,1
0.35330437215189864,0.6001469493670886,0,1
0.35330437215189864,0.6119111297468354,0,1
0.35330437215189864,0.6236753101265823,0,1
0.35330437215189864,0.6354394905063291,0,1
0.35330437215189864,0.6472036708860759,0,1
0.35330437215189864,0.6589678512658228,0,1
0.35330437215189864,0.6707320316455696,0,1
0.35330437215189864,0.6824962120253164,0,1
0.35330437215189864,0.6942603924050633,0,1
0.35330437215189864,0.7060245727848101,0,1
0.35330437215189864,0.7177887531645569,0,1
0.35330437215189864,0.7295529335443037,0,1
0.35330437215189864,0.7413171139240506,0,1
0.35330437215189864,0.7530812943037974,0,1
0.35330437215189864,0.7648454746835442,0,1
0.35330437215189864,0.7766096550632912,0,1
0.35330437215189864,0.788373835443038,0,1
0.35330437215189864,0.8001380158227848,0,1
0.35330437215189864,0.8119021962025316,0,1
0.35330437215189864,0.8236663765822785,0,1
0.35330437215189864,0.8354305569620253,0,1
0.35330437215189864,0.8471947373417721,0,1
0.35330437215189864,0.858958917721519,0,1
0.35330437215189864,0.8707230981012658,0,1
0.35330437215189864,0.8824872784810126,0,1
0.35330437215189864,0.8942514588607595,0,1
0.35330437215189864,0.9060156392405063,0,1
0.35330437215189864,0.9177798196202531,0,1
0.35330437215189864,0.929544,0,1
0.3658646354430379,0.00017375,0,0
0.3658646354430379,0.011937930379746836,0,0
0.3658646354430379,0.02370211075949367,0,0
0.3658646354430379,0.035466291139240505,0,0
0.3658646354430379,0.04723047151898734,0,0
0.3658646354430379,0.05899465189873418,0,0
0.3658646354430379,0.07075883227848101,0,0
0.3658646354430379,0.08252301265822785,0,0
0.3658646354430379,0.09428719303797468,0,0
0.3658646354430379,0.10605137341772151,0,0
0.3658646354430379,0.11781555379746836,0,0
0.3658646354430379,0.1295797341772152,0,0
0.3658646354430379,0.14134391455696202,0,0
0.3658646354430379,0.15310809493670885,0,0
0.3658646354430379,0.1648722753164557,0,0
0.3658646354430379,0.17663645569620254,0,0
0.3658646354430379,0.18840063607594937,0,0
0.3658646354430379,0.2001648164556962,0,0
0.3658646354430379,0.21192899683544303,0,0
0.3658646354430379,0.2236931772151899,0,0
0.3658646354430379,0.23545735759493672,0,0
0.3658646354430379,0.24722153797468355,0,0
0.3658646354430379,0.25898571835443035,0,0
0.3658646354430379,0.2707498987341772,0,0
0.3658646354430379,0.282514079113924,0,0
0.3658646354430379,0.29427825949367087,0,0
0.3658646354430379,0.30604243987341767,0,0
0.3658646354430379,0.31780662025316453,0,0
0.3658646354430379,0.3295708006329114,0,0
0.3658646354430379,0.3413349810126582,0,0
0.3658646354430379,0.35309916139240505,0,1
0.3658646354430379,0.36486334177215185,0,1
0.3658646354430379,0.3766275221518987,0,1
0.3658646354430379,0.38839170253164557,0,1
0.3658646354430379,0.40015588291139237,0,1
0.3658646354430379,0.4119200632911392,0,1
0.3658646354430379,0.42368424367088603,0,1
0.3658646354430379,0.4354484240506329,0,1
0.3658646354430379,0.44721260443037975,0,1
0.3658646354430379,0.45897678481012655,0,1
0.3658646354430379,0.4707409651898734,0,1
0.3658646354430379,0.4825051455696202,0,1
0.3658646354430379,0.49426932594936707,0,1
0.3658646354430379,0.5060335063291139,0,1
0.3658646354430379,0.5177976867088607,0,1
0.3658646354430379,0.5295618670886075,0,1
0.3658646354430379,0.5413260474683544,0,1
0.3658646354430379,0.5530902278481012,0,1
0.3658646354430379,0.564854408227848,0,1
0.3658646354430379,0.576618588607595,0,1
0.3658646354430379,0.5883827689873418,0,1
0.3658646354430379,0.6001469493670886,0,1
0.3658646354430379,0.6119111297468354,0,1
0.3658646354430379,0.6236753101265823,0,1
0.3658646354430379,0.6354394905063291,0,1
0.3658646354430379,0.6472036708860759,0,1
0.3658646354430379,0.6589678512658228,0,1
0.3658646354430379,0.6707320316455696,0,1
0.3658646354430379,0.6824962120253164,0,1
0.3658646354430379,0.6942603924050633,0,1
0.3658646354430379,0.7060245727848101,0,1
0.3658646354430379,0.7177887531645569,0,1
0.3658646354430379,0.7295529335443037,0,1
0.3658646354430379,0.7413171139240506,0,1
0.3658646354430379,0.7530812943037974,0,1
0.3658646354430379,0.7648454746835442,0,1
0.3658646354430379,0.7766096550632912,0,1
0.3658646354430379,0.788373835443038,0,1
0.3658646354430379,0.8001380158227848,0,1
0.3658646354430379,0.8119021962025316,0,1
0.3658646354430379,0.8236663765822785,0,1
0.3658646354430379,0.8354305569620253,0,1
0.3658646354430379,0.8471947373417721,0,1
0.3658646354430379,0.858958917721519,0,1
0.3658646354430379,0.8707230981012658,0,1
0.3658646354430379,0.8824872784810126,0,1
0.3658646354430379,0.8942514588607595,0,1
0.3658646354430379,0.9060156392405063,0,1
0.3658646354430379,0.9177798196202531,0,1
0.3658646354430379,0.929544,0,1
0.3784248987341771,0.00017375,0,0
0.3784248987341771,0.011937930379746836,0,0
0.3784248987341771,0.02370211075949367,0,0
0.3784248987341771,0.035466291139240505,0,0
0.3784248987341771,0.04723047151898734,0,0
0.3784248987341771,0.05899465189873418,0,0
0.3784248987341771,0.07075883227848101,0,0
0.3784248987341771,0.08252301265822785,0,0
0.3784248987341771,0.09428719303797468,0,0
0.3784248987341771,0.10605137341772151,0,0
0.3784248987341771,0.11781555379746836,0,0
0.3784248987341771,0.1295797341772152,0,0
0.3784248987341771,0.14134391455696202,0,0
0.3784248987341771,0.15310809493670885,0,0
0.3784248987341771,0.1648722753164557,0,0
0.3784248987341771,0.17663645569620254,0,0
0.3784248987341771,0.18840063607594937,0,0
0.3784248987341771,0.2001648164556962,0,0
0.3784248987341771,0.21192899683544303,0,0
0.3784248987341771,0.2236931772151899,0,0
0.3784248987341771,0.23545735759493672,0,0
0.3784248987341771,0.24722153797468355,0,0
0.3784248987341771,0.25898571835443035,0,0
0.3784248987341771,0.2707498987341772,0,0
0.3784248987341771,0.282514079113924,0,0
0.3784248987341771,0.29427825949367087,0,0
0.3784248987341771,0.30604243987341767,0,0
0.3784248987341771,0.31780662025316453,0,0
0.3784248987341771,0.3295708006329114,0,0
0.3784248987341771,0.3413349810126582,0,0
0.3784248987341771,0.35309916139240505,0,1
0.3784248987341771,0.36486334177215185,0,1
0.3784248987341771,0.3766275221518987,0,1
0.3784248987341771,0.38839170253164557,0,1
0.3784248987341771,0.40015588291139237,0,1
0.3784248987341771,0.4119200632911392,0,1
0.3784248987341771,0.42368424367088603,0,1
0.3784248987341771,0.4354484240506329,0,1
0.3784248987341771,0.44721260443037975,0,1
0.3784248987341771,0.45897678481012655,0,1
0.3784248987341771,0.4707409651898734,0,1
0.3784248987341771,0.4825051455696202,0,1
0.3784248987341771,0.49426932594936707,0,1
0.3784248987341771,0.5060335063291139,0,1
0.3784248987341771,0.5177976867088607,0,1
0.3784248987341771,0.5295618670886075,0,1
0.3784248987341771,0.5413260474683544,0,1
0.3784248987341771,0.5530902278481012,0,1
0.3784248987341771,0.564854408227848,0,1
0.3784248987341771,0.576618588607595,0,1
0.3784248987341771,0.5883827689873418,0,1
0.3784248987341771,0.6001469493670886,0,1
0.3784248987341771,0.6119111297468354,0,1
0.3784248987341771,0.6236753101265823,0,1
0.3784248987341771,0.6354394905063291,0,1
0.3784248987341771,0.6472036708860759,0,1
0.3784248987341771,0.6589678512658228,0,1
0.3784248987341771,0.6707320316455696,0,1
0.3784248987341771,0.6824962120253164,0,1
0.3784248987341771,0.6942603924050633,0,1
0.3784248987341771,0.7060245727848101,0,1
0.3784248987341771,0.7177887531645569,0,1
0.3784248987341771,0.7295529335443037,0,1
0.3784248987341771,0.7413171139240506,0,1
0.3784248987341771,0.7530812943037974,0,1
0.3784248987341771,0.7648454746835442,0,1
0.3784248987341771,0.7766096550632912,0,1
0.3784248987341771,0.788373835443038,0,1
0.3784248987341771,0.8001380158227848,0,1
0.3784248987341771,0.8119021962025316,0,1
0.3784248987341771,0.8236663765822785,0,1
0.3784248987341771,0.8354305569620253,0,1
0.3784248987341771,0.8471947373417721,0,1
0.3784248987341771,0.858958917721519,0,1
0.3784248987341771,0.8707230981012658,0,1
0.3784248987341771,0.8824872784810126,0,1
0.3784248987341771,0.8942514588607595,0,1
0.3784248987341771,0.9060156392405063,0,1
0.3784248987341771,0.9177798196202531,0,1
0.3784248987341771,0.929544,0,1
0.39098516202531636,0.00017375,0,0
0.39098516202531636,0.011937930379746836,0,0
0.39098516202531636,0.02370211075949367,0,0
0.39098516202531636,0.035466291139240505,0,0
0.39098516202531636,0.04723047151898734,0,0
0.39098516202531636,0.05899465189873418,0,0
0.39098516202531636,0.07075883227848101,0,0
0.39098516202531636,0.08252301265822785,0,0
0.39098516202531636,0.09428719303797468,0,0
0.39098516202531636,0.10605137341772151,0,0
0.39098516202531636,0.11781555379746836,0,0
0.39098516202531636,0.1295797341772152,0,0
0.39098516202531636,0.14134391455696202,0,0
0.39098516202531636,0.15310809493670885,0,0
0.39098516202531636,0.1648722753164557,0,0
0.39098516202531636,0.17663645569620254,0,0
0.39098516202531636,0.18840063607594937,0,0
0.39098516202531636,0.2001648164556962,0,0
0.39098516202531636,0.21192899683544303,0,0
0.39098516202531636,0.2236931772151899,0,0
0.39098516202531636,0.23545735759493672,0,0
0.39098516202531636,0.24722153797468355,0,0
0.39098516202531636,0.25898571835443035,0,0
0.39098516202531636,0.2707498987341772,0,0
0.39098516202531636,0.282514079113924,0,0
0.39098516202531636,0.29427825949367087,0,0
0.39098516202531636,0.30604243987341767,0,0
0.39098516202531636,0.31780662025316453,0,0
0.39098516202531636,0.3295708006329114,0,0
0.39098516202531636,0.3413349810126582,0,0
0.39098516202531636,0.35309916139240505,0,1
0.39098516202531636,0.36486334177215185,0,1
0.39098516202531636,0.3766275221518987,0,1
0.39098516202531636,0.38839170253164557,0,1
0.39098516202531636,0.40015588291139237,0,1
0.39098516202531636,0.4119200632911392,0,1
0.39098516202531636,0.42368424367088603,0,1
0.39098516202531636,0.4354484240506329,0,1
0.39098516202531636,0.44721260443037975,0,1
0.39098516202531636,0.45897678481012655,0,1
0.39098516202531636,0.4707409651898734,0,1
0.39098516202531636,0.4825051455696202,0,1
0.39098516202531636,0.49426932594936707,0,1
0.39098516202531636,0.5060335063291139,0,1
0.39098516202531636,0.5177976867088607,0,1
0.39098516202531636,0.5295618670886075,0,1
0.39098516202531636,0.5413260474683544,0,1
0.39098516202531636,0.5530902278481012,0,1
0.39098516202531636,0.564854408227848,0,1
0.39098516202531636,0.576618588607595,0,1
0.39098516202531636,0.5883827689873418,0,1
0.39098516202531636,0.6001469493670886,0,1
0.39098516202531636,0.6119111297468354,0,1
0.39098516202531636,0.6236753101265823,0,1
0.39098516202531636,0.6354394905063291,0,1
0.39098516202531636,0.6472036708860759,0,1
0.39098516202531636,0.6589678512658228,0,1
0.39098516202531636,0.6707320316455696,0,1
0.39098516202531636,0.6824962120253164,0,1
0.39098516202531636,0.6942603924050633,0,1
0.39098516202531636,0.7060245727848101,0,1
0.39098516202531636,0.7177887531645569,0,1
0.39098516202531636,0.7295529335443037,0,1
0.39098516202531636,0.7413171139240506,0,1
0.39098516202531636,0.7530812943037974,0,1
0.39098516202531636,0.7648454746835442,0,1
0.39098516202531636,0.7766096550632912,0,1
0.39098516202531636,0.788373835443038,0,1
0.39098516202531636,0.8001380158227848,0,1
0.39098516202531636,0.8119021962025316,0,1
0.39098516202531636,0.8236663765822785,0,1
0.39098516202531636,0.8354305569620253,0,1
0.39098516202531636,0.8471947373417721,0,1
0.39098516202531636,0.858958917721519,0,1
0.39098516202531636,0.8707230981012658,0,1
0.39098516202531636,0.8824872784810126,0,1
0.39098516202531636,0.8942514588607595,0,1
0.39098516202531636,0.9060156392405063,0,1
0.39098516202531636,0.9177798196202531,0,1
0.39098516202531636,0.929544,0,1
0.4035454253164556,0.00017375,0,0
0.4035454253164556,0.011937930379746836,0,0
0.4035454253164556,0.02370211075949367,0,0
0.4035454253164556,0.035466291139240505,0,0
0.4035454253164556,0.04723047151898734,0,0
0.4035454253164556,0.05899465189873418,0,0
0.4035454253164556,0.07075883227848101,0,0
0.4035454253164556,0.08252301265822785,0,0
0.4035454253164556,0.09428719303797468,0,0
0.4035454253164556,0.10605137341772151,0,0
0.4035454253164556,0.11781555379746836,0,0
0.4035454253164556,0.1295797341772152,0,0
0.4035454253164556,0.14134391455696202,0,0
0.4035454253164556,0.15310809493670885,0,0
0.4035454253164556,0.1648722753164557,0,0
0.4035454253164556,0.17663645569620254,0,0
0.4035454253164556,0.18840063607594937,0,0
0.4035454253164556,0.2001648164556962,0,0
0.4035454253164556,0.21192899683544303,0,0
0.4035454253164556,0.2236931772151899,0,0
0.4035454253164556,0.23545735759493672,0,0
0.4035454253164556,0.24722153797468355,0,0
0.4035454253164556,0.25898571835443035,0,0
0.4035454253164556,0.2707498987341772,0,0
0.4035454253164556,0.282514079113924,0,0
0.4035454253164556,0.29427825949367087,0,0
0.4035454253164556,0.30604243987341767,0,0
0.4035454253164556,0.31780662025316453,0,0
0.4035454253164556,0.3295708006329114,0,0
0.4035454253164556,0.3413349810126582,0,0
0.4035454253164556,0.35309916139240505,0,1
0.4035454253164556,0.36486334177215185,0,1
0.4035454253164556,0.3766275221518987,0,1
0.4035454253164556,0.38839170253164557,0,1
0.4035454253164556,0.40015588291139237,0,1
0.4035454253164556,0.4119200632911392,0,1
0.4035454253164556,0.42368424367088603,0,1
0.4035454253164556,0.4354484240506329,0,1
0.4035454253164556,0.44721260443037975,0,1
0.4035454253164556,0.45897678481012655,0,1
0.4035454253164556,0.4707409651898734,0,1
0.4035454253164556,0.4825051455696202,0,1
0.4035454253164556,0.49426932594936707,0,1
0.4035454253164556,0.5060335063291139,0,1
0.4035454253164556,0.5177976867088607,0,1
0.4035454253164556,0.5295618670886075,0,1
0.4035454253164556,0.5413260474683544,0,1
0.4035454253164556,0.5530902278481012,0,1
0.4035454253164556,0.564854408227848,0,1
0.4035454253164556,0.576618588607595,0,1
0.4035454253164556,0.5883827689873418,0,1
0.4035454253164556,0.6001469493670886,0,1
0.4035454253164556,0.6119111297468354,0,1
0.4035454253164556,0.6236753101265823,0,1
0.4035454253164556,0.6354394905063291,0,1
0.4035454253164556,0.6472036708860759,0,1
0.4035454253164556,0.6589678512658228,0,1
0.4035454253164556,0.6707320316455696,0,1
0.4035454253164556,0.6824962120253164,0,1
0.4035454253164556,0.6942603924050633,0,1
0.4035454253164556,0.7060245727848101,0,1
0.4035454253164556,0.7177887531645569,0,1
0.4035454253164556,0.7295529335443037,0,1
0.4035454253164556,0.7413171139240506,0,1
0.4035454253164556,0.7530812943037974,0,1
0.4035454253164556,0.7648454746835442,0,1
0.4035454253164556,0.7766096550632912,0,1
0.4035454253164556,0.788373835443038,0,1
0.4035454253164556,0.8001380158227848,0,1
0.4035454253164556,0.8119021962025316,0,1
0.4035454253164556,0.8236663765822785,0,1
0.4035454253164556,0.8354305569620253,0,1
0.4035454253164556,0.8471947373417721,0,1
0.4035454253164556,0.858958917721519,0,1
0.4035454253164556,0.8707230981012658,0,1
0.4035454253164556,0.8824872784810126,0,1
0.4035454253164556,0.8942514588607595,0,1
0.4035454253164556,0.9060156392405063,0,1
0.4035454253164556,0.9177798196202531,0,1
0.4035454253164556,0.929544,0,1
0.41610568860759484,0.00017375,0,0
0.41610568860759484,0.011937930379746836,0,0
0.41610568860759484,0.02370211075949367,0,0
0.41610568860759484,0.035466291139240505,0,0
0.41610568860759484,0.04723047151898734,0,0
0.41610568860759484,0.05899465189873418,0,0
0.41610568860759484,0.07075883227848101,0,0
0.41610568860759484,0.08252301265822785,0,0
0.41610568860759484,0.09428719303797468,0,0
0.41610568860759484,0.10605137341772151,0,0
0.41610568860759484,0.11781555379746836,0,0
0.41610568860759484,0.1295797341772152,0,0
0.41610568860759484,0.14134391455696202,0,0
0.41610568860759484,0.15310809493670885,0,0
0.41610568860759484,0.1648722753164557,0,0
0.41610568860759484,0.17663645569620254,0,0
0.41610568860759484,0.18840063607594937,0,0
0.41610568860759484,0.2001648164556962,0,0
0.41610568860759484,0.21192899683544303,0,0
0.41610568860759484,0.2236931772151899,0,0
0.41610568860759484,0.23545735759493672,0,0
0.41610568860759484,0.24722153797468355,0,0
0.41610568860759484,0.25898571835443035,0,0
0.41610568860759484,0.2707498987341772,0,0
0.41610568860759484,0.282514079113924,0,0
0.41610568860759484,0.29427825949367087,0,0
0.41610568860759484,0.30604243987341767,0,0
0.41610568860759484,0.31780662025316453,0,0
0.41610568860759484,0.3295708006329114,0,0
0.41610568860759484,0.3413349810126582,0,0
0.41610568860759484,0.35309916139240505,0,1
0.41610568860759484,0.36486334177215185,0,1
0.41610568860759484,0.3766275221518987,0,1
0.41610568860759484,0.38839170253164557,0,1
0.41610568860759484,0.40015588291139237,0,1
0.41610568860759484,0.4119200632911392,0,1
0.41610568860759484,0.42368424367088603,0,1
0.41610568860759484,0.4354484240506329,0,1
0.41610568860759484,0.44721260443037975,0,1
0.41610568860759484,0.45897678481012655,0,1
0.41610568860759484,0.4707409651898734,0,1
0.41610568860759484,0.4825051455696202,0,1
0.41610568860759484,0.49426932594936707,0,1
0.41610568860759484,0.5060335063291139,0,1
0.41610568860759484,0.5177976867088607,0,1
0.41610568860759484,0.5295618670886075,0,1
0.41610568860759484,0.5413260474683544,0,1
0.41610568860759484,0.5530902278481012,0,1
0.41610568860759484,0.564854408227848,0,1
0.41610568860759484,0.576618588607595,0,1
0.41610568860759484,0.5883827689873418,0,1
0.41610568860759484,0.6001469493670886,0,1
0.41610568860759484,0.6119111297468354,0,1
0.41610568860759484,0.6236753101265823,0,1
0.41610568860759484,0.6354394905063291,0,1
0.41610568860759484,0.6472036708860759,0,1
0.41610568860759484,0.6589678512658228,0,1
0.41610568860759484,0.6707320316455696,0,1
0.41610568860759484,0.6824962120253164,0,1
0.41610568860759484,0.6942603924050633,0,1
0.41610568860759484,0.7060245727848101,0,1
0.41610568860759484,0.7177887531645569,0,1
0.41610568860759484,0.7295529335443037,0,1
0.41610568860759484,0.7413171139240506,0,1
0.41610568860759484,0.7530812943037974,0,1
0.41610568860759484,0.7648454746835442,0,1
0.41610568860759484,0.7766096550632912,0,1
0.41610568860759484,0.788373835443038,0,1
0.41610568860759484,0.8001380158227848,0,1
0.41610568860759484,0.8119021962025316,0,1
0.41610568860759484,0.8236663765822785,0,1
0.41610568860759484,0.8354305569620253,0,1
0.41610568860759484,0.8471947373417721,0,1
0.41610568860759484,0.858958917721519,0,1
0.41610568860759484,0.8707230981012658,0,1
0.41610568860759484,0.8824872784810126,0,1
0.41610568860759484,0.8942514588607595,0,1
0.41610568860759484,0.9060156392405063,0,1
0.41610568860759484,0.9177798196202531,0,1
0.41610568860759484,0.929544,0,1
0.4286659518987341,0.00017375,0,0
0.4286659518987341,0.011937930379746836,0,0
0.4286659518987341,0.02370211075949367,0,0
0.4286659518987341,0.035466291139240505,0,0
0.4286659518987341,0.04723047151898734,0,0
0.4286659518987341,0.05899465189873418,0,0
0.4286659518987341,0.07075883227848101,0,0
0.4286659518987341,0.08252301265822785,0,0
0.4286659518987341,0.09428719303797468,0,0
0.4286659518987341,0.10605137341772151,0,0
0.4286659518987341,0.11781555379746836,0,0
0.4286659518987341,0.1295797341772152,0,0
0.4286659518987341,0.14134391455696202,0,0
0.4286659518987341,0.15310809493670885,0,0
0.4286659518987341,0.1648722753164557,0,0
0.4286659518987341,0.17663645569620254,0,0
0.4286659518987341,0.18840063607594937,0,0
0.4286659518987341,0.2001648164556962,0,0
0.4286659518987341,0.21192899683544303,0,0
0.4286659518987341,0.2236931772151899,0,0
0.4286659518987341,0.23545735759493672,0,0
0.4286659518987341,0.24722153797468355,0,0
0.4286659518987341,0.25898571835443035,0,0
0.4286659518987341,0.2707498987341772,0,0
0.4286659518987341,0.282514079113924,0,0
0.4286659518987341,0.29427825949367087,0,0
0.4286659518987341,0.30604243987341767,0,0
0.4286659518987341,0.31780662025316453,0,0
0.4286659518987341,0.3295708006329114,0,0
0.4286659518987341,0.3413349810126582,0,0
0.4286659518987341,0.35309916139240505,0,1
0.4286659518987341,0.36486334177215185,0,1
0.4286659518987341,0.3766275221518987,0,1
0.4286659518987341,0.38839170253164557,0,1
0.4286659518987341,0.40015588291139237,0,1
0.4286659518987341,0.4119200632911392,0,1
0.4286659518987341,0.42368424367088603,0,1
0.4286659518987341,0.4354484240506329,0,1
0.4286659518987341,0.44721260443037975,0,1
0.4286659518987341,0.45897678481012655,0,1
0.4286659518987341,0.4707409651898734,0,1
0.4286659518987341,0.4825051455696202,0,1
0.4286659518987341,0.49426932594936707,0,1
0.4286659518987341,0.5060335063291139,0,1
0.4286659518987341,0.5177976867088607,0,1
0.4286659518987341,0.5295618670886075,0,1
0.4286659518987341,0.5413260474683544,0,1
0.4286659518987341,0.5530902278481012,0,1
0.4286659518987341,0.564854408227848,0,1
0.4286659518987341,0.576618588607595,0,1
0.4286659518987341,0.5883827689873418,0,1
0.4286659518987341,0.6001469493670886,0,1
0.4286659518987341,0.6119111297468354,0,1
0.4286659518987341,0.6236753101265823,0,1
0.4286659518987341,0.6354394905063291,0,1
0.4286659518987341,0.6472036708860759,0,1
0.4286659518987341,0.6589678512658228,0,1
0.4286659518987341,0.6707320316455696,0,1
0.4286659518987341,0.6824962120253164,0,1
0.4286659518987341,0.6942603924050633,0,1
0.4286659518987341,0.7060245727848101,0,1
0.4286659518987341,0.7177887531645569,0,1
0.4286659518987341,0.7295529335443037,0,1
0.4286659518987341,0.7413171139240506,0,1
0.4286659518987341,0.7530812943037974,0,1
0.4286659518987341,0.7648454746835442,0,1
0.4286659518987341,0.7766096550632912,0,1
0.4286659518987341,0.788373835443038,0,1
0.4286659518987341,0.8001380158227848,0,1
0.4286659518987341,0.8119021962025316,0,1
0.4286659518987341,0.8236663765822785,0,1
0.4286659518987341,0.8354305569620253,0,1
0.4286659518987341,0.8471947373417721,0,1
0.4286659518987341,0.858958917721519,0,1
0.4286659518987341,0.8707230981012658,0,1
0.4286659518987341,0.8824872784810126,0,1
0.4286659518987341,0.8942514588607595,0,1
0.4286659518987341,0.9060156392405063,0,1
0.4286659518987341,0.9177798196202531,0,1
0.4286659518987341,0.929544,0,1
0.4412262151898733,0.00017375,0,0
0.4412262151898733,0.011937930379746836,0,0
0.4412262151898733,0.02370211075949367,0,0
0.4412262151898733,0.035466291139240505,0,0
0.4412262151898733,0.04723047151898734,0,0
0.4412262151898733,0.05899465189873418,0,0
0.4412262151898733,0.07075883227848101,0,0
0.4412262151898733,0.08252301265822785,0,0
0.4412262151898733,0.09428719303797468,0,0
0.4412262151898733,0.10605137341772151,0,0
0.4412262151898733,0.11781555379746836,0,0
0.4412262151898733,0.1295797341772152,0,0
0.4412262151898733,0.14134391455696202,0,0
0.4412262151898733,0.15310809493670885,0,0
0.4412262151898733,0.1648722753164557,0,0
0.4412262151898733,0.17663645569620254,0,0
0.4412262151898733,0.18840063607594937,0,0
0.4412262151898733,0.2001648164556962,0,0
0.4412262151898733,0.21192899683544303,0,0
0.4412262151898733,0.2236931772151899,0,0
0.4412262151898733,0.23545735759493672,0,0
0.4412262151898733,0.24722153797468355,0,0
0.4412262151898733,0.25898571835443035,0,0
0.4412262151898733,0.2707498987341772,0,0
0.4412262151898733,0.282514079113924,0,0
0.4412262151898733,0.29427825949367087,0,0
0.4412262151898733,0.30604243987341767,0,0
0.4412262151898733,0.31780662025316453,0,0
0.4412262151898733,0.3295708006329114,0,0
0.4412262151898733,0.3413349810126582,0,0
0.4412262151898733,0.35309916139240505,0,1
0.4412262151898733,0.36486334177215185,0,1
0.4412262151898733,0.3766275221518987,0,1
0.4412262151898733,0.38839170253164557,0,1
0.4412262151898733,0.40015588291139237,0,1
0.4412262151898733,0.4119200632911392,0,1
0.4412262151898733,0.42368424367088603,0,1
0.4412262151898733,0.4354484240506329,0,1
0.4412262151898733,0.44721260443037975,0,1
0.4412262151898733,0.45897678481012655,0,1
0.4412262151898733,0.4707409651898734,0,1
0.4412262151898733,0.4825051455696202,0,1
0.4412262151898733,0.49426932594936707,0,1
0.4412262151898733,0.5060335063291139,0,1
0.4412262151898733,0.5177976867088607,0,1
0.4412262151898733,0.5295618670886075,0,1
0.4412262151898733,0.5413260474683544,0,1
0.4412262151898733,0.5530902278481012,0,1
0.4412262151898733,0.564854408227848,0,1
0.4412262151898733,0.576618588607595,0,1
0.4412262151898733,0.5883827689873418,0,1
0.4412262151898733,0.6001469493670886,0,1
0.4412262151898733,0.6119111297468354,0,1
0.4412262151898733,0.6236753101265823,0,1
0.4412262151898733,0.6354394905063291,0,1
0.4412262151898733,0.6472036708860759,0,1
0.4412262151898733,0.6589678512658228,0,1
0.4412262151898733,0.6707320316455696,0,1
0.4412262151898733,0.6824962120253164,0,1
0.4412262151898733,0.6942603924050633,0,1
0.4412262151898733,0.7060245727848101,0,1
0.4412262151898733,0.7177887531645569,0,1
0.4412262151898733,0.7295529335443037,0,1
0.4412262151898733,0.7413171139240506,0,1
0.4412262151898733,0.7530812943037974,0,1
0.4412262151898733,0.7648454746835442,0,1
0.4412262151898733,0.7766096550632912,0,1
0.4412262151898733,0.788373835443038,0,1
0.4412262151898733,0.8001380158227848,0,1
0.4412262151898733,0.8119021962025316,0,1
0.4412262151898733,0.8236663765822785,0,1
0.4412262151898733,0.8354305569620253,0,1
0.4412262151898733,0.8471947373417721,0,1
0.4412262151898733,0.858958917721519,0,1
0.4412262151898733,0.8707230981012658,0,1
0.4412262151898733,0.8824872784810126,0,1
0.4412262151898733,0.8942514588607595,0,1
0.4412262151898733,0.9060156392405063,0,1
0.4412262151898733,0.9177798196202531,0,1
0.4412262151898733,0.929544,0,1
0.45378647848101256,0.00017375,0,0
0.45378647848101256,0.011937930379746836,0,0
0.45378647848101256,0.02370211075949367,0,0
0.45378647848101256,0.035466291139240505,0,0
0.45378647848101256,0.04723047151898734,0,0
0.45378647848101256,0.05899465189873418,0,0
0.45378647848101256,0.07075883227848101,0,0
0.45378647848101256,0.08252301265822785,0,0
0.45378647848101256,0.09428719303797468,0,0
0.45378647848101256,0.10605137341772151,0,0
0.45378647848101256,0.11781555379746836,0,0
0.45378647848101256,0.1295797341772152,0,0
0.45378647848101256,0.14134391455696202,0,0
0.45378647848101256,0.15310809493670885,0,0
0.45378647848101256,0.1648722753164557,0,0
0.45378647848101256,0.17663645569620254,0,0
0.45378647848101256,0.18840063607594937,0,0
0.45378647848101256,0.2001648164556962,0,0
0.45378647848101256,0.21192899683544303,0,0
0.45378647848101256,0.2236931772151899,0,0
0.45378647848101256,0.23545735759493672,0,0
0.45378647848101256,0.24722153797468355,0,0
0.45378647848101256,0.25898571835443035,0,0
0.45378647848101256,0.2707498987341772,0,0
0.45378647848101256,0.282514079113924,0,0
0.45378647848101256,0.29427825949367087,0,0
0.45378647848101256,0.30604243987341767,0,0
0.45378647848101256,0.31780662025316453,0,0
0.45378647848101256,0.3295708006329114,0,0
0.45378647848101256,0.3413349810126582,0,0
0.45378647848101256,0.35309916139240505,0,1
0.45378647848101256,0.36486334177215185,0,1
0.45378647848101256,0.3766275221518987,0,1
0.45378647848101256,0.38839170253164557,0,1
0.45378647848101256,0.40015588291139237,0,1
0.45378647848101256,0.4119200632911392,0,1
0.45378647848101256,0.42368424367088603,0,1
0.45378647848101256,0.4354484240506329,0,1
0.45378647848101256,0.44721260443037975,0,1
0.45378647848101256,0.45897678481012655,0,1
0.45378647848101256,0.4707409651898734,0,1
0.45378647848101256,0.4825051455696202,0,1
0.45378647848101256,0.49426932594936707,0,1
0.45378647848101256,0.5060335063291139,0,1
0.45378647848101256,0.5177976867088607,0,1
0.45378647848101256,0.5295618670886075,0,1
0.45378647848101256,0.5413260474683544,0,1
0.45378647848101256,0.5530902278481012,0,1
0.45378647848101256,0.564854408227848,0,1
0.45378647848101256,0.576618588607595,0,1
0.45378647848101256,0.5883827689873418,0,1
0.45378647848101256,0.6001469493670886,0,1
0.45378647848101256,0.6119111297468354,0,1
0.45378647848101256,0.6236753101265823,0,1
0.45378647848101256,0.6354394905063291,0,1
0.45378647848101256,0.6472036708860759,0,1
0.45378647848101256,0.6589678512658228,0,1
0.45378647848101256,0.6707320316455696,0,1
0.45378647848101256,0.6824962120253164,0,1
0.45378647848101256,0.6942603924050633,0,1
0.45378647848101256,0.7060245727848101,0,1
0.45378647848101256,0.7177887531645569,0,1
0.45378647848101256,0.7295529335443037,0,1
0.45378647848101256,0.7413171139240506,0,1
0.45378647848101256,0.7530812943037974,0,1
0.45378647848101256,0.7648454746835442,0,1
0.45378647848101256,0.7766096550632912,0,1
0.45378647848101256,0.788373835443038,0,1
0.45378647848101256,0.8001380158227848,0,1
0.45378647848101256,0.8119021962025316,0,1
0.45378647848101256,0.8236663765822785,0,1
0.45378647848101256,0.8354305569620253,0,1
0.45378647848101256,0.8471947373417721,0,1
0.45378647848101256,0.858958917721519,0,1
0.45378647848101256,0.8707230981012658,0,1
0.45378647848101256,0.8824872784810126,0,1
0.45378647848101256,0.8942514588607595,0,1
0.45378647848101256,0.9060156392405063,0,1
0.45378647848101256,0.9177798196202531,0,1
0.45378647848101256,0.929544,0,1
0.4663467417721518,0.00017375,0,0
0.4663467417721518,0.011937930379746836,0,0
0.4663467417721518,0.02370211075949367,0,0
0.4663467417721518,0.035466291139240505,0,0
0.4663467417721518,0.04723047151898734,0,0
0.4663467417721518,0.05899465189873418,0,0
0.4663467417721518,0.07075883227848101,0,0
0.4663467417721518,0.08252301265822785,0,0
0.4663467417721518,0.09428719303797468,0,0
0.4663467417721518,0.10605137341772151,0,0
0.4663467417721518,0.11781555379746836,0,0
0.4663467417721518,0.1295797341772152,0,0
0.4663467417721518,0.14134391455696202,0,0
0.4663467417721518,0.15310809493670885,0,0
0.4663467417721518,0.1648722753164557,0,0
0.4663467417721518,0.17663645569620254,0,0
0.4663467417721518,0.18840063607594937,0,0
0.4663467417721518,0.2001648164556962,0,0
0.4663467417721518,0.21192899683544303,0,0
0.4663467417721518,0.2236931772151899,0,0
0.4663467417721518,0.23545735759493672,0,0
0.4663467417721518,0.24722153797468355,0,0
0.4663467417721518,0.25898571835443035,0,0
0.4663467417721518,0.2707498987341772,0,0
0.4663467417721518,0.282514079113924,0,0
0.4663467417721518,0.29427825949367087,0,0
0.4663467417721518,0.30604243987341767,0,0
0.4663467417721518,0.31780662025316453,0,0
0.4663467417721518,0.3295708006329114,0,0
0.4663467417721518,0.3413349810126582,0,0
0.4663467417721518,0.35309916139240505,0,1
0.4663467417721518,0.36486334177215185,0,1
0.4663467417721518,0.3766275221518987,0,1
0.4663467417721518,0.38839170253164557,0,1
0.4663467417721518,0.40015588291139237,0,1
0.4663467417721518,0.4119200632911392,0,1
0.4663467417721518,0.42368424367088603,0,1
0.4663467417721518,0.4354484240506329,0,1
0.4663467417721518,0.44721260443037975,0,1
0.4663467417721518,0.45897678481012655,0,1
0.4663467417721518,0.4707409651898734,0,1
0.4663467417721518,0.4825051455696202,0,1
0.4663467417721518,0.49426932594936707,0,1
0.4663467417721518,0.5060335063291139,0,1
0.4663467417721518,0.5177976867088607,0,1
0.4663467417721518,0.5295618670886075,0,1
0.4663467417721518,0.5413260474683544,0,1
0.4663467417721518,0.5530902278481012,0,1
0.4663467417721518,0.564854408227848,0,1
0.4663467417721518,0.576618588607595,0,1
0.4663467417721518,0.5883827689873418,0,1
0.4663467417721518,0.6001469493670886,0,1
0.4663467417721518,0.6119111297468354,0,1
0.4663467417721518,0.6236753101265823,0,1
0.4663467417721518,0.6354394905063291,0,1
0.4663467417721518,0.6472036708860759,0,1
0.4663467417721518,0.6589678512658228,0,1
0.4663467417721518,0.6707320316455696,0,1
0.4663467417721518,0.6824962120253164,0,1
0.4663467417721518,0.6942603924050633,0,1
0.4663467417721518,0.7060245727848101,0,1
0.4663467417721518,0.7177887531645569,0,1
0.4663467417721518,0.7295529335443037,0,1
0.4663467417721518,0.7413171139240506,0,1
0.4663467417721518,0.7530812943037974,0,1
0.4663467417721518,0.7648454746835442,0,1
0.4663467417721518,0.7766096550632912,0,1
0.4663467417721518,0.788373835443038,0,1
0.4663467417721518,0.8001380158227848,0,1
0.4663467417721518,0.8119021962025316,0,1
0.4663467417721518,0.8236663765822785,0,1
0.4663467417721518,0.8354305569620253,0,1
0.4663467417721518,0.8471947373417721,0,1
0.4663467417721518,0.858958917721519,0,1
0.4663467417721518,0.8707230981012658,0,1
0.4663467417721518,0.8824872784810126,0,1
0.4663467417721518,0.8942514588607595,0,1
0.4663467417721518,0.9060156392405063,0,1
0.4663467417721518,0.9177798196202531,0,1
0.4663467417721518,0.929544,0,1
0.47890700506329104,0.00017375,0,0
0.47890700506329104,0.011937930379746836,0,0
0.47890700506329104,0.02370211075949367,0,0
0.47890700506329104,0.035466291139240505,0,0
0.47890700506329104,0.04723047151898734,0,0
0.47890700506329104,0.05899465189873418,0,0
0.47890700506329104,0.07075883227848101,0,0
0.47890700506329104,0.08252301265822785,0,0
0.47890700506329104,0.09428719303797468,0,0
0.47890700506329104,0.10605137341772151,0,0
0.47890700506329104,0.11781555379746836,0,0
0.47890700506329104,0.1295797341772152,0,0
0.47890700506329104,0.14134391455696202,0,0
0.47890700506329104,0.15310809493670885,0,0
0.47890700506329104,0.1648722753164557,0,0
0.47890700506329104,0.17663645569620254,0,0
0.47890700506329104,0.18840063607594937,0,0
0.47890700506329104,0.2001648164556962,0,0
0.47890700506329104,0.21192899683544303,0,0
0.47890700506329104,0.2236931772151899,0,0
0.47890700506329104,0.23545735759493672,0,0
0.47890700506329104,0.24722153797468355,0,0
0.47890700506329104,0.25898571835443035,0,0
0.47890700506329104,0.2707498987341772,0,0
0.47890700506329104,0.282514079113924,0,0
0.47890700506329104,0.29427825949367087,0,0
0.47890700506329104,0.30604243987341767,0,0
0.47890700506329104,0.31780662025316453,0,0
0.47890700506329104,0.3295708006329114,0,0
0.47890700506329104,0.3413349810126582,0,0
0.47890700506329104,0.35309916139240505,0,1
0.47890700506329104,0.36486334177215185,0,1
0.47890700506329104,0.3766275221518987,0,1
0.47890700506329104,0.38839170253164557,0,1
0.47890700506329104,0.40015588291139237,0,1
0.47890700506329104,0.4119200632911392,0,1
0.47890700506329104,0.42368424367088603,0,1
0.47890700506329104,0.4354484240506329,0,1
0.47890700506329104,0.44721260443037975,0,1
0.47890700506329104,0.45897678481012655,0,1
0.47890700506329104,0.4707409651898734,0,1
0.47890700506329104,0.4825051455696202,0,1
0.47890700506329104,0.49426932594936707,0,1
0.47890700506329104,0.5060335063291139,0,1
0.47890700506329104,0.5177976867088607,0,1
0.47890700506329104,0.5295618670886075,0,1
0.47890700506329104,0.5413260474683544,0,1
0.47890700506329104,0.5530902278481012,0,1
0.47890700506329104,0.564854408227848,0,1
0.47890700506329104,0.576618588607595,0,1
0.47890700506329104,0.5883827689873418,0,1
0.47890700506329104,0.6001469493670886,0,1
0.47890700506329104,0.6119111297468354,0,1
0.47890700506329104,0.6236753101265823,0,1
0.47890700506329104,0.6354394905063291,0,1
0.47890700506329104,0.6472036708860759,0,1
0.47890700506329104,0.6589678512658228,0,1
0.47890700506329104,0.6707320316455696,0,1
0.47890700506329104,0.6824962120253164,0,1
0.47890700506329104,0.6942603924050633,0,1
0.47890700506329104,0.7060245727848101,0,1
0.47890700506329104,0.7177887531645569,0,1
0.47890700506329104,0.7295529335443037,0,1
0.47890700506329104,0.7413171139240506,0,1
0.47890700506329104,0.7530812943037974,0,1
0.47890700506329104,0.7648454746835442,0,1
0.47890700506329104,0.7766096550632912,0,1
0.47890700506329104,0.788373835443038,0,1
0.47890700506329104,0.8001380158227848,0,1
0.47890700506329104,0.8119021962025316,0,1
0.47890700506329104,0.8236663765822785,0,1
0.47890700506329104,0.8354305569620253,0,1
0.47890700506329104,0.8471947373417721,0,1
0.47890700506329104,0.858958917721519,0,1
0.47890700506329104,0.8707230981012658,0,1
0.47890700506329104,0.8824872784810126,0,1
0.47890700506329104,0.8942514588607595,0,1
0.47890700506329104,0.9060156392405063,0,1
0.47890700506329104,0.9177798196202531,0,1
0.47890700506329104,0.929544,0,1
0.4914672683544303,0.00017375,0,0
0.4914672683544303,0.011937930379746836,0,0
0.4914672683544303,0.02370211075949367,0,0
0.4914672683544303,0.035466291139240505,0,0
0.4914672683544303,0.04723047151898734,0,0
0.4914672683544303,0.05899465189873418,0,0
0.4914672683544303,0.07075883227848101,0,0
0.4914672683544303,0.08252301265822785,0,0
0.4914672683544303,0.09428719303797468,0,0
0.4914672683544303,0.10605137341772151,0,0
0.4914672683544303,0.11781555379746836,0,0
0.4914672683544303,0.1295797341772152,0,0
0.4914672683544303,0.14134391455696202,0,0
0.4914672683544303,0.15310809493670885,0,0
0.4914672683544303,0.1648722753164557,0,0
0.4914672683544303,0.17663645569620254,0,0
0.4914672683544303,0.18840063607594937,0,0
0.4914672683544303,0.2001648164556962,0,0
0.4914672683544303,0.21192899683544303,0,0
0.4914672683544303,0.2236931772151899,0,0
0.4914672683544303,0.23545735759493672,0,0
0.4914672683544303,0.24722153797468355,0,0
0.4914672683544303,0.25898571835443035,0,0
0.4914672683544303,0.2707498987341772,0,0
0.4914672683544303,0.282514079113924,0,0
0.4914672683544303,0.29427825949367087,0,0
0.4914672683544303,0.30604243987341767,0,0
0.4914672683544303,0.31780662025316453,0,0
0.4914672683544303,0.3295708006329114,0,0
0.4914672683544303,0.3413349810126582,0,0
0.4914672683544303,0.35309916139240505,0,1
0.4914672683544303,0.36486334177215185,0,1
0.4914672683544303,0.3766275221518987,0,1
0.4914672683544303,0.38839170253164557,0,1
0.4914672683544303,0.40015588291139237,0,1
0.4914672683544303,0.4119200632911392,0,1
0.4914672683544303,0.42368424367088603,0,1
0.4914672683544303,0.4354484240506329,0,1
0.4914672683544303,0.44721260443037975,0,1
0.4914672683544303,0.45897678481012655,0,1
0.4914672683544303,0.4707409651898734,0,1
0.4914672683544303,0.4825051455696202,0,1
0.4914672683544303,0.49426932594936707,0,1
0.4914672683544303,0.5060335063291139,0,1
0.4914672683544303,0.5177976867088607,0,1
0.4914672683544303,0.5295618670886075,0,1
0.4914672683544303,0.5413260474683544,0,1
0.4914672683544303,0.5530902278481012,0,1
0.4914672683544303,0.564854408227848,0,1
0.4914672683544303,0.576618588607595,0,1
0.4914672683544303,0.5883827689873418,0,1
0.4914672683544303,0.6001469493670886,0,1
0.4914672683544303,0.6119111297468354,0,1
0.4914672683544303,0.6236753101265823,0,1
0.4914672683544303,0.6354394905063291,0,1
0.4914672683544303,0.6472036708860759,0,1
0.4914672683544303,0.6589678512658228,0,1
0.4914672683544303,0.6707320316455696,0,1
0.4914672683544303,0.6824962120253164,0,1
0.4914672683544303,0.6942603924050633,0,1
0.4914672683544303,0.7060245727848101,0,1
0.4914672683544303,0.7177887531645569,0,1
0.4914672683544303,0.7295529335443037,0,1
0.4914672683544303,0.7413171139240506,0,1
0.4914672683544303,0.7530812943037974,0,1
0.4914672683544303,0.7648454746835442,0,1
0.4914672683544303,0.7766096550632912,0,1
0.4914672683544303,0.788373835443038,0,1
0.4914672683544303,0.8001380158227848,0,1
0.4914672683544303,0.8119021962025316,0,1
0.4914672683544303,0.8236663765822785,0,1
0.4914672683544303,0.8354305569620253,0,1
0.4914672683544303,0.8471947373417721,0,1
0.4914672683544303,0.858958917721519,0,1
0.4914672683544303,0.8707230981012658,0,1
0.4914672683544303,0.8824872784810126,0,1
0.4914672683544303,0.8942514588607595,0,1
0.4914672683544303,0.9060156392405063,0,1
0.4914672683544303,0.9177798196202531,0,1
0.4914672683544303,0.929544,0,1
0.5040275316455696,0.00017375,0,0
0.5040275316455696,0.011937930379746836,0,0
0.5040275316455696,0.02370211075949367,0,0
0.5040275316455696,0.035466291139240505,0,0
0.5040275316455696,0.04723047151898734,0,0
0.5040275316455696,0.05899465189873418,0,0
0.5040275316455696,0.07075883227848101,0,0
0.5040275316455696,0.08252301265822785,0,0
0.5040275316455696,0.09428719303797468,0,0
0.5040275316455696,0.10605137341772151,0,0
0.5040275316455696,0.11781555379746836,0,0
0.5040275316455696,0.1295797341772152,0,0
0.5040275316455696,0.14134391455696202,0,0
0.5040275316455696,0.15310809493670885,0,0
0.5040275316455696,0.1648722753164557,0,0
0.5040275316455696,0.17663645569620254,0,0
0.5040275316455696,0.18840063607594937,0,0
0.5040275316455696,0.2001648164556962,0,0
0.5040275316455696,0.21192899683544303,0,0
0.5040275316455696,0.2236931772151899,0,0
0.5040275316455696,0.23545735759493672,0,0
0.5040275316455696,0.24722153797468355,0,0
0.5040275316455696,0.25898571835443035,0,0
0.5040275316455696,0.2707498987341772,0,0
0.5040275316455696,0.282514079113924,0,0
0.5040275316455696,0.29427825949367087,0,0
0.5040275316455696,0.30604243987341767,0,0
0.5040275316455696,0.31780662025316453,0,0
0.5040275316455696,0.3295708006329114,0,0
0.5040275316455696,0.3413349810126582,0,0
0.5040275316455696,0.35309916139240505,0,1
0.5040275316455696,0.36486334177215185,0,1
0.5040275316455696,0.3766275221518987,0,1
0.5040275316455696,0.38839170253164557,0,1
0.5040275316455696,0.40015588291139237,0,1
0.5040275316455696,0.4119200632911392,0,1
0.5040275316455696,0.42368424367088603,0,1
0.5040275316455696,0.4354484240506329,0,1
0.5040275316455696,0.44721260443037975,0,1
0.5040275316455696,0.45897678481012655,0,1
0.5040275316455696,0.4707409651898734,0,1
0.5040275316455696,0.4825051455696202,0,1
0.5040275316455696,0.49426932594936707,0,1
0.5040275316455696,0.5060335063291139,0,1
0.5040275316455696,0.5177976867088607,0,1
0.5040275316455696,0.5295618670886075,0,1
0.5040275316455696,0.5413260474683544,0,1
0.5040275316455696,0.5530902278481012,0,1
0.5040275316455696,0.564854408227848,0,1
0.5040275316455696,0.576618588607595,0,1
0.5040275316455696,0.5883827689873418,0,1
0.5040275316455696,0.6001469493670886,0,1
0.5040275316455696,0.6119111297468354,0,1
0.5040275316455696,0.6236753101265823,0,1
0.5040275316455696,0.6354394905063291,0,1
0.5040275316455696,0.6472036708860759,0,1
0.5040275316455696,0.6589678512658228,0,1
0.5040275316455696,0.6707320316455696,0,1
0.5040275316455696,0.6824962120253164,0,1
0.5040275316455696,0.6942603924050633,0,1
0.5040275316455696,0.7060245727848101,0,1
0.5040275316455696,0.7177887531645569,0,1
0.5040275316455696,0.7295529335443037,0,1
0.5040275316455696,0.7413171139240506,0,1
0.5040275316455696,0.7530812943037974,0,1
0.5040275316455696,0.7648454746835442,0,1
0.5040275316455696,0.7766096550632912,0,1
0.5040275316455696,0.788373835443038,0,1
0.5040275316455696,0.8001380158227848,0,1
0.5040275316455696,0.8119021962025316,0,1
0.5040275316455696,0.8236663765822785,0,1
0.5040275316455696,0.8354305569620253,0,1
0.5040275316455696,0.8471947373417721,0,1
0.5040275316455696,0.858958917721519,0,1
0.5040275316455696,0.8707230981012658,0,1
0.5040275316455696,0.8824872784810126,0,1
0.5040275316455696,0.8942514588607595,0,1
0.5040275316455696,0.9060156392405063,0,1
0.5040275316455696,0.9177798196202531,0,1
0.5040275316455696,0.929544,0,1
0.5165877949367088,0.00017375,0,0
0.5165877949367088,0.011937930379746836,0,0
0.5165877949367088,0.02370211075949367,0,0
0.5165877949367088,0.035466291139240505,0,0
0.5165877949367088,0.04723047151898734,0,0
0.5165877949367088,0.05899465189873418,0,0
0.5165877949367088,0.07075883227848101,0,0
0.5165877949367088,0.08252301265822785,0,0
0.5165877949367088,0.09428719303797468,0,0
0.5165877949367088,0.10605137341772151,0,0
0.5165877949367088,0.11781555379746836,0,0
0.5165877949367088,0.1295797341772152,0,0
0.5165877949367088,0.14134391455696202,0,0
0.5165877949367088,0.15310809493670885,0,0
0.5165877949367088,0.1648722753164557,0,0
0.5165877949367088,0.17663645569620254,0,0
0.5165877949367088,0.18840063607594937,0,0
0.5165877949367088,0.2001648164556962,0,0
0.5165877949367088,0.21192899683544303,0,0
0.5165877949367088,0.2236931772151899,0,0
0.5165877949367088,0.23545735759493672,0,0
0.5165877949367088,0.24722153797468355,0,0
0.5165877949367088,0.25898571835443035,0,0
0.5165877949367088,0.2707498987341772,0,0
0.5165877949367088,0.282514079113924,0,0
0.5165877949367088,0.29427825949367087,0,0
0.5165877949367088,0.30604243987341767,0,0
0.5165877949367088,0.31780662025316453,0,0
0.5165877949367088,0.3295708006329114,0,0
0.5165877949367088,0.3413349810126582,0,0
0.5165877949367088,0.35309916139240505,0,1
0.5165877949367088,0.36486334177215185,0,1
0.5165877949367088,0.3766275221518987,0,1
0.5165877949367088,0.38839170253164557,0,1
0.5165877949367088,0.40015588291139237,0,1
0.5165877949367088,0.4119200632911392,0,1
0.5165877949367088,0.42368424367088603,0,1
0.5165877949367088,0.4354484240506329,0,1
0.5165877949367088,0.44721260443037975,0,1
0.5165877949367088,0.45897678481012655,0,1
0.5165877949367088,0.4707409651898734,0,1
0.5165877949367088,0.4825051455696202,0,1
0.5165877949367088,0.49426932594936707,0,1
0.5165877949367088,0.5060335063291139,0,1
0.5165877949367088,0.5177976867088607,0,1
0.5165877949367088,0.5295618670886075,0,1
0.5165877949367088,0.5413260474683544,0,1
0.5165877949367088,0.5530902278481012,0,1
0.5165877949367088,0.564854408227848,0,1
0.5165877949367088,0.576618588607595,0,1
0.5165877949367088,0.5883827689873418,0,1
0.5165877949367088,0.6001469493670886,0,1
0.5165877949367088,0.6119111297468354,0,1
0.5165877949367088,0.6236753101265823,0,1
0.5165877949367088,0.6354394905063291,0,1
0.5165877949367088,0.6472036708860759,0,1
0.5165877949367088,0.6589678512658228,0,1
0.5165877949367088,0.6707320316455696,0,1
0.5165877949367088,0.6824962120253164,0,1
0.5165877949367088,0.6942603924050633,0,1
0.5165877949367088,0.7060245727848101,0,1
0.5165877949367088,0.7177887531645569,0,1
0.5165877949367088,0.7295529335443037,0,1
0.5165877949367088,0.7413171139240506,0,1
0.5165877949367088,0.7530812943037974,0,1
0.5165877949367088,0.7648454746835442,0,1
0.5165877949367088,0.7766096550632912,0,1
0.5165877949367088,0.788373835443038,0,1
0.5165877949367088,0.8001380158227848,0,1
0.5165877949367088,0.8119021962025316,0,1
0.5165877949367088,0.8236663765822785,0,1
0.5165877949367088,0.8354305569620253,0,1
0.5165877949367088,0.8471947373417721,0,1
0.5165877949367088,0.858958917721519,0,1
0.5165877949367088,0.8707230981012658,0,1
0.5165877949367088,0.8824872784810126,0,1
0.5165877949367088,0.8942514588607595,0,1
0.5165877949367088,0.9060156392405063,0,1
0.5165877949367088,0.9177798196202531,0,1
0.5165877949367088,0.929544,0,1
0.529148058227848,0.00017375,0,0
0.529148058227848,0.011937930379746836,0,0
0.529148058227848,0.02370211075949367,0,0
0.529148058227848,0.035466291139240505,0,0
0.529148058227848,0.04723047151898734,0,0
0.529148058227848,0.05899465189873418,0,0
0.529148058227848,0.07075883227848101,0,0
0.529148058227848,0.08252301265822785,0,0
0.529148058227848,0.09428719303797468,0,0
0.529148058227848,0.10605137341772151,0,0
0.529148058227848,0.11781555379746836,0,0
0.529148058227848,0.1295797341772152,0,0
0.529148058227848,0.14134391455696202,0,0
0.529148058227848,0.15310809493670885,0,0
0.529148058227848,0.1648722753164557,0,0
0.529148058227848,0.17663645569620254,0,0
0.529148058227848,0.18840063607594937,0,0
0.529148058227848,0.2001648164556962,0,0
0.529148058227848,0.21192899683544303,0,0
0.529148058227848,0.2236931772151899,0,0
0.529148058227848,0.23545735759493672,0,0
0.529148058227848,0.24722153797468355,0,0
0.529148058227848,0.25898571835443035,0,0
0.529148058227848,0.2707498987341772,0,0
0.529148058227848,0.282514079113924,0,0
0.529148058227848,0.29427825949367087,0,0
0.529148058227848,0.30604243987341767,0,0
0.529148058227848,0.31780662025316453,0,0
0.529148058227848,0.3295708006329114,0,0
0.529148058227848,0.3413349810126582,0,0
0.529148058227848,0.35309916139240505,0,1
0.529148058227848,0.36486334177215185,0,1
0.529148058227848,0.3766275221518987,0,1
0.529148058227848,0.38839170253164557,0,1
0.529148058227848,0.40015588291139237,0,1
0.529148058227848,0.4119200632911392,0,1
0.529148058227848,0.42368424367088603,0,1
0.529148058227848,0.4354484240506329,0,1
0.529148058227848,0.44721260443037975,0,1
0.529148058227848,0.45897678481012655,0,1
0.529148058227848,0.4707409651898734,0,1
0.529148058227848,0.4825051455696202,0,1
0.529148058227848,0.49426932594936707,0,1
0.529148058227848,0.5060335063291139,0,1
0.529148058227848,0.5177976867088607,0,1
0.529148058227848,0.5295618670886075,0,1
0.529148058227848,0.5413260474683544,0,1
0.529148058227848,0.5530902278481012,0,1
0.529148058227848,0.564854408227848,0,1
0.529148058227848,0.576618588607595,0,1
0.529148058227848,0.5883827689873418,0,1
0.529148058227848,0.6001469493670886,0,1
0.529148058227848,0.6119111297468354,0,1
0.529148058227848,0.6236753101265823,0,1
0.529148058227848,0.6354394905063291,0,1
0.529148058227848,0.6472036708860759,0,1
0.529148058227848,0.6589678512658228,0,1
0.529148058227848,0.6707320316455696,0,1
0.529148058227848,0.6824962120253164,0,1
0.529148058227848,0.6942603924050633,0,1
0.529148058227848,0.7060245727848101,0,1
0.529148058227848,0.7177887531645569,0,1
0.529148058227848,0.7295529335443037,0,1
0.529148058227848,0.7413171139240506,0,1
0.529148058227848,0.7530812943037974,0,1
0.529148058227848,0.7648454746835442,0,1
0.529148058227848,0.7766096550632912,0,1
0.529148058227848,0.788373835443038,0,1
0.529148058227848,0.8001380158227848,0,1
0.529148058227848,0.8119021962025316,0,1
0.529148058227848,0.8236663765822785,0,1
0.529148058227848,0.8354305569620253,0,1
0.529148058227848,0.8471947373417721,0,1
0.529148058227848,0.858958917721519,0,1
0.529148058227848,0.8707230981012658,0,1
0.529148058227848,0.8824872784810126,0,1
0.529148058227848,0.8942514588607595,0,1
0.529148058227848,0.9060156392405063,0,1
0.529148058227848,0.9177798196202531,0,1
0.529148058227848,0.929544,0,1
0.5417083215189873,0.00017375,0,0
0.5417083215189873,0.011937930379746836,0,0
0.5417083215189873,0.02370211075949367,0,0
0.5417083215189873,0.035466291139240505,0,0
0.5417083215189873,0.04723047151898734,0,0
0.5417083215189873,0.05899465189873418,0,0
0.5417083215189873,0.07075883227848101,0,0
0.5417083215189873,0.08252301265822785,0,0
0.5417083215189873,0.09428719303797468,0,0
0.5417083215189873,0.10605137341772151,0,0
0.5417083215189873,0.11781555379746836,0,0
0.5417083215189873,0.1295797341772152,0,0
0.5417083215189873,0.14134391455696202,0,0
0.5417083215189873,0.15310809493670885,0,0
0.5417083215189873,0.1648722753164557,0,0
0.5417083215189873,0.17663645569620254,0,0
0.5417083215189873,0.18840063607594937,0,0
0.5417083215189873,0.2001648164556962,0,0
0.5417083215189873,0.21192899683544303,0,0
0.5417083215189873,0.2236931772151899,0,0
0.5417083215189873,0.23545735759493672,0,0
0.5417083215189873,0.24722153797468355,0,0
0.5417083215189873,0.25898571835443035,0,0
0.5417083215189873,0.2707498987341772,0,0
0.5417083215189873,0.282514079113924,0,0
0.5417083215189873,0.29427825949367087,0,0
0.5417083215189873,0.30604243987341767,0,0
0.5417083215189873,0.31780662025316453,0,0
0.5417083215189873,0.3295708006329114,0,0
0.5417083215189873,0.3413349810126582,0,0
0.5417083215189873,0.35309916139240505,0,1
0.5417083215189873,0.36486334177215185,0,1
0.5417083215189873,0.3766275221518987,0,1
0.5417083215189873,0.38839170253164557,0,1
0.5417083215189873,0.40015588291139237,0,1
0.5417083215189873,0.4119200632911392,0,1
0.5417083215189873,0.42368424367088603,0,1
0.5417083215189873,0.4354484240506329,0,1
0.5417083215189873,0.44721260443037975,0,1
0.5417083215189873,0.45897678481012655,0,1
0.5417083215189873,0.4707409651898734,0,1
0.5417083215189873,0.4825051455696202,0,1
0.5417083215189873,0.49426932594936707,0,1
0.5417083215189873,0.5060335063291139,0,1
0.5417083215189873,0.5177976867088607,0,1
0.5417083215189873,0.5295618670886075,0,1
0.5417083215189873,0.5413260474683544,0,1
0.5417083215189873,0.5530902278481012,0,1
0.5417083215189873,0.564854408227848,0,1
0.5417083215189873,0.576618588607595,0,1
0.5417083215189873,0.5883827689873418,0,1
0.5417083215189873,0.6001469493670886,0,1
0.5417083215189873,0.6119111297468354,0,1
0.5417083215189873,0.6236753101265823,0,1
0.5417083215189873,0.6354394905063291,0,1
0.5417083215189873,0.6472036708860759,0,1
0.5417083215189873,0.6589678512658228,0,1
0.5417083215189873,0.6707320316455696,0,1
0.5417083215189873,0.6824962120253164,0,1
0.5417083215189873,0.6942603924050633,0,1
0.5417083215189873,0.7060245727848101,0,1
0.5417083215189873,0.7177887531645569,0,1
0.5417083215189873,0.7295529335443037,0,1
0.5417083215189873,0.7413171139240506,0,1
0.5417083215189873,0.7530812943037974,0,1
0.5417083215189873,0.7648454746835442,0,1
0.5417083215189873,0.7766096550632912,0,1
0.5417083215189873,0.788373835443038,0,1
0.5417083215189873,0.8001380158227848,0,1
0.5417083215189873,0.8119021962025316,0,1
0.5417083215189873,0.8236663765822785,0,1
0.5417083215189873,0.8354305569620253,0,1
0.5417083215189873,0.8471947373417721,0,1
0.5417083215189873,0.858958917721519,0,1
0.5417083215189873,0.8707230981012658,0,1
0.5417083215189873,0.8824872784810126,0,1
0.5417083215189873,0.8942514588607595,0,1
0.5417083215189873,0.9060156392405063,0,1
0.5417083215189873,0.9177798196202531,0,1
0.5417083215189873,0.929544,0,1
0.5542685848101265,0.00017375,0,0
0.5542685848101265,0.011937930379746836,0,0
0.5542685848101265,0.02370211075949367,0,0
0.5542685848101265,0.035466291139240505,0,0
0.5542685848101265,0.04723047151898734,0,0
0.5542685848101265,0.05899465189873418,0,0
0.5542685848101265,0.07075883227848101,0,0
0.5542685848101265,0.08252301265822785,0,0
0.5542685848101265,0.09428719303797468,0,0
0.5542685848101265,0.10605137341772151,0,0
0.5542685848101265,0.11781555379746836,0,0
0.5542685848101265,0.1295797341772152,0,0
0.5542685848101265,0.14134391455696202,0,0
0.5542685848101265,0.15310809493670885,0,0
0.5542685848101265,0.1648722753164557,0,0
0.5542685848101265,0.17663645569620254,0,0
0.5542685848101265,0.18840063607594937,0,0
0.5542685848101265,0.2001648164556962,0,0
0.5542685848101265,0.21192899683544303,0,0
0.5542685848101265,0.2236931772151899,0,0
0.5542685848101265,0.23545735759493672,0,0
0.5542685848101265,0.24722153797468355,0,0
0.5542685848101265,0.25898571835443035,0,0
0.5542685848101265,0.2707498987341772,0,0
0.5542685848101265,0.282514079113924,0,0
0.5542685848101265,0.29427825949367087,0,0
0.5542685848101265,0.30604243987341767,0,0
0.5542685848101265,0.31780662025316453,0,0
0.5542685848101265,0.3295708006329114,0,0
0.5542685848101265,0.3413349810126582,0,0
0.5542685848101265,0.35309916139240505,0,1
0.5542685848101265,0.36486334177215185,0,1
0.5542685848101265,0.3766275221518987,0,1
0.5542685848101265,0.38839170253164557,0,1
0.5542685848101265,0.40015588291139237,0,1
0.5542685848101265,0.4119200632911392,0,1
0.5542685848101265,0.42368424367088603,0,1
0.5542685848101265,0.4354484240506329,0,1
0.5542685848101265,0.44721260443037975,0,1
0.5542685848101265,0.45897678481012655,0,1
0.5542685848101265,0.4707409651898734,0,1
0.5542685848101265,0.4825051455696202,0,1
0.5542685848101265,0.49426932594936707,0,1
0.5542685848101265,0.5060335063291139,0,1
0.5542685848101265,0.5177976867088607,0,1
0.5542685848101265,0.5295618670886075,0,1
0.5542685848101265,0.5413260474683544,0,1
0.5542685848101265,0.5530902278481012,0,1
0.5542685848101265,0.564854408227848,0,1
0.5542685848101265,0.576618588607595,0,1
0.5542685848101265,0.5883827689873418,0,1
0.5542685848101265,0.6001469493670886,0,1
0.5542685848101265,0.6119111297468354,0,1
0.5542685848101265,0.6236753101265823,0,1
0.5542685848101265,0.6354394905063291,0,1
0.5542685848101265,0.6472036708860759,0,1
0.5542685848101265,0.6589678512658228,0,1
0.5542685848101265,0.6707320316455696,0,1
0.5542685848101265,0.6824962120253164,0,1
0.5542685848101265,0.6942603924050633,0,1
0.5542685848101265,0.7060245727848101,0,1
0.5542685848101265,0.7177887531645569,0,1
0.5542685848101265,0.7295529335443037,0,1
0.5542685848101265,0.7413171139240506,0,1
0.5542685848101265,0.7530812943037974,0,1
0.5542685848101265,0.7648454746835442,0,1
0.5542685848101265,0.7766096550632912,0,1
0.5542685848101265,0.788373835443038,0,1
0.5542685848101265,0.8001380158227848,0,1
0.5542685848101265,0.8119021962025316,0,1
0.5542685848101265,0.8236663765822785,0,1
0.5542685848101265,0.8354305569620253,0,1
0.5542685848101265,0.8471947373417721,0,1
0.5542685848101265,0.858958917721519,0,1
0.5542685848101265,0.8707230981012658,0,1
0.5542685848101265,0.8824872784810126,0,1
0.5542685848101265,0.8942514588607595,0,1
0.5542685848101265,0.9060156392405063,0,1
0.5542685848101265,0.9177798196202531,0,1
0.5542685848101265,0.929544,0,1
0.5668288481012658,0.00017375,0,0
0.5668288481012658,0.011937930379746836,0,0
0.5668288481012658,0.02370211075949367,0,0
0.5668288481012658,0.035466291139240505,0,0
0.5668288481012658,0.04723047151898734,0,0
0.5668288481012658,0.05899465189873418,0,0
0.5668288481012658,0.07075883227848101,0,0
0.5668288481012658,0.08252301265822785,0,0
0.5668288481012658,0.09428719303797468,0,0
0.5668288481012658,0.10605137341772151,0,0
0.5668288481012658,0.11781555379746836,0,0
0.5668288481012658,0.1295797341772152,0,0
0.5668288481012658,0.14134391455696202,0,0
0.5668288481012658,0.15310809493670885,0,0
0.5668288481012658,0.1648722753164557,0,0
0.5668288481012658,0.17663645569620254,0,0
0.5668288481012658,0.18840063607594937,0,0
0.5668288481012658,0.2001648164556962,0,0
0.5668288481012658,0.21192899683544303,0,0
0.5668288481012658,0.2236931772151899,0,0
0.5668288481012658,0.23545735759493672,0,0
0.5668288481012658,0.24722153797468355,0,0
0.5668288481012658,0.25898571835443035,0,0
0.5668288481012658,0.2707498987341772,0,0
0.5668288481012658,0.282514079113924,0,0
0.5668288481012658,0.29427825949367087,0,0
0.5668288481012658,0.30604243987341767,0,0
0.5668288481012658,0.31780662025316453,0,0
0.5668288481012658,0.3295708006329114,0,0
0.5668288481012658,0.3413349810126582,0,0
0.5668288481012658,0.35309916139240505,0,1
0.5668288481012658,0.36486334177215185,0,1
0.5668288481012658,0.3766275221518987,0,1
0.5668288481012658,0.38839170253164557,0,1
0.5668288481012658,0.40015588291139237,0,1
0.5668288481012658,0.4119200632911392,0,1
0.5668288481012658,0.42368424367088603,0,1
0.5668288481012658,0.4354484240506329,0,1
0.5668288481012658,0.44721260443037975,0,1
0.5668288481012658,0.45897678481012655,0,1
0.5668288481012658,0.4707409651898734,0,1
0.5668288481012658,0.4825051455696202,0,1
0.5668288481012658,0.49426932594936707,0,1
0.5668288481012658,0.5060335063291139,0,1
0.5668288481012658,0.5177976867088607,0,1
0.5668288481012658,0.5295618670886075,0,1
0.5668288481012658,0.5413260474683544,0,1
0.5668288481012658,0.5530902278481012,0,1
0.5668288481012658,0.564854408227848,0,1
0.5668288481012658,0.576618588607595,0,1
0.5668288481012658,0.5883827689873418,0,1
0.5668288481012658,0.6001469493670886,0,1
0.5668288481012658,0.6119111297468354,0,1
0.5668288481012658,0.6236753101265823,0,1
0.5668288481012658,0.6354394905063291,0,1
0.5668288481012658,0.6472036708860759,0,1
0.5668288481012658,0.6589678512658228,0,1
0.5668288481012658,0.6707320316455696,0,1
0.5668288481012658,0.6824962120253164,0,1
0.5668288481012658,0.6942603924050633,0,1
0.5668288481012658,0.7060245727848101,0,1
0.5668288481012658,0.7177887531645569,0,1
0.5668288481012658,0.7295529335443037,0,1
0.5668288481012658,0.7413171139240506,0,1
0.5668288481012658,0.7530812943037974,0,1
0.5668288481012658,0.7648454746835442,0,1
0.5668288481012658,0.7766096550632912,0,1
0.5668288481012658,0.788373835443038,0,1
0.5668288481012658,0.8001380158227848,0,1
0.5668288481012658,0.8119021962025316,0,1
0.5668288481012658,0.8236663765822785,0,1
0.5668288481012658,0.8354305569620253,0,1
0.5668288481012658,0.8471947373417721,0,1
0.5668288481012658,0.858958917721519,0,1
0.5668288481012658,0.8707230981012658,0,1
0.5668288481012658,0.8824872784810126,0,1
0.5668288481012658,0.8942514588607595,0,1
0.5668288481012658,0.9060156392405063,0,1
0.5668288481012658,0.9177798196202531,0,1
0.5668288481012658,0.929544,0,1
0.579389111392405,0.00017375,0,0
0.579389111392405,0.011937930379746836,0,0
0.579389111392405,0.02370211075949367,0,0
0.579389111392405,0.035466291139240505,0,0
0.579389111392405,0.04723047151898734,0,0
0.579389111392405,0.05899465189873418,0,0
0.579389111392405,0.07075883227848101,0,0
0.579389111392405,0.08252301265822785,0,0
0.579389111392405,0.09428719303797468,0,0
0.579389111392405,0.10605137341772151,0,0
0.579389111392405,0.11781555379746836,0,0
0.579389111392405,0.1295797341772152,0,0
0.579389111392405,0.14134391455696202,0,0
0.579389111392405,0.15310809493670885,0,0
0.579389111392405,0.1648722753164557,0,0
0.579389111392405,0.17663645569620254,0,0
0.579389111392405,0.18840063607594937,0,0
0.579389111392405,0.2001648164556962,0,0
0.579389111392405,0.21192899683544303,0,0
0.579389111392405,0.2236931772151899,0,0
0.579389111392405,0.23545735759493672,0,0
0.579389111392405,0.24722153797468355,0,0
0.579389111392405,0.25898571835443035,0,0
0.579389111392405,0.2707498987341772,0,0
0.579389111392405,0.282514079113924,0,0
0.579389111392405,0.29427825949367087,0,0
0.579389111392405,0.30604243987341767,0,0
0.579389111392405,0.31780662025316453,0,0
0.579389111392405,0.3295708006329114,0,0
0.579389111392405,0.3413349810126582,0,0
0.579389111392405,0.35309916139240505,0,1
0.579389111392405,0.36486334177215185,0,1
0.579389111392405,0.3766275221518987,0,1
0.579389111392405,0.38839170253164557,0,1
0.579389111392405,0.40015588291139237,0,1
0.579389111392405,0.4119200632911392,0,1
0.579389111392405,0.42368424367088603,0,1
0.579389111392405,0.4354484240506329,0,1
0.579389111392405,0.44721260443037975,0,1
0.579389111392405,0.45897678481012655,0,1
0.579389111392405,0.4707409651898734,0,1
0.579389111392405,0.4825051455696202,0,1
0.579389111392405,0.49426932594936707,0,1
0.579389111392405,0.5060335063291139,0,1
0.579389111392405,0.5177976867088607,0,1
0.579389111392405,0.5295618670886075,0,1
0.579389111392405,0.5413260474683544,0,1
0.579389111392405,0.5530902278481012,0,1
0.579389111392405,0.564854408227848,0,1
0.579389111392405,0.576618588607595,0,1
0.579389111392405,0.5883827689873418,0,1
0.579389111392405,0.6001469493670886,0,1
0.579389111392405,0.6119111297468354,0,1
0.579389111392405,0.6236753101265823,0,1
0.579389111392405,0.6354394905063291,0,1
0.579389111392405,0.6472036708860759,0,1
0.579389111392405,0.6589678512658228,0,1
0.579389111392405,0.6707320316455696,0,1
0.579389111392405,0.6824962120253164,0,1
0.579389111392405,0.6942603924050633,0,1
0.579389111392405,0.7060245727848101,0,1
0.579389111392405,0.7177887531645569,0,1
0.579389111392405,0.7295529335443037,0,1
0.579389111392405,0.7413171139240506,0,1
0.579389111392405,0.7530812943037974,0,1
0.579389111392405,0.7648454746835442,0,1
0.579389111392405,0.7766096550632912,0,1
0.579389111392405,0.788373835443038,0,1
0.579389111392405,0.8001380158227848,0,1
0.579389111392405,0.8119021962025316,0,1
0.579389111392405,0.8236663765822785,0,1
0.579389111392405,0.8354305569620253,0,1
0.579389111392405,0.8471947373417721,0,1
0.579389111392405,0.858958917721519,0,1
0.579389111392405,0.8707230981012658,0,1
0.579389111392405,0.8824872784810126,0,1
0.579389111392405,0.8942514588607595,0,1
0.579389111392405,0.9060156392405063,0,1
0.579389111392405,0.9177798196202531,0,1
0.579389111392405,0.929544,0,1
0.5919493746835442,0.00017375,0,0
0.5919493746835442,0.011937930379746836,0,0
0.5919493746835442,0.02370211075949367,0,0
0.5919493746835442,0.035466291139240505,0,0
0.5919493746835442,0.04723047151898734,0,0
0.5919493746835442,0.05899465189873418,0,0
0.5919493746835442,0.07075883227848101,0,0
0.5919493746835442,0.08252301265822785,0,0
0.5919493746835442,0.09428719303797468,0,0
0.5919493746835442,0.10605137341772151,0,0
0.5919493746835442,0.11781555379746836,0,0
0.5919493746835442,0.1295797341772152,0,0
0.5919493746835442,0.14134391455696202,0,0
0.5919493746835442,0.15310809493670885,0,0
0.5919493746835442,0.1648722753164557,0,0
0.5919493746835442,0.17663645569620254,0,0
0.5919493746835442,0.18840063607594937,0,0
0.5919493746835442,0.2001648164556962,0,0
0.5919493746835442,0.21192899683544303,0,0
0.5919493746835442,0.2236931772151899,0,0
0.5919493746835442,0.23545735759493672,0,0
0.5919493746835442,0.24722153797468355,0,0
0.5919493746835442,0.25898571835443035,0,0
0.5919493746835442,0.2707498987341772,0,0
0.5919493746835442,0.282514079113924,0,0
0.5919493746835442,0.29427825949367087,0,0
0.5919493746835442,0.30604243987341767,0,0
0.5919493746835442,0.31780662025316453,0,0
0.5919493746835442,0.3295708006329114,0,0
0.5919493746835442,0.3413349810126582,0,0
0.5919493746835442,0.35309916139240505,0,1
0.5919493746835442,0.36486334177215185,0,1
0.5919493746835442,0.3766275221518987,0,1
0.5919493746835442,0.38839170253164557,0,1
0.5919493746835442,0.40015588291139237,0,1
0.5919493746835442,0.4119200632911392,0,1
0.5919493746835442,0.42368424367088603,0,1
0.5919493746835442,0.4354484240506329,0,1
0.5919493746835442,0.44721260443037975,0,1
0.5919493746835442,0.45897678481012655,0,1
0.5919493746835442,0.4707409651898734,0,1
0.5919493746835442,0.4825051455696202,0,1
0.5919493746835442,0.49426932594936707,0,1
0.5919493746835442,0.5060335063291139,0,1
0.5919493746835442,0.5177976867088607,0,1
0.5919493746835442,0.5295618670886075,0,1
0.5919493746835442,0.5413260474683544,0,1
0.5919493746835442,0.5530902278481012,0,1
0.5919493746835442,0.564854408227848,0,1
0.5919493746835442,0.576618588607595,0,1
0.5919493746835442,0.5883827689873418,0,1
0.5919493746835442,0.6001469493670886,0,1
0.5919493746835442,0.6119111297468354,0,1
0.5919493746835442,0.6236753101265823,0,1
0.5919493746835442,0.6354394905063291,0,1
0.5919493746835442,0.6472036708860759,0,1
0.5919493746835442,0.6589678512658228,0,1
0.5919493746835442,0.6707320316455696,0,1
0.5919493746835442,0.6824962120253164,0,1
0.5919493746835442,0.6942603924050633,0,1
0.5919493746835442,0.7060245727848101,0,1
0.5919493746835442,0.7177887531645569,0,1
0.5919493746835442,0.7295529335443037,0,1
0.5919493746835442,0.7413171139240506,0,1
0.5919493746835442,0.7530812943037974,0,1
0.5919493746835442,0.7648454746835442,0,1
0.5919493746835442,0.7766096550632912,0,1
0.5919493746835442,0.788373835443038,0,1
0.5919493746835442,0.8001380158227848,0,1
0.5919493746835442,0.8119021962025316,0,1
0.5919493746835442,0.8236663765822785,0,1
0.5919493746835442,0.8354305569620253,0,1
0.5919493746835442,0.8471947373417721,0,1
0.5919493746835442,0.858958917721519,0,1
0.5919493746835442,0.8707230981012658,0,1
0.5919493746835442,0.8824872784810126,0,1
0.5919493746835442,0.8942514588607595,0,1
0.5919493746835442,0.9060156392405063,0,1
0.5919493746835442,0.9177798196202531,0,1
0.5919493746835442,0.929544,0,1
0.6045096379746835,0.00017375,0,0
0.6045096379746835,0.011937930379746836,0,0
0.6045096379746835,0.02370211075949367,0,0
0.6045096379746835,0.035466291139240505,0,0
0.6045096379746835,0.04723047151898734,0,0
0.6045096379746835,0.05899465189873418,0,0
0.6045096379746835,0.07075883227848101,0,0
0.6045096379746835,0.08252301265822785,0,0
0.6045096379746835,0.09428719303797468,0,0
0.6045096379746835,0.10605137341772151,0,0
0.6045096379746835,0.11781555379746836,0,0
0.6045096379746835,0.1295797341772152,0,0
0.6045096379746835,0.14134391455696202,0,0
0.6045096379746835,0.15310809493670885,0,0
0.6045096379746835,0.1648722753164557,0,0
0.6045096379746835,0.17663645569620254,0,0
0.6045096379746835,0.18840063607594937,0,0
0.6045096379746835,0.2001648164556962,0,0
0.6045096379746835,0.21192899683544303,0,0
0.6045096379746835,0.2236931772151899,0,0
0.6045096379746835,0.23545735759493672,0,0
0.6045096379746835,0.24722153797468355,0,0
0.6045096379746835,0.25898571835443035,0,0
0.6045096379746835,0.2707498987341772,0,0
0.6045096379746835,0.282514079113924,0,0
0.6045096379746835,0.29427825949367087,0,0
0.6045096379746835,0.30604243987341767,0,0
0.6045096379746835,0.31780662025316453,0,0
0.6045096379746835,0.3295708006329114,0,0
0.6045096379746835,0.3413349810126582,0,0
0.6045096379746835,0.35309916139240505,0,1
0.6045096379746835,0.36486334177215185,0,1
0.6045096379746835,0.3766275221518987,0,1
0.6045096379746835,0.38839170253164557,0,1
0.6045096379746835,0.40015588291139237,0,1
0.6045096379746835,0.4119200632911392,0,1
0.6045096379746835,0.42368424367088603,0,1
0.6045096379746835,0.4354484240506329,0,1
0.6045096379746835,0.44721260443037975,0,1
0.6045096379746835,0.45897678481012655,0,1
0.6045096379746835,0.4707409651898734,0,1
0.6045096379746835,0.4825051455696202,0,1
0.6045096379746835,0.49426932594936707,0,1
0.6045096379746835,0.5060335063291139,0,1
0.6045096379746835,0.5177976867088607,0,1
0.6045096379746835,0.5295618670886075,0,1
0.6045096379746835,0.5413260474683544,0,1
0.6045096379746835,0.5530902278481012,0,1
0.6045096379746835,0.564854408227848,0,1
0.6045096379746835,0.576618588607595,0,1
0.6045096379746835,0.5883827689873418,0,1
0.6045096379746835,0.6001469493670886,0,1
0.6045096379746835,0.6119111297468354,0,1
0.6045096379746835,0.6236753101265823,0,1
0.6045096379746835,0.6354394905063291,0,1
0.6045096379746835,0.6472036708860759,0,1
0.6045096379746835,0.6589678512658228,0,1
0.6045096379746835,0.6707320316455696,0,1
0.6045096379746835,0.6824962120253164,0,1
0.6045096379746835,0.6942603924050633,0,1
0.6045096379746835,0.7060245727848101,0,1
0.6045096379746835,0.7177887531645569,0,1
0.6045096379746835,0.7295529335443037,0,1
0.6045096379746835,0.7413171139240506,0,1
0.6045096379746835,0.7530812943037974,0,1
0.6045096379746835,0.7648454746835442,0,1
0.6045096379746835,0.7766096550632912,0,1
0.6045096379746835,0.788373835443038,0,1
0.6045096379746835,0.8001380158227848,0,1
0.6045096379746835,0.8119021962025316,0,1
0.6045096379746835,0.8236663765822785,0,1
0.6045096379746835,0.8354305569620253,0,1
0.6045096379746835,0.8471947373417721,0,1
0.6045096379746835,0.858958917721519,0,1
0.6045096379746835,0.8707230981012658,0,1
0.6045096379746835,0.8824872784810126,0,1
0.6045096379746835,0.8942514588607595,0,1
0.6045096379746835,0.9060156392405063,0,1
0.6045096379746835,0.9177798196202531,0,1
0.6045096379746835,0.929544,0,1
0.6170699012658227,0.00017375,0,0
0.6170699012658227,0.011937930379746836,0,0
0.6170699012658227,0.02370211075949367,0,0
0.6170699012658227,0.035466291139240505,0,0
0.6170699012658227,0.04723047151898734,0,0
0.6170699012658227,0.05899465189873418,0,0
0.6170699012658227,0.07075883227848101,0,0
0.6170699012658227,0.08252301265822785,0,0
0.6170699012658227,0.09428719303797468,0,0
0.6170699012658227,0.10605137341772151,0,0
0.6170699012658227,0.11781555379746836,0,0
0.6170699012658227,0.1295797341772152,0,0
0.6170699012658227,0.14134391455696202,0,0
0.6170699012658227,0.15310809493670885,0,0
0.6170699012658227,0.1648722753164557,0,0
0.6170699012658227,0.17663645569620254,0,0
0.6170699012658227,0.18840063607594937,0,0
0.6170699012658227,0.2001648164556962,0,0
0.6170699012658227,0.21192899683544303,0,0
0.6170699012658227,0.2236931772151899,0,0
0.6170699012658227,0.23545735759493672,0,0
0.6170699012658227,0.24722153797468355,0,0
0.6170699012658227,0.25898571835443035,0,0
0.6170699012658227,0.2707498987341772,0,0
0.6170699012658227,0.282514079113924,0,0
0.6170699012658227,0.29427825949367087,0,0
0.6170699012658227,0.30604243987341767,0,0
0.6170699012658227,0.31780662025316453,0,0
0.6170699012658227,0.3295708006329114,0,0
0.6170699012658227,0.3413349810126582,0,0
0.6170699012658227,0.35309916139240505,0,1
0.6170699012658227,0.36486334177215185,0,1
0.6170699012658227,0.3766275221518987,0,1
0.6170699012658227,0.38839170253164557,0,1
0.6170699012658227,0.40015588291139237,0,1
0.6170699012658227,0.4119200632911392,0,1
0.6170699012658227,0.42368424367088603,0,1
0.6170699012658227,0.4354484240506329,0,1
0.6170699012658227,0.44721260443037975,0,1
0.6170699012658227,0.45897678481012655,0,1
0.6170699012658227,0.4707409651898734,0,1
0.6170699012658227,0.4825051455696202,0,1
0.6170699012658227,0.49426932594936707,0,1
0.6170699012658227,0.5060335063291139,0,1
0.6170699012658227,0.5177976867088607,0,1
0.6170699012658227,0.5295618670886075,0,1
0.6170699012658227,0.5413260474683544,0,1
0.6170699012658227,0.5530902278481012,0,1
0.6170699012658227,0.564854408227848,0,1
0.6170699012658227,0.576618588607595,0,1
0.6170699012658227,0.5883827689873418,0,1
0.6170699012658227,0.6001469493670886,0,1
0.6170699012658227,0.6119111297468354,0,1
0.6170699012658227,0.6236753101265823,0,1
0.6170699012658227,0.6354394905063291,0,1
0.6170699012658227,0.6472036708860759,0,1
0.6170699012658227,0.6589678512658228,0,1
0.6170699012658227,0.6707320316455696,0,1
0.6170699012658227,0.6824962120253164,0,1
0.6170699012658227,0.6942603924050633,0,1
0.6170699012658227,0.7060245727848101,0,1
0.6170699012658227,0.7177887531645569,0,1
0.6170699012658227,0.7295529335443037,0,1
0.6170699012658227,0.7413171139240506,0,1
0.6170699012658227,0.7530812943037974,0,1
0.6170699012658227,0.7648454746835442,0,1
0.6170699012658227,0.7766096550632912,0,1
0.6170699012658227,0.788373835443038,0,1
0.6170699012658227,0.8001380158227848,0,1
0.6170699012658227,0.8119021962025316,0,1
0.6170699012658227,0.8236663765822785,0,1
0.6170699012658227,0.8354305569620253,0,1
0.6170699012658227,0.8471947373417721,0,1
0.6170699012658227,0.858958917721519,0,1
0.6170699012658227,0.8707230981012658,0,1
0.6170699012658227,0.8824872784810126,0,1
0.6170699012658227,0.8942514588607595,0,1
0.6170699012658227,0.9060156392405063,0,1
0.6170699012658227,0.9177798196202531,0,1
0.6170699012658227,0.929544,0,1
0.629630164556962,0.00017375,0,0
0.629630164556962,0.011937930379746836,0,0
0.629630164556962,0.02370211075949367,0,0
0.629630164556962,0.035466291139240505,0,0
0.629630164556962,0.04723047151898734,0,0
0.629630164556962,0.05899465189873418,0,0
0.629630164556962,0.07075883227848101,0,0
0.629630164556962,0.08252301265822785,0,0
0.629630164556962,0.09428719303797468,0,0
0.629630164556962,0.10605137341772151,0,0
0.629630164556962,0.11781555379746836,0,0
0.629630164556962,0.1295797341772152,0,0
0.629630164556962,0.14134391455696202,0,0
0.629630164556962,0.15310809493670885,0,0
0.629630164556962,0.1648722753164557,0,0
0.629630164556962,0.17663645569620254,0,0
0.629630164556962,0.18840063607594937,0,0
0.629630164556962,0.2001648164556962,0,0
0.629630164556962,0.21192899683544303,0,0
0.629630164556962,0.2236931772151899,0,0
0.629630164556962,0.23545735759493672,0,0
0.629630164556962,0.24722153797468355,0,0
0.629630164556962,0.25898571835443035,0,0
0.629630164556962,0.2707498987341772,0,0
0.629630164556962,0.282514079113924,0,0
0.629630164556962,0.29427825949367087,0,0
0.629630164556962,0.30604243987341767,0,0
0.629630164556962,0.31780662025316453,0,0
0.629630164556962,0.3295708006329114,0,0
0.629630164556962,0.3413349810126582,0,0
0.629630164556962,0.35309916139240505,0,1
0.629630164556962,0.36486334177215185,0,1
0.629630164556962,0.3766275221518987,0,1
0.629630164556962,0.38839170253164557,0,1
0.629630164556962,0.40015588291139237,0,1
0.629630164556962,0.4119200632911392,0,1
0.629630164556962,0.42368424367088603,0,1
0.629630164556962,0.4354484240506329,0,1
0.629630164556962,0.44721260443037975,0,1
0.629630164556962,0.45897678481012655,0,1
0.629630164556962,0.4707409651898734,0,1
0.629630164556962,0.4825051455696202,0,1
0.629630164556962,0.49426932594936707,0,1
0.629630164556962,0.5060335063291139,0,1
0.629630164556962,0.5177976867088607,0,1
0.629630164556962,0.5295618670886075,0,1
0.629630164556962,0.5413260474683544,0,1
0.629630164556962,0.5530902278481012,0,1
0.629630164556962,0.564854408227848,0,1
0.629630164556962,0.576618588607595,0,1
0.629630164556962,0.5883827689873418,0,1
0.629630164556962,0.6001469493670886,0,1
0.629630164556962,0.6119111297468354,0,1
0.629630164556962,0.6236753101265823,0,1
0.629630164556962,0.6354394905063291,0,1
0.629630164556962,0.6472036708860759,0,1
0.629630164556962,0.6589678512658228,0,1
0.629630164556962,0.6707320316455696,0,1
0.629630164556962,0.6824962120253164,0,1
0.629630164556962,0.6942603924050633,0,1
0.629630164556962,0.7060245727848101,0,1
0.629630164556962,0.7177887531645569,0,1
0.629630164556962,0.7295529335443037,0,1
0.629630164556962,0.7413171139240506,0,1
0.629630164556962,0.7530812943037974,0,1
0.629630164556962,0.7648454746835442,0,1
0.629630164556962,0.7766096550632912,0,1
0.629630164556962,0.788373835443038,0,1
0.629630164556962,0.8001380158227848,0,1
0.629630164556962,0.8119021962025316,0,1
0.629630164556962,0.8236663765822785,0,1
0.629630164556962,0.8354305569620253,0,1
0.629630164556962,0.8471947373417721,0,1
0.629630164556962,0.858958917721519,0,1
0.629630164556962,0.8707230981012658,0,1
0.629630164556962,0.8824872784810126,0,1
0.629630164556962,0.8942514588607595,0,1
0.629630164556962,0.9060156392405063,0,1
0.629630164556962,0.9177798196202531,0,1
0.629630164556962,0.929544,0,1
0.6421904278481012,0.00017375,0,0
0.6421904278481012,0.011937930379746836,0,0
0.6421904278481012,0.02370211075949367,0,0
0.6421904278481012,0.035466291139240505,0,0
0.6421904278481012,0.04723047151898734,0,0
0.6421904278481012,0.05899465189873418,0,0
0.6421904278481012,0.07075883227848101,0,0
0.6421904278481012,0.08252301265822785,0,0
0.6421904278481012,0.09428719303797468,0,0
0.6421904278481012,0.10605137341772151,0,0
0.6421904278481012,0.11781555379746836,0,0
0.6421904278481012,0.1295797341772152,0,0
0.6421904278481012,0.14134391455696202,0,0
0.6421904278481012,0.15310809493670885,0,0
0.6421904278481012,0.1648722753164557,0,0
0.6421904278481012,0.17663645569620254,0,0
0.6421904278481012,0.18840063607594937,0,0
0.6421904278481012,0.2001648164556962,0,0
0.6421904278481012,0.21192899683544303,0,0
0.6421904278481012,0.2236931772151899,0,0
0.6421904278481012,0.23545735759493672,0,0
0.6421904278481012,0.24722153797468355,0,0
0.6421904278481012,0.25898571835443035,0,0
0.6421904278481012,0.2707498987341772,0,0
0.6421904278481012,0.282514079113924,0,0
0.6421904278481012,0.29427825949367087,0,0
0.6421904278481012,0.30604243987341767,0,0
0.6421904278481012,0.31780662025316453,0,0
0.6421904278481012,0.3295708006329114,0,0
0.6421904278481012,0.3413349810126582,0,0
0.6421904278481012,0.35309916139240505,0,1
0.6421904278481012,0.36486334177215185,0,1
0.6421904278481012,0.3766275221518987,0,1
0.6421904278481012,0.38839170253164557,0,1
0.6421904278481012,0.40015588291139237,0,1
0.6421904278481012,0.4119200632911392,0,1
0.6421904278481012,0.42368424367088603,0,1
0.6421904278481012,0.4354484240506329,0,1
0.6421904278481012,0.44721260443037975,0,1
0.6421904278481012,0.45897678481012655,0,1
0.6421904278481012,0.4707409651898734,0,1
0.6421904278481012,0.4825051455696202,0,1
0.6421904278481012,0.49426932594936707,0,1
0.6421904278481012,0.5060335063291139,0,1
0.6421904278481012,0.5177976867088607,0,1
0.6421904278481012,0.5295618670886075,0,1
0.6421904278481012,0.5413260474683544,0,1
0.6421904278481012,0.5530902278481012,0,1
0.6421904278481012,0.564854408227848,0,1
0.6421904278481012,0.576618588607595,0,1
0.6421904278481012,0.5883827689873418,0,1
0.6421904278481012,0.6001469493670886,0,1
0.6421904278481012,0.6119111297468354,0,1
0.6421904278481012,0.6236753101265823,0,1
0.6421904278481012,0.6354394905063291,0,1
0.6421904278481012,0.6472036708860759,0,1
0.6421904278481012,0.6589678512658228,0,1
0.6421904278481012,0.6707320316455696,0,1
0.6421904278481012,0.6824962120253164,0,1
0.6421904278481012,0.6942603924050633,0,1
0.6421904278481012,0.7060245727848101,0,1
0.6421904278481012,0.7177887531645569,0,1
0.6421904278481012,0.7295529335443037,0,1
0.6421904278481012,0.7413171139240506,0,1
0.6421904278481012,0.7530812943037974,0,1
0.6421904278481012,0.7648454746835442,0,1
0.6421904278481012,0.7766096550632912,0,1
0.6421904278481012,0.788373835443038,0,1
0.6421904278481012,0.8001380158227848,0,1
0.6421904278481012,0.8119021962025316,0,1
0.6421904278481012,0.8236663765822785,0,1
0.6421904278481012,0.8354305569620253,0,1
0.6421904278481012,0.8471947373417721,0,1
0.6421904278481012,0.858958917721519,0,1
0.6421904278481012,0.8707230981012658,0,1
0.6421904278481012,0.8824872784810126,0,1
0.6421904278481012,0.8942514588607595,0,1
0.6421904278481012,0.9060156392405063,0,1
0.6421904278481012,0.9177798196202531,0,1
0.6421904278481012,0.929544,0,1
0.6547506911392404,0.00017375,0,0
0.6547506911392404,0.011937930379746836,0,0
0.6547506911392404,0.02370211075949367,0,0
0.6547506911392404,0.035466291139240505,0,0
0.6547506911392404,0.04723047151898734,0,0
0.6547506911392404,0.05899465189873418,0,0
0.6547506911392404,0.07075883227848101,0,0
0.6547506911392404,0.08252301265822785,0,0
0.6547506911392404,0.09428719303797468,0,0
0.6547506911392404,0.10605137341772151,0,0
0.6547506911392404,0.11781555379746836,0,0
0.6547506911392404,0.1295797341772152,0,0
0.6547506911392404,0.14134391455696202,0,0
0.6547506911392404,0.15310809493670885,0,0
0.6547506911392404,0.1648722753164557,0,0
0.6547506911392404,0.17663645569620254,0,0
0.6547506911392404,0.18840063607594937,0,0
0.6547506911392404,0.2001648164556962,0,0
0.6547506911392404,0.21192899683544303,0,0
0.6547506911392404,0.2236931772151899,0,0
0.6547506911392404,0.23545735759493672,0,0
0.6547506911392404,0.24722153797468355,0,0
0.6547506911392404,0.25898571835443035,0,0
0.6547506911392404,0.2707498987341772,0,0
0.6547506911392404,0.282514079113924,0,0
0.6547506911392404,0.29427825949367087,0,0
0.6547506911392404,0.30604243987341767,0,0
0.6547506911392404,0.31780662025316453,0,0
0.6547506911392404,0.3295708006329114,0,0
0.6547506911392404,0.3413349810126582,0,0
0.6547506911392404,0.35309916139240505,0,1
0.6547506911392404,0.36486334177215185,0,1
0.6547506911392404,0.3766275221518987,0,1
0.6547506911392404,0.38839170253164557,0,1
0.6547506911392404,0.40015588291139237,0,1
0.6547506911392404,0.4119200632911392,0,1
0.6547506911392404,0.42368424367088603,0,1
0.6547506911392404,0.4354484240506329,0,1
0.6547506911392404,0.44721260443037975,0,1
0.6547506911392404,0.45897678481012655,0,1
0.6547506911392404,0.4707409651898734,0,1
0.6547506911392404,0.4825051455696202,0,1
0.6547506911392404,0.49426932594936707,0,1
0.6547506911392404,0.5060335063291139,0,1
0.6547506911392404,0.5177976867088607,0,1
0.6547506911392404,0.5295618670886075,0,1
0.6547506911392404,0.5413260474683544,0,1
0.6547506911392404,0.5530902278481012,0,1
0.6547506911392404,0.564854408227848,0,1
0.6547506911392404,0.576618588607595,0,1
0.6547506911392404,0.5883827689873418,0,1
0.6547506911392404,0.6001469493670886,0,1
0.6547506911392404,0.6119111297468354,0,1
0.6547506911392404,0.6236753101265823,0,1
0.6547506911392404,0.6354394905063291,0,1
0.6547506911392404,0.6472036708860759,0,1
0.6547506911392404,0.6589678512658228,0,1
0.6547506911392404,0.6707320316455696,0,1
0.6547506911392404,0.6824962120253164,0,1
0.6547506911392404,0.6942603924050633,0,1
0.6547506911392404,0.7060245727848101,0,1
0.6547506911392404,0.7177887531645569,0,1
0.6547506911392404,0.7295529335443037,0,1
0.6547506911392404,0.7413171139240506,0,1
0.6547506911392404,0.7530812943037974,0,1
0.6547506911392404,0.7648454746835442,0,1
0.6547506911392404,0.7766096550632912,0,1
0.6547506911392404,0.788373835443038,0,1
0.6547506911392404,0.8001380158227848,0,1
0.6547506911392404,0.8119021962025316,0,1
0.6547506911392404,0.8236663765822785,0,1
0.6547506911392404,0.8354305569620253,0,1
0.6547506911392404,0.8471947373417721,0,1
0.6547506911392404,0.858958917721519,0,1
0.6547506911392404,0.8707230981012658,0,1
0.6547506911392404,0.8824872784810126,0,1
0.6547506911392404,0.8942514588607595,0,1
0.6547506911392404,0.9060156392405063,0,1
0.6547506911392404,0.9177798196202531,0,1
0.6547506911392404,0.929544,0,1
0.6673109544303797,0.00017375,0,0
0.6673109544303797,0.011937930379746836,0,0
0.6673109544303797,0.02370211075949367,0,0
0.6673109544303797,0.035466291139240505,0,0
0.6673109544303797,0.04723047151898734,0,0
0.6673109544303797,0.05899465189873418,0,0
0.6673109544303797,0.07075883227848101,0,0
0.6673109544303797,0.08252301265822785,0,0
0.6673109544303797,0.09428719303797468,0,0
0.6673109544303797,0.10605137341772151,0,0
0.6673109544303797,0.11781555379746836,0,0
0.6673109544303797,0.1295797341772152,0,0
0.6673109544303797,0.14134391455696202,0,0
0.6673109544303797,0.15310809493670885,0,0
0.6673109544303797,0.1648722753164557,0,0
0.6673109544303797,0.17663645569620254,0,0
0.6673109544303797,0.18840063607594937,0,0
0.6673109544303797,0.2001648164556962,0,0
0.6673109544303797,0.21192899683544303,0,0
0.6673109544303797,0.2236931772151899,0,0
0.6673109544303797,0.23545735759493672,0,0
0.6673109544303797,0.24722153797468355,0,0
0.6673109544303797,0.25898571835443035,0,0
0.6673109544303797,0.2707498987341772,0,0
0.6673109544303797,0.282514079113924,0,0
0.6673109544303797,0.29427825949367087,0,0
0.6673109544303797,0.30604243987341767,0,0
0.6673109544303797,0.31780662025316453,0,0
0.6673109544303797,0.3295708006329114,0,0
0.6673109544303797,0.3413349810126582,0,0
0.6673109544303797,0.35309916139240505,0,1
0.6673109544303797,0.36486334177215185,0,1
0.6673109544303797,0.3766275221518987,0,1
0.6673109544303797,0.38839170253164557,0,1
0.6673109544303797,0.40015588291139237,0,1
0.6673109544303797,0.4119200632911392,0,1
0.6673109544303797,0.42368424367088603,0,1
0.6673109544303797,0.4354484240506329,0,1
0.6673109544303797,0.44721260443037975,0,1
0.6673109544303797,0.45897678481012655,0,1
0.6673109544303797,0.4707409651898734,0,1
0.6673109544303797,0.4825051455696202,0,1
0.6673109544303797,0.49426932594936707,0,1
0.6673109544303797,0.5060335063291139,0,1
0.6673109544303797,0.5177976867088607,0,1
0.6673109544303797,0.5295618670886075,0,1
0.6673109544303797,0.5413260474683544,0,1
0.6673109544303797,0.5530902278481012,0,1
0.6673109544303797,0.564854408227848,0,1
0.6673109544303797,0.576618588607595,0,1
0.6673109544303797,0.5883827689873418,0,1
0.6673109544303797,0.6001469493670886,0,1
0.6673109544303797,0.6119111297468354,0,1
0.6673109544303797,0.6236753101265823,0,1
0.6673109544303797,0.6354394905063291,0,1
0.6673109544303797,0.6472036708860759,0,1
0.6673109544303797,0.6589678512658228,0,1
0.6673109544303797,0.6707320316455696,0,1
0.6673109544303797,0.6824962120253164,0,1
0.6673109544303797,0.6942603924050633,0,1
0.6673109544303797,0.7060245727848101,0,1
0.6673109544303797,0.7177887531645569,0,1
0.6673109544303797,0.7295529335443037,0,1
0.6673109544303797,0.7413171139240506,0,1
0.6673109544303797,0.7530812943037974,0,1
0.6673109544303797,0.7648454746835442,0,1
0.6673109544303797,0.7766096550632912,0,1
0.6673109544303797,0.788373835443038,0,1
0.6673109544303797,0.8001380158227848,0,1
0.6673109544303797,0.8119021962025316,0,1
0.6673109544303797,0.8236663765822785,0,1
0.6673109544303797,0.8354305569620253,0,1
0.6673109544303797,0.8471947373417721,0,1
0.6673109544303797,0.858958917721519,0,1
0.6673109544303797,0.8707230981012658,0,1
0.6673109544303797,0.8824872784810126,0,1
0.6673109544303797,0.8942514588607595,0,1
0.6673109544303797,0.9060156392405063,0,1
0.6673109544303797,0.9177798196202531,0,1
0.6673109544303797,0.929544,0,1
0.6798712177215189,0.00017375,0,0
0.6798712177215189,0.011937930379746836,0,0
0.6798712177215189,0.02370211075949367,0,0
0.6798712177215189,0.035466291139240505,0,0
0.6798712177215189,0.04723047151898734,0,0
0.6798712177215189,0.05899465189873418,0,0
0.6798712177215189,0.07075883227848101,0,0
0.6798712177215189,0.08252301265822785,0,0
0.6798712177215189,0.09428719303797468,0,0
0.6798712177215189,0.10605137341772151,0,0
0.6798712177215189,0.11781555379746836,0,0
0.6798712177215189,0.1295797341772152,0,0
0.6798712177215189,0.14134391455696202,0,0
0.6798712177215189,0.15310809493670885,0,0
0.6798712177215189,0.1648722753164557,0,0
0.6798712177215189,0.17663645569620254,0,0
0.6798712177215189,0.18840063607594937,0,0
0.6798712177215189,0.2001648164556962,0,0
0.6798712177215189,0.21192899683544303,0,0
0.6798712177215189,0.2236931772151899,0,0
0.6798712177215189,0.23545735759493672,0,0
0.6798712177215189,0.24722153797468355,0,0
0.6798712177215189,0.25898571835443035,0,0
0.6798712177215189,0.2707498987341772,0,0
0.6798712177215189,0.282514079113924,0,0
0.6798712177215189,0.29427825949367087,0,0
0.6798712177215189,0.30604243987341767,0,0
0.6798712177215189,0.31780662025316453,0,0
0.6798712177215189,0.3295708006329114,0,0
0.6798712177215189,0.3413349810126582,0,0
0.6798712177215189,0.35309916139240505,0,1
0.6798712177215189,0.36486334177215185,0,1
0.6798712177215189,0.3766275221518987,0,1
0.6798712177215189,0.38839170253164557,0,1
0.6798712177215189,0.40015588291139237,0,1
0.6798712177215189,0.4119200632911392,0,1
0.6798712177215189,0.42368424367088603,0,1
0.6798712177215189,0.4354484240506329,0,1
0.6798712177215189,0.44721260443037975,0,1
0.6798712177215189,0.45897678481012655,0,1
0.6798712177215189,0.4707409651898734,0,1
0.6798712177215189,0.4825051455696202,0,1
0.6798712177215189,0.49426932594936707,0,1
0.6798712177215189,0.5060335063291139,0,1
0.6798712177215189,0.5177976867088607,0,1
0.6798712177215189,0.5295618670886075,0,1
0.6798712177215189,0.5413260474683544,0,1
0.6798712177215189,0.5530902278481012,0,1
0.6798712177215189,0.564854408227848,0,1
0.6798712177215189,0.576618588607595,0,1
0.6798712177215189,0.5883827689873418,0,1
0.6798712177215189,0.6001469493670886,0,1
0.6798712177215189,0.6119111297468354,0,1
0.6798712177215189,0.6236753101265823,0,1
0.6798712177215189,0.6354394905063291,0,1
0.6798712177215189,0.6472036708860759,0,1
0.6798712177215189,0.6589678512658228,0,1
0.6798712177215189,0.6707320316455696,0,1
0.6798712177215189,0.6824962120253164,0,1
0.6798712177215189,0.6942603924050633,0,1
0.6798712177215189,0.7060245727848101,0,1
0.6798712177215189,0.7177887531645569,0,1
0.6798712177215189,0.7295529335443037,0,1
0.6798712177215189,0.7413171139240506,0,1
0.6798712177215189,0.7530812943037974,0,1
0.6798712177215189,0.7648454746835442,0,1
0.6798712177215189,0.7766096550632912,0,1
0.6798712177215189,0.788373835443038,0,1
0.6798712177215189,0.8001380158227848,0,1
0.6798712177215189,0.8119021962025316,0,1
0.6798712177215189,0.8236663765822785,0,1
0.6798712177215189,0.8354305569620253,0,1
0.6798712177215189,0.8471947373417721,0,1
0.6798712177215189,0.858958917721519,0,1
0.6798712177215189,0.8707230981012658,0,1
0.6798712177215189,0.8824872784810126,0,1
0.6798712177215189,0.8942514588607595,0,1
0.6798712177215189,0.9060156392405063,0,1
0.6798712177215189,0.9177798196202531,0,1
0.6798712177215189,0.929544,0,1
0.6924314810126582,0.00017375,0,0
0.6924314810126582,0.011937930379746836,0,0
0.6924314810126582,0.02370211075949367,0,0
0.6924314810126582,0.035466291139240505,0,0
0.6924314810126582,0.04723047151898734,0,0
0.6924314810126582,0.05899465189873418,0,0
0.6924314810126582,0.07075883227848101,0,0
0.6924314810126582,0.08252301265822785,0,0
0.6924314810126582,0.09428719303797468,0,0
0.6924314810126582,0.10605137341772151,0,0
0.6924314810126582,0.11781555379746836,0,0
0.6924314810126582,0.1295797341772152,0,0
0.6924314810126582,0.14134391455696202,0,0
0.6924314810126582,0.15310809493670885,0,0
0.6924314810126582,0.1648722753164557,0,0
0.6924314810126582,0.17663645569620254,0,0
0.6924314810126582,0.18840063607594937,0,0
0.6924314810126582,0.2001648164556962,0,0
0.6924314810126582,0.21192899683544303,0,0
0.6924314810126582,0.2236931772151899,0,0
0.6924314810126582,0.23545735759493672,0,0
0.6924314810126582,0.24722153797468355,0,0
0.6924314810126582,0.25898571835443035,0,0
0.6924314810126582,0.2707498987341772,0,0
0.6924314810126582,0.282514079113924,0,0
0.6924314810126582,0.29427825949367087,0,0
0.6924314810126582,0.30604243987341767,0,0
0.6924314810126582,0.31780662025316453,0,0
0.6924314810126582,0.3295708006329114,0,0
0.6924314810126582,0.3413349810126582,0,0
0.6924314810126582,0.35309916139240505,0,1
0.6924314810126582,0.36486334177215185,0,1
0.6924314810126582,0.3766275221518987,0,1
0.6924314810126582,0.38839170253164557,0,1
0.6924314810126582,0.40015588291139237,0,1
0.6924314810126582,0.4119200632911392,0,1
0.6924314810126582,0.42368424367088603,0,1
0.6924314810126582,0.4354484240506329,0,1
0.6924314810126582,0.44721260443037975,0,1
0.6924314810126582,0.45897678481012655,0,1
0.6924314810126582,0.4707409651898734,0,1
0.6924314810126582,0.4825051455696202,0,1
0.6924314810126582,0.49426932594936707,0,1
0.6924314810126582,0.5060335063291139,0,1
0.6924314810126582,0.5177976867088607,0,1
0.6924314810126582,0.5295618670886075,0,1
0.6924314810126582,0.5413260474683544,0,1
0.6924314810126582,0.5530902278481012,0,1
0.6924314810126582,0.564854408227848,0,1
0.6924314810126582,0.576618588607595,0,1
0.6924314810126582,0.5883827689873418,0,1
0.6924314810126582,0.6001469493670886,0,1
0.6924314810126582,0.6119111297468354,0,1
0.6924314810126582,0.6236753101265823,0,1
0.6924314810126582,0.6354394905063291,0,1
0.6924314810126582,0.6472036708860759,0,1
0.6924314810126582,0.6589678512658228,0,1
0.6924314810126582,0.6707320316455696,0,1
0.6924314810126582,0.6824962120253164,0,1
0.6924314810126582,0.6942603924050633,0,1
0.6924314810126582,0.7060245727848101,0,1
0.6924314810126582,0.7177887531645569,0,1
0.6924314810126582,0.7295529335443037,0,1
0.6924314810126582,0.7413171139240506,0,1
0.6924314810126582,0.7530812943037974,0,1
0.6924314810126582,0.7648454746835442,0,1
0.6924314810126582,0.7766096550632912,0,1
0.6924314810126582,0.788373835443038,0,1
0.6924314810126582,0.8001380158227848,0,1
0.6924314810126582,0.8119021962025316,0,1
0.6924314810126582,0.8236663765822785,0,1
0.6924314810126582,0.8354305569620253,0,1
0.6924314810126582,0.8471947373417721,0,1
0.6924314810126582,0.858958917721519,0,1
0.6924314810126582,0.8707230981012658,0,1
0.6924314810126582,0.8824872784810126,0,1
0.6924314810126582,0.8942514588607595,0,1
0.6924314810126582,0.9060156392405063,0,1
0.6924314810126582,0.9177798196202531,0,1
0.6924314810126582,0.929544,0,1
0.7049917443037974,0.00017375,0,0
0.7049917443037974,0.011937930379746836,0,0
0.7049917443037974,0.02370211075949367,0,0
0.7049917443037974,0.035466291139240505,0,0
0.7049917443037974,0.04723047151898734,0,0
0.7049917443037974,0.05899465189873418,0,0
0.7049917443037974,0.07075883227848101,0,0
0.7049917443037974,0.08252301265822785,0,0
0.7049917443037974,0.09428719303797468,0,0
0.7049917443037974,0.10605137341772151,0,0
0.7049917443037974,0.11781555379746836,0,0
0.7049917443037974,0.1295797341772152,0,0
0.7049917443037974,0.14134391455696202,0,0
0.7049917443037974,0.15310809493670885,0,0
0.7049917443037974,0.1648722753164557,0,0
0.7049917443037974,0.17663645569620254,0,0
0.7049917443037974,0.18840063607594937,0,0
0.7049917443037974,0.2001648164556962,0,0
0.7049917443037974,0.21192899683544303,0,0
0.7049917443037974,0.2236931772151899,0,0
0.7049917443037974,0.23545735759493672,0,0
0.7049917443037974,0.24722153797468355,0,0
0.7049917443037974,0.25898571835443035,0,0
0.7049917443037974,0.2707498987341772,0,0
0.7049917443037974,0.282514079113924,0,0
0.7049917443037974,0.29427825949367087,0,0
0.7049917443037974,0.30604243987341767,0,0
0.7049917443037974,0.31780662025316453,0,0
0.7049917443037974,0.3295708006329114,0,0
0.7049917443037974,0.3413349810126582,0,0
0.7049917443037974,0.35309916139240505,0,1
0.7049917443037974,0.36486334177215185,0,1
0.7049917443037974,0.3766275221518987,0,1
0.7049917443037974,0.38839170253164557,0,1
0.7049917443037974,0.40015588291139237,0,1
0.7049917443037974,0.4119200632911392,0,1
0.7049917443037974,0.42368424367088603,0,1
0.7049917443037974,0.4354484240506329,0,1
0.7049917443037974,0.44721260443037975,0,1
0.7049917443037974,0.45897678481012655,0,1
0.7049917443037974,0.4707409651898734,0,1
0.7049917443037974,0.4825051455696202,0,1
0.7049917443037974,0.49426932594936707,0,1
0.7049917443037974,0.5060335063291139,0,1
0.7049917443037974,0.5177976867088607,0,1
0.7049917443037974,0.5295618670886075,0,1
0.7049917443037974,0.5413260474683544,0,1
0.7049917443037974,0.5530902278481012,0,1
0.7049917443037974,0.564854408227848,0,1
0.7049917443037974,0.576618588607595,0,1
0.7049917443037974,0.5883827689873418,0,1
0.7049917443037974,0.6001469493670886,0,1
0.7049917443037974,0.6119111297468354,0,1
0.7049917443037974,0.6236753101265823,0,1
0.7049917443037974,0.6354394905063291,0,1
0.7049917443037974,0.6472036708860759,0,1
0.7049917443037974,0.6589678512658228,0,1
0.7049917443037974,0.6707320316455696,0,1
0.7049917443037974,0.6824962120253164,0,1
0.7049917443037974,0.6942603924050633,0,1
0.7049917443037974,0.7060245727848101,0,1
0.7049917443037974,0.7177887531645569,0,1
0.7049917443037974,0.7295529335443037,0,1
0.7049917443037974,0.7413171139240506,0,1
0.7049917443037974,0.7530812943037974,0,1
0.7049917443037974,0.7648454746835442,0,1
0.7049917443037974,0.7766096550632912,0,1
0.7049917443037974,0.788373835443038,0,1
0.7049917443037974,0.8001380158227848,0,1
0.7049917443037974,0.8119021962025316,0,1
0.7049917443037974,0.8236663765822785,0,1
0.7049917443037974,0.8354305569620253,0,1
0.7049917443037974,0.8471947373417721,0,1
0.7049917443037974,0.858958917721519,0,1
0.7049917443037974,0.8707230981012658,0,1
0.7049917443037974,0.8824872784810126,0,1
0.7049917443037974,0.8942514588607595,0,1
0.7049917443037974,0.9060156392405063,0,1
0.7049917443037974,0.9177798196202531,0,1
0.7049917443037974,0.929544,0,1
0.7175520075949366,0.00017375,0,0
0.7175520075949366,0.011937930379746836,0,0
0.7175520075949366,0.02370211075949367,0,0
0.7175520075949366,0.035466291139240505,0,0
0.7175520075949366,0.04723047151898734,0,0
0.7175520075949366,0.05899465189873418,0,0
0.7175520075949366,0.07075883227848101,0,0
0.7175520075949366,0.08252301265822785,0,0
0.7175520075949366,0.09428719303797468,0,0
0.7175520075949366,0.10605137341772151,0,0
0.7175520075949366,0.11781555379746836,0,0
0.7175520075949366,0.1295797341772152,0,0
0.7175520075949366,0.14134391455696202,0,0
0.7175520075949366,0.15310809493670885,0,0
0.7175520075949366,0.1648722753164557,0,0
0.7175520075949366,0.17663645569620254,0,0
0.7175520075949366,0.18840063607594937,0,0
0.7175520075949366,0.2001648164556962,0,0
0.7175520075949366,0.21192899683544303,0,0
0.7175520075949366,0.2236931772151899,0,0
0.7175520075949366,0.23545735759493672,0,0
0.7175520075949366,0.24722153797468355,0,0
0.7175520075949366,0.25898571835443035,0,0
0.7175520075949366,0.2707498987341772,0,0
0.7175520075949366,0.282514079113924,0,0
0.7175520075949366,0.29427825949367087,0,0
0.7175520075949366,0.30604243987341767,0,0
0.7175520075949366,0.31780662025316453,0,0
0.7175520075949366,0.3295708006329114,0,0
0.7175520075949366,0.3413349810126582,0,0
0.7175520075949366,0.35309916139240505,0,1
0.7175520075949366,0.36486334177215185,0,1
0.7175520075949366,0.3766275221518987,0,1
0.7175520075949366,0.38839170253164557,0,1
0.7175520075949366,0.40015588291139237,0,1
0.7175520075949366,0.4119200632911392,0,1
0.7175520075949366,0.42368424367088603,0,1
0.7175520075949366,0.4354484240506329,0,1
0.7175520075949366,0.44721260443037975,0,1
0.7175520075949366,0.45897678481012655,0,1
0.7175520075949366,0.4707409651898734,0,1
0.7175520075949366,0.4825051455696202,0,1
0.7175520075949366,0.49426932594936707,0,1
0.7175520075949366,0.5060335063291139,0,1
0.7175520075949366,0.5177976867088607,0,1
0.7175520075949366,0.5295618670886075,0,1
0.7175520075949366,0.5413260474683544,0,1
0.7175520075949366,0.5530902278481012,0,1
0.7175520075949366,0.564854408227848,0,1
0.7175520075949366,0.576618588607595,0,1
0.7175520075949366,0.5883827689873418,0,1
0.7175520075949366,0.6001469493670886,0,1
0.7175520075949366,0.6119111297468354,0,1
0.7175520075949366,0.6236753101265823,0,1
0.7175520075949366,0.6354394905063291,0,1
0.7175520075949366,0.6472036708860759,0,1
0.7175520075949366,0.6589678512658228,0,1
0.7175520075949366,0.6707320316455696,0,1
0.7175520075949366,0.6824962120253164,0,1
0.7175520075949366,0.6942603924050633,0,1
0.7175520075949366,0.7060245727848101,0,1
0.7175520075949366,0.7177887531645569,0,1
0.7175520075949366,0.7295529335443037,0,1
0.7175520075949366,0.7413171139240506,0,1
0.7175520075949366,0.7530812943037974,0,1
0.7175520075949366,0.7648454746835442,0,1
0.7175520075949366,0.7766096550632912,0,1
0.7175520075949366,0.788373835443038,0,1
0.7175520075949366,0.8001380158227848,0,1
0.7175520075949366,0.8119021962025316,0,1
0.7175520075949366,0.8236663765822785,0,1
0.7175520075949366,0.8354305569620253,0,1
0.7175520075949366,0.8471947373417721,0,1
0.7175520075949366,0.858958917721519,0,1
0.7175520075949366,0.8707230981012658,0,1
0.7175520075949366,0.8824872784810126,0,1
0.7175520075949366,0.8942514588607595,0,1
0.7175520075949366,0.9060156392405063,0,1
0.7175520075949366,0.9177798196202531,0,1
0.7175520075949366,0.929544,0,1
0.7301122708860759,0.00017375,0,0
0.7301122708860759,0.011937930379746836,0,0
0.7301122708860759,0.02370211075949367,0,0
0.7301122708860759,0.035466291139240505,0,0
0.7301122708860759,0.04723047151898734,0,0
0.7301122708860759,0.05899465189873418,0,0
0.7301122708860759,0.07075883227848101,0,0
0.7301122708860759,0.08252301265822785,0,0
0.7301122708860759,0.09428719303797468,0,0
0.7301122708860759,0.10605137341772151,0,0
0.7301122708860759,0.11781555379746836,0,0
0.7301122708860759,0.1295797341772152,0,0
0.7301122708860759,0.14134391455696202,0,0
0.7301122708860759,0.15310809493670885,0,0
0.7301122708860759,0.1648722753164557,0,0
0.7301122708860759,0.17663645569620254,0,0
0.7301122708860759,0.18840063607594937,0,0
0.7301122708860759,0.2001648164556962,0,0
0.7301122708860759,0.21192899683544303,0,0
0.7301122708860759,0.2236931772151899,0,0
0.7301122708860759,0.23545735759493672,0,0
0.7301122708860759,0.24722153797468355,0,0
0.7301122708860759,0.25898571835443035,0,0
0.7301122708860759,0.2707498987341772,0,0
0.7301122708860759,0.282514079113924,0,0
0.7301122708860759,0.29427825949367087,0,0
0.7301122708860759,0.30604243987341767,0,0
0.7301122708860759,0.31780662025316453,0,0
0.7301122708860759,0.3295708006329114,0,0
0.7301122708860759,0.3413349810126582,0,0
0.7301122708860759,0.35309916139240505,0,1
0.7301122708860759,0.36486334177215185,0,1
0.7301122708860759,0.3766275221518987,0,1
0.7301122708860759,0.38839170253164557,0,1
0.7301122708860759,0.40015588291139237,0,1
0.7301122708860759,0.4119200632911392,0,1
0.7301122708860759,0.42368424367088603,0,1
0.7301122708860759,0.4354484240506329,0,1
0.7301122708860759,0.44721260443037975,0,1
0.7301122708860759,0.45897678481012655,0,1
0.7301122708860759,0.4707409651898734,0,1
0.7301122708860759,0.4825051455696202,0,1
0.7301122708860759,0.49426932594936707,0,1
0.7301122708860759,0.5060335063291139,0,1
0.7301122708860759,0.5177976867088607,0,1
0.7301122708860759,0.5295618670886075,0,1
0.7301122708860759,0.5413260474683544,0,1
0.7301122708860759,0.5530902278481012,0,1
0.7301122708860759,0.564854408227848,0,1
0.7301122708860759,0.576618588607595,0,1
0.7301122708860759,0.5883827689873418,0,1
0.7301122708860759,0.6001469493670886,0,1
0.7301122708860759,0.6119111297468354,0,1
0.7301122708860759,0.6236753101265823,0,1
0.7301122708860759,0.6354394905063291,0,1
0.7301122708860759,0.6472036708860759,0,1
0.7301122708860759,0.6589678512658228,0,1
0.7301122708860759,0.6707320316455696,0,1
0.7301122708860759,0.6824962120253164,0,1
0.7301122708860759,0.6942603924050633,0,1
0.7301122708860759,0.7060245727848101,0,1
0.7301122708860759,0.7177887531645569,0,1
0.7301122708860759,0.7295529335443037,0,1
0.7301122708860759,0.7413171139240506,0,1
0.7301122708860759,0.7530812943037974,0,1
0.7301122708860759,0.7648454746835442,0,1
0.7301122708860759,0.7766096550632912,0,1
0.7301122708860759,0.788373835443038,0,1
0.7301122708860759,0.8001380158227848,0,1
0.7301122708860759,0.8119021962025316,0,1
0.7301122708860759,0.8236663765822785,0,1
0.7301122708860759,0.8354305569620253,0,1
0.7301122708860759,0.8471947373417721,0,1
0.7301122708860759,0.858958917721519,0,1
0.7301122708860759,0.8707230981012658,0,1
0.7301122708860759,0.8824872784810126,0,1
0.7301122708860759,0.8942514588607595,0,1
0.7301122708860759,0.9060156392405063,0,1
0.7301122708860759,0.9177798196202531,0,1
0.7301122708860759,0.929544,0,1
0.7426725341772151,0.00017375,0,0
0.7426725341772151,0.011937930379746836,0,0
0.7426725341772151,0.02370211075949367,0,0
0.7426725341772151,0.035466291139240505,0,0
0.7426725341772151,0.04723047151898734,0,0
0.7426725341772151,0.05899465189873418,0,0
0.7426725341772151,0.07075883227848101,0,0
0.7426725341772151,0.08252301265822785,0,0
0.7426725341772151,0.09428719303797468,0,0
0.7426725341772151,0.10605137341772151,0,0
0.7426725341772151,0.11781555379746836,0,0
0.7426725341772151,0.1295797341772152,0,0
0.7426725341772151,0.14134391455696202,0,0
0.7426725341772151,0.15310809493670885,0,0
0.7426725341772151,0.1648722753164557,0,0
0.7426725341772151,0.17663645569620254,0,0
0.7426725341772151,0.18840063607594937,0,0
0.7426725341772151,0.2001648164556962,0,0
0.7426725341772151,0.21192899683544303,0,0
0.7426725341772151,0.2236931772151899,0,0
0.7426725341772151,0.23545735759493672,0,0
0.7426725341772151,0.24722153797468355,0,0
0.7426725341772151,0.25898571835443035,0,0
0.7426725341772151,0.2707498987341772,0,0
0.7426725341772151,0.282514079113924,0,0
0.7426725341772151,0.29427825949367087,0,0
0.7426725341772151,0.30604243987341767,0,0
0.7426725341772151,0.31780662025316453,0,0
0.7426725341772151,0.3295708006329114,0,0
0.7426725341772151,0.3413349810126582,0,0
0.7426725341772151,0.35309916139240505,0,1
0.7426725341772151,0.36486334177215185,0,1
0.7426725341772151,0.3766275221518987,0,1
0.7426725341772151,0.38839170253164557,0,1
0.7426725341772151,0.40015588291139237,0,1
0.7426725341772151,0.4119200632911392,0,1
0.7426725341772151,0.42368424367088603,0,1
0.7426725341772151,0.4354484240506329,0,1
0.7426725341772151,0.44721260443037975,0,1
0.7426725341772151,0.45897678481012655,0,1
0.7426725341772151,0.4707409651898734,0,1
0.7426725341772151,0.4825051455696202,0,1
0.7426725341772151,0.49426932594936707,0,1
0.7426725341772151,0.5060335063291139,0,1
0.7426725341772151,0.5177976867088607,0,1
0.7426725341772151,0.5295618670886075,0,1
0.7426725341772151,0.5413260474683544,0,1
0.7426725341772151,0.5530902278481012,0,1
0.7426725341772151,0.564854408227848,0,1
0.7426725341772151,0.576618588607595,0,1
0.7426725341772151,0.5883827689873418,0,1
0.7426725341772151,0.6001469493670886,0,1
0.7426725341772151,0.6119111297468354,0,1
0.7426725341772151,0.6236753101265823,0,1
0.7426725341772151,0.6354394905063291,0,1
0.7426725341772151,0.6472036708860759,0,1
0.7426725341772151,0.6589678512658228,0,1
0.7426725341772151,0.6707320316455696,0,1
0.7426725341772151,0.6824962120253164,0,1
0.7426725341772151,0.6942603924050633,0,1
0.7426725341772151,0.7060245727848101,0,1
0.7426725341772151,0.7177887531645569,0,1
0.7426725341772151,0.7295529335443037,0,1
0.7426725341772151,0.7413171139240506,0,1
0.7426725341772151,0.7530812943037974,0,1
0.7426725341772151,0.7648454746835442,0,1
0.7426725341772151,0.7766096550632912,0,1
0.7426725341772151,0.788373835443038,0,1
0.7426725341772151,0.8001380158227848,0,1
0.7426725341772151,0.8119021962025316,0,1
0.7426725341772151,0.8236663765822785,0,1
0.7426725341772151,0.8354305569620253,0,1
0.7426725341772151,0.8471947373417721,0,1
0.7426725341772151,0.858958917721519,0,1
0.7426725341772151,0.8707230981012658,0,1
0.7426725341772151,0.8824872784810126,0,1
0.7426725341772151,0.8942514588607595,0,1
0.7426725341772151,0.9060156392405063,0,1
0.7426725341772151,0.9177798196202531,0,1
0.7426725341772151,0.929544,0,1
0.7552327974683544,0.00017375,0,0
0.7552327974683544,0.011937930379746836,0,0
0.7552327974683544,0.02370211075949367,0,0
0.7552327974683544,0.035466291139240505,0,0
0.7552327974683544,0.04723047151898734,0,0
0.7552327974683544,0.05899465189873418,0,0
0.7552327974683544,0.07075883227848101,0,0
0.7552327974683544,0.08252301265822785,0,0
0.7552327974683544,0.09428719303797468,0,0
0.7552327974683544,0.10605137341772151,0,0
0.7552327974683544,0.11781555379746836,0,0
0.7552327974683544,0.1295797341772152,0,0
0.7552327974683544,0.14134391455696202,0,0
0.7552327974683544,0.15310809493670885,0,0
0.7552327974683544,0.1648722753164557,0,0
0.7552327974683544,0.17663645569620254,0,0
0.7552327974683544,0.18840063607594937,0,0
0.7552327974683544,0.2001648164556962,0,0
0.7552327974683544,0.21192899683544303,0,0
0.7552327974683544,0.2236931772151899,0,0
0.7552327974683544,0.23545735759493672,0,0
0.7552327974683544,0.24722153797468355,0,0
0.7552327974683544,0.25898571835443035,0,0
0.7552327974683544,0.2707498987341772,0,0
0.7552327974683544,0.282514079113924,0,0
0.7552327974683544,0.29427825949367087,0,0
0.7552327974683544,0.30604243987341767,0,0
0.7552327974683544,0.31780662025316453,0,0
0.7552327974683544,0.3295708006329114,0,0
0.7552327974683544,0.3413349810126582,0,0
0.7552327974683544,0.35309916139240505,0,1
0.7552327974683544,0.36486334177215185,0,1
0.7552327974683544,0.3766275221518987,0,1
0.7552327974683544,0.38839170253164557,0,1
0.7552327974683544,0.40015588291139237,0,1
0.7552327974683544,0.4119200632911392,0,1
0.7552327974683544,0.42368424367088603,0,1
0.7552327974683544,0.4354484240506329,0,1
0.7552327974683544,0.44721260443037975,0,1
0.7552327974683544,0.45897678481012655,0,1
0.7552327974683544,0.4707409651898734,0,1
0.7552327974683544,0.4825051455696202,0,1
0.7552327974683544,0.49426932594936707,0,1
0.7552327974683544,0.5060335063291139,0,1
0.7552327974683544,0.5177976867088607,0,1
0.7552327974683544,0.5295618670886075,0,1
0.7552327974683544,0.5413260474683544,0,1
0.7552327974683544,0.5530902278481012,0,1
0.7552327974683544,0.564854408227848,0,1
0.7552327974683544,0.576618588607595,0,1
0.7552327974683544,0.5883827689873418,0,1
0.7552327974683544,0.6001469493670886,0,1
0.7552327974683544,0.6119111297468354,0,1
0.7552327974683544,0.6236753101265823,0,1
0.7552327974683544,0.6354394905063291,0,1
0.7552327974683544,0.6472036708860759,0,1
0.7552327974683544,0.6589678512658228,0,1
0.7552327974683544,0.6707320316455696,0,1
0.7552327974683544,0.6824962120253164,0,1
0.7552327974683544,0.6942603924050633,0,1
0.7552327974683544,0.7060245727848101,0,1
0.7552327974683544,0.7177887531645569,0,1
0.7552327974683544,0.7295529335443037,0,1
0.7552327974683544,0.7413171139240506,0,1
0.7552327974683544,0.7530812943037974,0,1
0.7552327974683544,0.7648454746835442,0,1
0.7552327974683544,0.7766096550632912,0,1
0.7552327974683544,0.788373835443038,0,1
0.7552327974683544,0.8001380158227848,0,1
0.7552327974683544,0.8119021962025316,0,1
0.7552327974683544,0.8236663765822785,0,1
0.7552327974683544,0.8354305569620253,0,1
0.7552327974683544,0.8471947373417721,0,1
0.7552327974683544,0.858958917721519,0,1
0.7552327974683544,0.8707230981012658,0,1
0.7552327974683544,0.8824872784810126,0,1
0.7552327974683544,0.8942514588607595,0,1
0.7552327974683544,0.9060156392405063,0,1
0.7552327974683544,0.9177798196202531,0,1
0.7552327974683544,0.929544,0,1
0.7677930607594936,0.00017375,0,0
0.7677930607594936,0.011937930379746836,0,0
0.7677930607594936,0.02370211075949367,0,0
0.7677930607594936,0.035466291139240505,0,0
0.7677930607594936,0.04723047151898734,0,0
0.7677930607594936,0.05899465189873418,0,0
0.7677930607594936,0.07075883227848101,0,0
0.7677930607594936,0.08252301265822785,0,0
0.7677930607594936,0.09428719303797468,0,0
0.7677930607594936,0.10605137341772151,0,0
0.7677930607594936,0.11781555379746836,0,0
0.7677930607594936,0.1295797341772152,0,0
0.7677930607594936,0.14134391455696202,0,0
0.7677930607594936,0.15310809493670885,0,0
0.7677930607594936,0.1648722753164557,0,0
0.7677930607594936,0.17663645569620254,0,0
0.7677930607594936,0.18840063607594937,0,0
0.7677930607594936,0.2001648164556962,0,0
0.7677930607594936,0.21192899683544303,0,0
0.7677930607594936,0.2236931772151899,0,0
0.7677930607594936,0.23545735759493672,0,0
0.7677930607594936,0.24722153797468355,0,0
0.7677930607594936,0.25898571835443035,0,0
0.7677930607594936,0.2707498987341772,0,0
0.7677930607594936,0.282514079113924,0,0
0.7677930607594936,0.29427825949367087,0,0
0.7677930607594936,0.30604243987341767,0,0
0.7677930607594936,0.31780662025316453,0,0
0.7677930607594936,0.3295708006329114,0,0
0.7677930607594936,0.3413349810126582,0,0
0.7677930607594936,0.35309916139240505,0,1
0.7677930607594936,0.36486334177215185,0,1
0.7677930607594936,0.3766275221518987,0,1
0.7677930607594936,0.38839170253164557,0,1
0.7677930607594936,0.40015588291139237,0,1
0.7677930607594936,0.4119200632911392,0,1
0.7677930607594936,0.42368424367088603,0,1
0.7677930607594936,0.4354484240506329,0,1
0.7677930607594936,0.44721260443037975,0,1
0.7677930607594936,0.45897678481012655,0,1
0.7677930607594936,0.4707409651898734,0,1
0.7677930607594936,0.4825051455696202,0,1
0.7677930607594936,0.49426932594936707,0,1
0.7677930607594936,0.5060335063291139,0,1
0.7677930607594936,0.5177976867088607,0,1
0.7677930607594936,0.5295618670886075,0,1
0.7677930607594936,0.5413260474683544,0,1
0.7677930607594936,0.5530902278481012,0,1
0.7677930607594936,0.564854408227848,0,1
0.7677930607594936,0.576618588607595,0,1
0.7677930607594936,0.5883827689873418,0,1
0.7677930607594936,0.6001469493670886,0,1
0.7677930607594936,0.6119111297468354,0,1
0.7677930607594936,0.6236753101265823,0,1
0.7677930607594936,0.6354394905063291,0,1
0.7677930607594936,0.6472036708860759,0,1
0.7677930607594936,0.6589678512658228,0,1
0.7677930607594936,0.6707320316455696,0,1
0.7677930607594936,0.6824962120253164,0,1
0.7677930607594936,0.6942603924050633,0,1
0.7677930607594936,0.7060245727848101,0,1
0.7677930607594936,0.7177887531645569,0,1
0.7677930607594936,0.7295529335443037,0,1
0.7677930607594936,0.7413171139240506,0,1
0.7677930607594936,0.7530812943037974,0,1
0.7677930607594936,0.7648454746835442,0,1
0.7677930607594936,0.7766096550632912,0,1
0.7677930607594936,0.788373835443038,0,1
0.7677930607594936,0.8001380158227848,0,1
0.7677930607594936,0.8119021962025316,0,1
0.7677930607594936,0.8236663765822785,0,1
0.7677930607594936,0.8354305569620253,0,1
0.7677930607594936,0.8471947373417721,0,1
0.7677930607594936,0.858958917721519,0,1
0.7677930607594936,0.8707230981012658,0,1
0.7677930607594936,0.8824872784810126,0,1
0.7677930607594936,0.8942514588607595,0,1
0.7677930607594936,0.9060156392405063,0,1
0.7677930607594936,0.9177798196202531,0,1
0.7677930607594936,0.929544,0,1
0.7803533240506328,0.00017375,0,0
0.7803533240506328,0.011937930379746836,0,0
0.7803533240506328,0.02370211075949367,0,0
0.7803533240506328,0.035466291139240505,0,0
0.7803533240506328,0.04723047151898734,0,0
0.7803533240506328,0.05899465189873418,0,0
0.7803533240506328,0.07075883227848101,0,0
0.7803533240506328,0.08252301265822785,0,0
0.7803533240506328,0.09428719303797468,0,0
0.7803533240506328,0.10605137341772151,0,0
0.7803533240506328,0.11781555379746836,0,0
0.7803533240506328,0.1295797341772152,0,0
0.7803533240506328,0.14134391455696202,0,0
0.7803533240506328,0.15310809493670885,0,0
0.7803533240506328,0.1648722753164557,0,0
0.7803533240506328,0.17663645569620254,0,0
0.7803533240506328,0.18840063607594937,0,0
0.7803533240506328,0.2001648164556962,0,0
0.7803533240506328,0.21192899683544303,0,0
0.7803533240506328,0.2236931772151899,0,0
0.7803533240506328,0.23545735759493672,0,0
0.7803533240506328,0.24722153797468355,0,0
0.7803533240506328,0.25898571835443035,0,0
0.7803533240506328,0.2707498987341772,0,0
0.7803533240506328,0.282514079113924,0,0
0.7803533240506328,0.29427825949367087,0,0
0.7803533240506328,0.30604243987341767,0,0
0.7803533240506328,0.31780662025316453,0,0
0.7803533240506328,0.3295708006329114,0,0
0.7803533240506328,0.3413349810126582,0,0
0.7803533240506328,0.35309916139240505,0,1
0.7803533240506328,0.36486334177215185,0,1
0.7803533240506328,0.3766275221518987,0,1
0.7803533240506328,0.38839170253164557,0,1
0.7803533240506328,0.40015588291139237,0,1
0.7803533240506328,0.4119200632911392,0,1
0.7803533240506328,0.42368424367088603,0,1
0.7803533240506328,0.4354484240506329,0,1
0.7803533240506328,0.44721260443037975,0,1
0.7803533240506328,0.45897678481012655,0,1
0.7803533240506328,0.4707409651898734,0,1
0.7803533240506328,0.4825051455696202,0,1
0.7803533240506328,0.49426932594936707,0,1
0.7803533240506328,0.5060335063291139,0,1
0.7803533240506328,0.5177976867088607,0,1
0.7803533240506328,0.5295618670886075,0,1
0.7803533240506328,0.5413260474683544,0,1
0.7803533240506328,0.5530902278481012,0,1
0.7803533240506328,0.564854408227848,0,1
0.7803533240506328,0.576618588607595,0,1
0.7803533240506328,0.5883827689873418,0,1
0.7803533240506328,0.6001469493670886,0,1
0.7803533240506328,0.6119111297468354,0,1
0.7803533240506328,0.6236753101265823,0,1
0.7803533240506328,0.6354394905063291,0,1
0.7803533240506328,0.6472036708860759,0,1
0.7803533240506328,0.6589678512658228,0,1
0.7803533240506328,0.6707320316455696,0,1
0.7803533240506328,0.6824962120253164,0,1
0.7803533240506328,0.6942603924050633,0,1
0.7803533240506328,0.7060245727848101,0,1
0.7803533240506328,0.7177887531645569,0,1
0.7803533240506328,0.7295529335443037,0,1
0.7803533240506328,0.7413171139240506,0,1
0.7803533240506328,0.7530812943037974,0,1
0.7803533240506328,0.7648454746835442,0,1
0.7803533240506328,0.7766096550632912,0,1
0.7803533240506328,0.788373835443038,0,1
0.7803533240506328,0.8001380158227848,0,1
0.7803533240506328,0.8119021962025316,0,1
0.7803533240506328,0.8236663765822785,0,1
0.7803533240506328,0.8354305569620253,0,1
0.7803533240506328,0.8471947373417721,0,1
0.7803533240506328,0.858958917721519,0,1
0.7803533240506328,0.8707230981012658,0,1
0.7803533240506328,0.8824872784810126,0,1
0.7803533240506328,0.8942514588607595,0,1
0.7803533240506328,0.9060156392405063,0,1
0.7803533240506328,0.9177798196202531,0,1
0.7803533240506328,0.929544,0,1
0.7929135873417721,0.00017375,0,0
0.7929135873417721,0.011937930379746836,0,0
0.7929135873417721,0.02370211075949367,0,0
0.7929135873417721,0.035466291139240505,0,0
0.7929135873417721,0.04723047151898734,0,0
0.7929135873417721,0.05899465189873418,0,0
0.7929135873417721,0.07075883227848101,0,0
0.7929135873417721,0.08252301265822785,0,0
0.7929135873417721,0.09428719303797468,0,0
0.7929135873417721,0.10605137341772151,0,0
0.7929135873417721,0.11781555379746836,0,0
0.7929135873417721,0.1295797341772152,0,0
0.7929135873417721,0.14134391455696202,0,0
0.7929135873417721,0.15310809493670885,0,0
0.7929135873417721,0.1648722753164557,0,0
0.7929135873417721,0.17663645569620254,0,0
0.7929135873417721,0.18840063607594937,0,0
0.7929135873417721,0.2001648164556962,0,0
0.7929135873417721,0.21192899683544303,0,0
0.7929135873417721,0.2236931772151899,0,0
0.7929135873417721,0.23545735759493672,0,0
0.7929135873417721,0.24722153797468355,0,0
0.7929135873417721,0.25898571835443035,0,0
0.7929135873417721,0.2707498987341772,0,0
0.7929135873417721,0.282514079113924,0,0
0.7929135873417721,0.29427825949367087,0,0
0.7929135873417721,0.30604243987341767,0,0
0.7929135873417721,0.31780662025316453,0,0
0.7929135873417721,0.3295708006329114,0,0
0.7929135873417721,0.3413349810126582,0,0
0.7929135873417721,0.35309916139240505,0,1
0.7929135873417721,0.36486334177215185,0,1
0.7929135873417721,0.3766275221518987,0,1
0.7929135873417721,0.38839170253164557,0,1
0.7929135873417721,0.40015588291139237,0,1
0.7929135873417721,0.4119200632911392,0,1
0.7929135873417721,0.42368424367088603,0,1
0.7929135873417721,0.4354484240506329,0,1
0.7929135873417721,0.44721260443037975,0,1
0.7929135873417721,0.45897678481012655,0,1
0.7929135873417721,0.4707409651898734,0,1
0.7929135873417721,0.4825051455696202,0,1
0.7929135873417721,0.49426932594936707,0,1
0.7929135873417721,0.5060335063291139,0,1
0.7929135873417721,0.5177976867088607,0,1
0.7929135873417721,0.5295618670886075,0,1
0.7929135873417721,0.5413260474683544,0,1
0.7929135873417721,0.5530902278481012,0,1
0.7929135873417721,0.564854408227848,0,1
0.7929135873417721,0.576618588607595,0,1
0.7929135873417721,0.5883827689873418,0,1
0.7929135873417721,0.6001469493670886,0,1
0.7929135873417721,0.6119111297468354,0,1
0.7929135873417721,0.6236753101265823,0,1
0.7929135873417721,0.6354394905063291,0,1
0.7929135873417721,0.6472036708860759,0,1
0.7929135873417721,0.6589678512658228,0,1
0.7929135873417721,0.6707320316455696,0,1
0.7929135873417721,0.6824962120253164,0,1
0.7929135873417721,0.6942603924050633,0,1
0.7929135873417721,0.7060245727848101,0,1
0.7929135873417721,0.7177887531645569,0,1
0.7929135873417721,0.7295529335443037,0,1
0.7929135873417721,0.7413171139240506,0,1
0.7929135873417721,0.7530812943037974,0,1
0.7929135873417721,0.7648454746835442,0,1
0.7929135873417721,0.7766096550632912,0,1
0.7929135873417721,0.788373835443038,0,1
0.7929135873417721,0.8001380158227848,0,1
0.7929135873417721,0.8119021962025316,0,1
0.7929135873417721,0.8236663765822785,0,1
0.7929135873417721,0.8354305569620253,0,1
0.7929135873417721,0.8471947373417721,0,1
0.7929135873417721,0.858958917721519,0,1
0.7929135873417721,0.8707230981012658,0,1
0.7929135873417721,0.8824872784810126,0,1
0.7929135873417721,0.8942514588607595,0,1
0.7929135873417721,0.9060156392405063,0,1
0.7929135873417721,0.9177798196202531,0,1
0.7929135873417721,0.929544,0,1
0.8054738506329113,0.00017375,0,0
0.8054738506329113,0.011937930379746836,0,0
0.8054738506329113,0.02370211075949367,0,0
0.8054738506329113,0.035466291139240505,0,0
0.8054738506329113,0.04723047151898734,0,0
0.8054738506329113,0.05899465189873418,0,0
0.8054738506329113,0.07075883227848101,0,0
0.8054738506329113,0.08252301265822785,0,0
0.8054738506329113,0.09428719303797468,0,0
0.8054738506329113,0.10605137341772151,0,0
0.8054738506329113,0.11781555379746836,0,0
0.8054738506329113,0.1295797341772152,0,0
0.8054738506329113,0.14134391455696202,0,0
0.8054738506329113,0.15310809493670885,0,0
0.8054738506329113,0.1648722753164557,0,0
0.8054738506329113,0.17663645569620254,0,0
0.8054738506329113,0.18840063607594937,0,0
0.8054738506329113,0.2001648164556962,0,0
0.8054738506329113,0.21192899683544303,0,0
0.8054738506329113,0.2236931772151899,0,0
0.8054738506329113,0.23545735759493672,0,0
0.8054738506329113,0.24722153797468355,0,0
0.8054738506329113,0.25898571835443035,0,0
0.8054738506329113,0.2707498987341772,0,0
0.8054738506329113,0.282514079113924,0,0
0.8054738506329113,0.29427825949367087,0,0
0.8054738506329113,0.30604243987341767,0,0
0.8054738506329113,0.31780662025316453,0,0
0.8054738506329113,0.3295708006329114,0,0
0.8054738506329113,0.3413349810126582,0,0
0.8054738506329113,0.35309916139240505,0,1
0.8054738506329113,0.36486334177215185,0,1
0.8054738506329113,0.3766275221518987,0,1
0.8054738506329113,0.38839170253164557,0,1
0.8054738506329113,0.40015588291139237,0,1
0.8054738506329113,0.4119200632911392,0,1
0.8054738506329113,0.42368424367088603,0,1
0.8054738506329113,0.4354484240506329,0,1
0.8054738506329113,0.44721260443037975,0,1
0.8054738506329113,0.45897678481012655,0,1
0.8054738506329113,0.4707409651898734,0,1
0.8054738506329113,0.4825051455696202,0,1
0.8054738506329113,0.49426932594936707,0,1
0.8054738506329113,0.5060335063291139,0,1
0.8054738506329113,0.5177976867088607,0,1
0.8054738506329113,0.5295618670886075,0,1
0.8054738506329113,0.5413260474683544,0,1
0.8054738506329113,0.5530902278481012,0,1
0.8054738506329113,0.564854408227848,0,1
0.8054738506329113,0.576618588607595,0,1
0.8054738506329113,0.5883827689873418,0,1
0.8054738506329113,0.6001469493670886,0,1
0.8054738506329113,0.6119111297468354,0,1
0.8054738506329113,0.6236753101265823,0,1
0.8054738506329113,0.6354394905063291,0,1
0.8054738506329113,0.6472036708860759,0,1
0.8054738506329113,0.6589678512658228,0,1
0.8054738506329113,0.6707320316455696,0,1
0.8054738506329113,0.6824962120253164,0,1
0.8054738506329113,0.6942603924050633,0,1
0.8054738506329113,0.7060245727848101,0,1
0.8054738506329113,0.7177887531645569,0,1
0.8054738506329113,0.7295529335443037,0,1
0.8054738506329113,0.7413171139240506,0,1
0.8054738506329113,0.7530812943037974,0,1
0.8054738506329113,0.7648454746835442,0,1
0.8054738506329113,0.7766096550632912,0,1
0.8054738506329113,0.788373835443038,0,1
0.8054738506329113,0.8001380158227848,0,1
0.8054738506329113,0.8119021962025316,0,1
0.8054738506329113,0.8236663765822785,0,1
0.8054738506329113,0.8354305569620253,0,1
0.8054738506329113,0.8471947373417721,0,1
0.8054738506329113,0.858958917721519,0,1
0.8054738506329113,0.8707230981012658,0,1
0.8054738506329113,0.8824872784810126,0,1
0.8054738506329113,0.8942514588607595,0,1
0.8054738506329113,0.9060156392405063,0,1
0.8054738506329113,0.9177798196202531,0,1
0.8054738506329113,0.929544,0,1
0.8180341139240506,0.00017375,0,0
0.8180341139240506,0.011937930379746836,0,0
0.8180341139240506,0.02370211075949367,0,0
0.8180341139240506,0.035466291139240505,0,0
0.8180341139240506,0.04723047151898734,0,0
0.8180341139240506,0.05899465189873418,0,0
0.8180341139240506,0.07075883227848101,0,0
0.8180341139240506,0.08252301265822785,0,0
0.8180341139240506,0.09428719303797468,0,0
0.8180341139240506,0.10605137341772151,0,0
0.8180341139240506,0.11781555379746836,0,0
0.8180341139240506,0.1295797341772152,0,0
0.8180341139240506,0.14134391455696202,0,0
0.8180341139240506,0.15310809493670885,0,0
0.8180341139240506,0.1648722753164557,0,0
0.8180341139240506,0.17663645569620254,0,0
0.8180341139240506,0.18840063607594937,0,0
0.8180341139240506,0.2001648164556962,0,0
0.8180341139240506,0.21192899683544303,0,0
0.8180341139240506,0.2236931772151899,0,0
0.8180341139240506,0.23545735759493672,0,0
0.8180341139240506,0.24722153797468355,0,0
0.8180341139240506,0.25898571835443035,0,0
0.8180341139240506,0.2707498987341772,0,0
0.8180341139240506,0.282514079113924,0,0
0.8180341139240506,0.29427825949367087,0,0
0.8180341139240506,0.30604243987341767,0,0
0.8180341139240506,0.31780662025316453,0,0
0.8180341139240506,0.3295708006329114,0,0
0.8180341139240506,0.3413349810126582,0,0
0.8180341139240506,0.35309916139240505,0,1
0.8180341139240506,0.36486334177215185,0,1
0.8180341139240506,0.3766275221518987,0,1
0.8180341139240506,0.38839170253164557,0,1
0.8180341139240506,0.40015588291139237,0,1
0.8180341139240506,0.4119200632911392,0,1
0.8180341139240506,0.42368424367088603,0,1
0.8180341139240506,0.4354484240506329,0,1
0.8180341139240506,0.44721260443037975,0,1
0.8180341139240506,0.45897678481012655,0,1
0.8180341139240506,0.4707409651898734,0,1
0.8180341139240506,0.4825051455696202,0,1
0.8180341139240506,0.49426932594936707,0,1
0.8180341139240506,0.5060335063291139,0,1
0.8180341139240506,0.5177976867088607,0,1
0.8180341139240506,0.5295618670886075,0,1
0.8180341139240506,0.5413260474683544,0,1
0.8180341139240506,0.5530902278481012,0,1
0.8180341139240506,0.564854408227848,0,1
0.8180341139240506,0.576618588607595,0,1
0.8180341139240506,0.5883827689873418,0,1
0.8180341139240506,0.6001469493670886,0,1
0.8180341139240506,0.6119111297468354,0,1
0.8180341139240506,0.6236753101265823,0,1
0.8180341139240506,0.6354394905063291,0,1
0.8180341139240506,0.6472036708860759,0,1
0.8180341139240506,0.6589678512658228,0,1
0.8180341139240506,0.6707320316455696,0,1
0.8180341139240506,0.6824962120253164,0,1
0.8180341139240506,0.6942603924050633,0,1
0.8180341139240506,0.7060245727848101,0,1
0.8180341139240506,0.7177887531645569,0,1
0.8180341139240506,0.7295529335443037,0,1
0.8180341139240506,0.7413171139240506,0,1
0.8180341139240506,0.7530812943037974,0,1
0.8180341139240506,0.7648454746835442,0,1
0.8180341139240506,0.7766096550632912,0,1
0.8180341139240506,0.788373835443038,0,1
0.8180341139240506,0.8001380158227848,0,1
0.8180341139240506,0.8119021962025316,0,1
0.8180341139240506,0.8236663765822785,0,1
0.8180341139240506,0.8354305569620253,0,1
0.8180341139240506,0.8471947373417721,0,1
0.8180341139240506,0.858958917721519,0,1
0.8180341139240506,0.8707230981012658,0,1
0.8180341139240506,0.8824872784810126,0,1
0.8180341139240506,0.8942514588607595,0,1
0.8180341139240506,0.9060156392405063,0,1
0.8180341139240506,0.9177798196202531,0,1
0.8180341139240506,0.929544,0,1
0.8305943772151898,0.00017375,0,0
0.8305943772151898,0.011937930379746836,0,0
0.8305943772151898,0.02370211075949367,0,0
0.8305943772151898,0.035466291139240505,0,0
0.8305943772151898,0.04723047151898734,0,0
0.8305943772151898,0.05899465189873418,0,0
0.8305943772151898,0.07075883227848101,0,0
0.8305943772151898,0.08252301265822785,0,0
0.8305943772151898,0.09428719303797468,0,0
0.8305943772151898,0.10605137341772151,0,0
0.8305943772151898,0.11781555379746836,0,0
0.8305943772151898,0.1295797341772152,0,0
0.8305943772151898,0.14134391455696202,0,0
0.8305943772151898,0.15310809493670885,0,0
0.8305943772151898,0.1648722753164557,0,0
0.8305943772151898,0.17663645569620254,0,0
0.8305943772151898,0.18840063607594937,0,0
0.8305943772151898,0.2001648164556962,0,0
0.8305943772151898,0.21192899683544303,0,0
0.8305943772151898,0.2236931772151899,0,0
0.8305943772151898,0.23545735759493672,0,0
0.8305943772151898,0.24722153797468355,0,0
0.8305943772151898,0.25898571835443035,0,0
0.8305943772151898,0.2707498987341772,0,0
0.8305943772151898,0.282514079113924,0,0
0.8305943772151898,0.29427825949367087,0,0
0.8305943772151898,0.30604243987341767,0,0
0.8305943772151898,0.31780662025316453,0,0
0.8305943772151898,0.3295708006329114,0,0
0.8305943772151898,0.3413349810126582,0,0
0.8305943772151898,0.35309916139240505,0,0
0.8305943772151898,0.36486334177215185,0,0
0.8305943772151898,0.3766275221518987,0,0
0.8305943772151898,0.38839170253164557,0,0
0.8305943772151898,0.40015588291139237,0,0
0.8305943772151898,0.4119200632911392,0,0
0.8305943772151898,0.42368424367088603,0,0
0.8305943772151898,0.4354484240506329,0,0
0.8305943772151898,0.44721260443037975,0,0
0.8305943772151898,0.45897678481012655,0,0
0.8305943772151898,0.4707409651898734,0,0
0.8305943772151898,0.4825051455696202,0,0
0.8305943772151898,0.49426932594936707,0,0
0.8305943772151898,0.5060335063291139,0,0
0.8305943772151898,0.5177976867088607,0,0
0.8305943772151898,0.5295618670886075,0,0
0.8305943772151898,0.5413260474683544,0,0
0.8305943772151898,0.5530902278481012,0,0
0.8305943772151898,0.564854408227848,0,0
0.8305943772151898,0.576618588607595,0,0
0.8305943772151898,0.5883827689873418,0,0
0.8305943772151898,0.6001469493670886,0,0
0.8305943772151898,0.6119111297468354,0,0
0.8305943772151898,0.6236753101265823,0,0
0.8305943772151898,0.6354394905063291,0,0
0.8305943772151898,0.6472036708860759,0,0
0.8305943772151898,0.6589678512658228,0,0
0.8305943772151898,0.6707320316455696,0,0
0.8305943772151898,0.6824962120253164,0,0
0.8305943772151898,0.6942603924050633,0,0
0.8305943772151898,0.7060245727848101,0,0
0.8305943772151898,0.7177887531645569,0,0
0.8305943772151898,0.7295529335443037,0,0
0.8305943772151898,0.7413171139240506,0,0
0.8305943772151898,0.7530812943037974,0,0
0.8305943772151898,0.7648454746835442,0,0
0.8305943772151898,0.7766096550632912,0,0
0.8305943772151898,0.788373835443038,0,0
0.8305943772151898,0.8001380158227848,0,0
0.8305943772151898,0.8119021962025316,0,0
0.8305943772151898,0.8236663765822785,0,0
0.8305943772151898,0.8354305569620253,0,0
0.8305943772151898,0.8471947373417721,0,0
0.8305943772151898,0.858958917721519,0,0
0.8305943772151898,0.8707230981012658,0,0
0.8305943772151898,0.8824872784810126,0,0
0.8305943772151898,0.8942514588607595,0,0
0.8305943772151898,0.9060156392405063,0,0
0.8305943772151898,0.9177798196202531,0,0
0.8305943772151898,0.929544,0,0
0.843154640506329,0.00017375,0,0
0.843154640506329,0.011937930379746836,0,0
0.843154640506329,0.02370211075949367,0,0
0.843154640506329,0.035466291139240505,0,0
0.843154640506329,0.04723047151898734,0,0
0.843154640506329,0.05899465189873418,0,0
0.843154640506329,0.07075883227848101,0,0
0.843154640506329,0.08252301265822785,0,0
0.843154640506329,0.09428719303797468,0,0
0.843154640506329,0.10605137341772151,0,0
0.843154640506329,0.11781555379746836,0,0
0.843154640506329,0.1295797341772152,0,0
0.843154640506329,0.14134391455696202,0,0
0.843154640506329,0.15310809493670885,0,0
0.843154640506329,0.1648722753164557,0,0
0.843154640506329,0.17663645569620254,0,0
0.843154640506329,0.18840063607594937,0,0
0.843154640506329,0.2001648164556962,0,0
0.843154640506329,0.21192899683544303,0,0
0.843154640506329,0.2236931772151899,0,0
0.843154640506329,0.23545735759493672,0,0
0.843154640506329,0.24722153797468355,0,0
0.843154640506329,0.25898571835443035,0,0
0.843154640506329,0.2707498987341772,0,0
0.843154640506329,0.282514079113924,0,0
0.843154640506329,0.29427825949367087,0,0
0.843154640506329,0.30604243987341767,0,0
0.843154640506329,0.31780662025316453,0,0
0.843154640506329,0.3295708006329114,0,0
0.843154640506329,0.3413349810126582,0,0
0.843154640506329,0.35309916139240505,0,0
0.843154640506329,0.36486334177215185,0,0
0.843154640506329,0.3766275221518987,0,0
0.843154640506329,0.38839170253164557,0,0
0.843154640506329,0.40015588291139237,0,0
0.843154640506329,0.4119200632911392,0,0
0.843154640506329,0.42368424367088603,0,0
0.843154640506329,0.4354484240506329,0,0
0.843154640506329,0.44721260443037975,0,0
0.843154640506329,0.45897678481012655,0,0
0.843154640506329,0.4707409651898734,0,0
0.843154640506329,0.4825051455696202,0,0
0.843154640506329,0.49426932594936707,0,0
0.843154640506329,0.5060335063291139,0,0
0.843154640506329,0.5177976867088607,0,0
0.843154640506329,0.5295618670886075,0,0
0.843154640506329,0.5413260474683544,0,0
0.843154640506329,0.5530902278481012,0,0
0.843154640506329,0.564854408227848,0,0
0.843154640506329,0.576618588607595,0,0
0.843154640506329,0.5883827689873418,0,0
0.843154640506329,0.6001469493670886,0,0
0.843154640506329,0.6119111297468354,0,0
0.843154640506329,0.6236753101265823,0,0
0.843154640506329,0.6354394905063291,0,0
0.843154640506329,0.6472036708860759,0,0
0.843154640506329,0.6589678512658228,0,0
0.843154640506329,0.6707320316455696,0,0
0.843154640506329,0.6824962120253164,0,0
0.843154640506329,0.6942603924050633,0,0
0.843154640506329,0.7060245727848101,0,0
0.843154640506329,0.7177887531645569,0,0
0.843154640506329,0.7295529335443037,0,0
0.843154640506329,0.7413171139240506,0,0
0.843154640506329,0.7530812943037974,0,0
0.843154640506329,0.7648454746835442,0,0
0.843154640506329,0.7766096550632912,0,0
0.843154640506329,0.788373835443038,0,0
0.843154640506329,0.8001380158227848,0,0
0.843154640506329,0.8119021962025316,0,0
0.843154640506329,0.8236663765822785,0,0
0.843154640506329,0.8354305569620253,0,0
0.843154640506329,0.8471947373417721,0,0
0.843154640506329,0.858958917721519,0,0
0.843154640506329,0.8707230981012658,0,0
0.843154640506329,0.8824872784810126,0,0
0.843154640506329,0.8942514588607595,0,0
0.843154640506329,0.9060156392405063,0,0
0.843154640506329,0.9177798196202531,0,0
0.843154640506329,0.929544,0,0
0.8557149037974683,0.00017375,0,0
0.8557149037974683,0.011937930379746836,0,0
0.8557149037974683,0.02370211075949367,0,0
0.8557149037974683,0.035466291139240505,0,0
0.8557149037974683,0.04723047151898734,0,0
0.8557149037974683,0.05899465189873418,0,0
0.8557149037974683,0.07075883227848101,0,0
0.8557149037974683,0.08252301265822785,0,0
0.8557149037974683,0.09428719303797468,0,0
0.8557149037974683,0.10605137341772151,0,0
0.8557149037974683,0.11781555379746836,0,0
0.8557149037974683,0.1295797341772152,0,0
0.8557149037974683,0.14134391455696202,0,0
0.8557149037974683,0.15310809493670885,0,0
0.8557149037974683,0.1648722753164557,0,0
0.8557149037974683,0.17663645569620254,0,0
0.8557149037974683,0.18840063607594937,0,0
0.8557149037974683,0.2001648164556962,0,0
0.8557149037974683,0.21192899683544303,0,0
0.8557149037974683,0.2236931772151899,0,0
0.8557149037974683,0.23545735759493672,0,0
0.8557149037974683,0.24722153797468355,0,0
0.8557149037974683,0.25898571835443035,0,0
0.8557149037974683,0.2707498987341772,0,0
0.8557149037974683,0.282514079113924,0,0
0.8557149037974683,0.29427825949367087,0,0
0.8557149037974683,0.30604243987341767,0,0
0.8557149037974683,0.31780662025316453,0,0
0.8557149037974683,0.3295708006329114,0,0
0.8557149037974683,0.3413349810126582,0,0
0.8557149037974683,0.35309916139240505,0,0
0.8557149037974683,0.36486334177215185,0,0
0.8557149037974683,0.3766275221518987,0,0
0.8557149037974683,0.38839170253164557,0,0
0.8557149037974683,0.40015588291139237,0,0
0.8557149037974683,0.4119200632911392,0,0
0.8557149037974683,0.42368424367088603,0,0
0.8557149037974683,0.4354484240506329,0,0
0.8557149037974683,0.44721260443037975,0,0
0.8557149037974683,0.45897678481012655,0,0
0.8557149037974683,0.4707409651898734,0,0
0.8557149037974683,0.4825051455696202,0,0
0.8557149037974683,0.49426932594936707,0,0
0.8557149037974683,0.5060335063291139,0,0
0.8557149037974683,0.5177976867088607,0,0
0.8557149037974683,0.5295618670886075,0,0
0.8557149037974683,0.5413260474683544,0,0
0.8557149037974683,0.5530902278481012,0,0
0.8557149037974683,0.564854408227848,0,0
0.8557149037974683,0.576618588607595,0,0
0.8557149037974683,0.5883827689873418,0,0
0.8557149037974683,0.6001469493670886,0,0
0.8557149037974683,0.6119111297468354,0,0
0.8557149037974683,0.6236753101265823,0,0
0.8557149037974683,0.6354394905063291,0,0
0.8557149037974683,0.6472036708860759,0,0
0.8557149037974683,0.6589678512658228,0,0
0.8557149037974683,0.6707320316455696,0,0
0.8557149037974683,0.6824962120253164,0,0
0.8557149037974683,0.6942603924050633,0,0
0.8557149037974683,0.7060245727848101,0,0
0.8557149037974683,0.7177887531645569,0,0
0.8557149037974683,0.7295529335443037,0,0
0.8557149037974683,0.7413171139240506,0,0
0.8557149037974683,0.7530812943037974,0,0
0.8557149037974683,0.7648454746835442,0,0
0.8557149037974683,0.7766096550632912,0,0
0.8557149037974683,0.788373835443038,0,0
0.8557149037974683,0.8001380158227848,0,0
0.8557149037974683,0.8119021962025316,0,0
0.8557149037974683,0.8236663765822785,0,0
0.8557149037974683,0.8354305569620253,0,0
0.8557149037974683,0.8471947373417721,0,0
0.8557149037974683,0.858958917721519,0,0
0.8557149037974683,0.8707230981012658,0,0
0.8557149037974683,0.8824872784810126,0,0
0.8557149037974683,0.8942514588607595,0,0
0.8557149037974683,0.9060156392405063,0,0
0.8557149037974683,0.9177798196202531,0,0
0.8557149037974683,0.929544,0,0
0.8682751670886075,0.00017375,0,0
0.8682751670886075,0.011937930379746836,0,0
0.8682751670886075,0.02370211075949367,0,0
0.8682751670886075,0.035466291139240505,0,0
0.8682751670886075,0.04723047151898734,0,0
0.8682751670886075,0.05899465189873418,0,0
0.8682751670886075,0.07075883227848101,0,0
0.8682751670886075,0.08252301265822785,0,0
0.8682751670886075,0.09428719303797468,0,0
0.8682751670886075,0.10605137341772151,0,0
0.8682751670886075,0.11781555379746836,0,0
0.8682751670886075,0.1295797341772152,0,0
0.8682751670886075,0.14134391455696202,0,0
0.8682751670886075,0.15310809493670885,0,0
0.8682751670886075,0.1648722753164557,0,0
0.8682751670886075,0.17663645569620254,0,0
0.8682751670886075,0.18840063607594937,0,0
0.8682751670886075,0.2001648164556962,0,0
0.8682751670886075,0.21192899683544303,0,0
0.8682751670886075,0.2236931772151899,0,0
0.8682751670886075,0.23545735759493672,0,0
0.8682751670886075,0.24722153797468355,0,0
0.8682751670886075,0.25898571835443035,0,0
0.8682751670886075,0.2707498987341772,0,0
0.8682751670886075,0.282514079113924,0,0
0.8682751670886075,0.29427825949367087,0,0
0.8682751670886075,0.30604243987341767,0,0
0.8682751670886075,0.31780662025316453,0,0
0.8682751670886075,0.3295708006329114,0,0
0.8682751670886075,0.3413349810126582,0,0
0.8682751670886075,0.35309916139240505,0,0
0.8682751670886075,0.36486334177215185,0,0
0.8682751670886075,0.3766275221518987,0,0
0.8682751670886075,0.38839170253164557,0,0
0.8682751670886075,0.40015588291139237,0,0
0.8682751670886075,0.4119200632911392,0,0
0.8682751670886075,0.42368424367088603,0,0
0.8682751670886075,0.4354484240506329,0,0
0.8682751670886075,0.44721260443037975,0,0
0.8682751670886075,0.45897678481012655,0,0
0.8682751670886075,0.4707409651898734,0,0
0.8682751670886075,0.4825051455696202,0,0
0.8682751670886075,0.49426932594936707,0,0
0.8682751670886075,0.5060335063291139,0,0
0.8682751670886075,0.5177976867088607,0,0
0.8682751670886075,0.5295618670886075,0,0
0.8682751670886075,0.5413260474683544,0,0
0.8682751670886075,0.5530902278481012,0,0
0.8682751670886075,0.564854408227848,0,0
0.8682751670886075,0.576618588607595,0,0
0.8682751670886075,0.5883827689873418,0,0
0.8682751670886075,0.6001469493670886,0,0
0.8682751670886075,0.6119111297468354,0,0
0.8682751670886075,0.6236753101265823,0,0
0.8682751670886075,0.6354394905063291,0,0
0.8682751670886075,0.6472036708860759,0,0
0.8682751670886075,0.6589678512658228,0,0
0.8682751670886075,0.6707320316455696,0,0
0.8682751670886075,0.6824962120253164,0,0
0.8682751670886075,0.6942603924050633,0,0
0.8682751670886075,0.7060245727848101,0,0
0.8682751670886075,0.7177887531645569,0,0
0.8682751670886075,0.7295529335443037,0,0
0.8682751670886075,0.7413171139240506,0,0
0.8682751670886075,0.7530812943037974,0,0
0.8682751670886075,0.7648454746835442,0,0
0.8682751670886075,0.7766096550632912,0,0
0.8682751670886075,0.788373835443038,0,0
0.8682751670886075,0.8001380158227848,0,0
0.8682751670886075,0.8119021962025316,0,0
0.8682751670886075,0.8236663765822785,0,0
0.8682751670886075,0.8354305569620253,0,0
0.8682751670886075,0.8471947373417721,0,0
0.8682751670886075,0.858958917721519,0,0
0.8682751670886075,0.8707230981012658,0,0
0.8682751670886075,0.8824872784810126,0,0
0.8682751670886075,0.8942514588607595,0,0
0.8682751670886075,0.9060156392405063,0,0
0.8682751670886075,0.9177798196202531,0,0
0.8682751670886075,0.929544,0,0
0.8808354303797468,0.00017375,0,0
0.8808354303797468,0.011937930379746836,0,0
0.8808354303797468,0.02370211075949367,0,0
0.8808354303797468,0.035466291139240505,0,0
0.8808354303797468,0.04723047151898734,0,0
0.8808354303797468,0.05899465189873418,0,0
0.8808354303797468,0.07075883227848101,0,0
0.8808354303797468,0.08252301265822785,0,0
0.8808354303797468,0.09428719303797468,0,0
0.8808354303797468,0.10605137341772151,0,0
0.8808354303797468,0.11781555379746836,0,0
0.8808354303797468,0.1295797341772152,0,0
0.8808354303797468,0.14134391455696202,0,0
0.8808354303797468,0.15310809493670885,0,0
0.8808354303797468,0.1648722753164557,0,0
0.8808354303797468,0.17663645569620254,0,0
0.8808354303797468,0.18840063607594937,0,0
0.8808354303797468,0.2001648164556962,0,0
0.8808354303797468,0.21192899683544303,0,0
0.8808354303797468,0.2236931772151899,0,0
0.8808354303797468,0.23545735759493672,0,0
0.8808354303797468,0.24722153797468355,0,0
0.8808354303797468,0.25898571835443035,0,0
0.8808354303797468,0.2707498987341772,0,0
0.8808354303797468,0.282514079113924,0,0
0.8808354303797468,0.29427825949367087,0,0
0.8808354303797468,0.30604243987341767,0,0
0.8808354303797468,0.31780662025316453,0,0
0.8808354303797468,0.3295708006329114,0,0
0.8808354303797468,0.3413349810126582,0,0
0.8808354303797468,0.35309916139240505,0,0
0.8808354303797468,0.36486334177215185,0,0
0.8808354303797468,0.3766275221518987,0,0
0.8808354303797468,0.38839170253164557,0,0
0.8808354303797468,0.40015588291139237,0,0
0.8808354303797468,0.4119200632911392,0,0
0.8808354303797468,0.42368424367088603,0,0
0.8808354303797468,0.4354484240506329,0,0
0.8808354303797468,0.44721260443037975,0,0
0.8808354303797468,0.45897678481012655,0,0
0.8808354303797468,0.4707409651898734,0,0
0.8808354303797468,0.4825051455696202,0,0
0.8808354303797468,0.49426932594936707,0,0
0.8808354303797468,0.5060335063291139,0,0
0.8808354303797468,0.5177976867088607,0,0
0.8808354303797468,0.5295618670886075,0,0
0.8808354303797468,0.5413260474683544,0,0
0.8808354303797468,0.5530902278481012,0,0
0.8808354303797468,0.564854408227848,0,0
0.8808354303797468,0.576618588607595,0,0
0.8808354303797468,0.5883827689873418,0,0
0.8808354303797468,0.6001469493670886,0,0
0.8808354303797468,0.6119111297468354,0,0
0.8808354303797468,0.6236753101265823,0,0
0.8808354303797468,0.6354394905063291,0,0
0.8808354303797468,0.6472036708860759,0,0
0.8808354303797468,0.6589678512658228,0,0
0.8808354303797468,0.6707320316455696,0,0
0.8808354303797468,0.6824962120253164,0,0
0.8808354303797468,0.6942603924050633,0,0
0.8808354303797468,0.7060245727848101,0,0
0.8808354303797468,0.7177887531645569,0,0
0.8808354303797468,0.7295529335443037,0,0
0.8808354303797468,0.7413171139240506,0,0
0.8808354303797468,0.7530812943037974,0,0
0.8808354303797468,0.7648454746835442,0,0
0.8808354303797468,0.7766096550632912,0,0
0.8808354303797468,0.788373835443038,0,0
0.8808354303797468,0.8001380158227848,0,0
0.8808354303797468,0.8119021962025316,0,0
0.8808354303797468,0.8236663765822785,0,0
0.8808354303797468,0.8354305569620253,0,0
0.8808354303797468,0.8471947373417721,0,0
0.8808354303797468,0.858958917721519,0,0
0.8808354303797468,0.8707230981012658,0,0
0.8808354303797468,0.8824872784810126,0,0
0.8808354303797468,0.8942514588607595,0,0
0.8808354303797468,0.9060156392405063,0,0
0.8808354303797468,0.9177798196202531,0,0
0.8808354303797468,0.929544,0,0
0.893395693670886,0.00017375,0,0
0.893395693670886,0.011937930379746836,0,0
0.893395693670886,0.02370211075949367,0,0
0.893395693670886,0.035466291139240505,0,0
0.893395693670886,0.04723047151898734,0,0
0.893395693670886,0.05899465189873418,0,0
0.893395693670886,0.07075883227848101,0,0
0.893395693670886,0.08252301265822785,0,0
0.893395693670886,0.09428719303797468,0,0
0.893395693670886,0.10605137341772151,0,0
0.893395693670886,0.11781555379746836,0,0
0.893395693670886,0.1295797341772152,0,0
0.893395693670886,0.14134391455696202,0,0
0.893395693670886,0.15310809493670885,0,0
0.893395693670886,0.1648722753164557,0,0
0.893395693670886,0.17663645569620254,0,0
0.893395693670886,0.18840063607594937,0,0
0.893395693670886,0.2001648164556962,0,0
0.893395693670886,0.21192899683544303,0,0
0.893395693670886,0.2236931772151899,0,0
0.893395693670886,0.23545735759493672,0,0
0.893395693670886,0.24722153797468355,0,0
0.893395693670886,0.25898571835443035,0,0
0.893395693670886,0.2707498987341772,0,0
0.893395693670886,0.282514079113924,0,0
0.893395693670886,0.29427825949367087,0,0
0.893395693670886,0.30604243987341767,0,0
0.893395693670886,0.31780662025316453,0,0
0.893395693670886,0.3295708006329114,0,0
0.893395693670886,0.3413349810126582,0,0
0.893395693670886,0.35309916139240505,0,0
0.893395693670886,0.36486334177215185,0,0
0.893395693670886,0.3766275221518987,0,0
0.893395693670886,0.38839170253164557,0,0
0.893395693670886,0.40015588291139237,0,0
0.893395693670886,0.4119200632911392,0,0
0.893395693670886,0.42368424367088603,0,0
0.893395693670886,0.4354484240506329,0,0
0.893395693670886,0.44721260443037975,0,0
0.893395693670886,0.45897678481012655,0,0
0.893395693670886,0.4707409651898734,0,0
0.893395693670886,0.4825051455696202,0,0
0.893395693670886,0.49426932594936707,0,0
0.893395693670886,0.5060335063291139,0,0
0.893395693670886,0.5177976867088607,0,0
0.893395693670886,0.5295618670886075,0,0
0.893395693670886,0.5413260474683544,0,0
0.893395693670886,0.5530902278481012,0,0
0.893395693670886,0.564854408227848,0,0
0.893395693670886,0.576618588607595,0,0
0.893395693670886,0.5883827689873418,0,0
0.893395693670886,0.6001469493670886,0,0
0.893395693670886,0.6119111297468354,0,0
0.893395693670886,0.6236753101265823,0,0
0.893395693670886,0.6354394905063291,0,0
0.893395693670886,0.6472036708860759,0,0
0.893395693670886,0.6589678512658228,0,0
0.893395693670886,0.6707320316455696,0,0
0.893395693670886,0.6824962120253164,0,0
0.893395693670886,0.6942603924050633,0,0
0.893395693670886,0.7060245727848101,0,0
0.893395693670886,0.7177887531645569,0,0
0.893395693670886,0.7295529335443037,0,0
0.893395693670886,0.7413171139240506,0,0
0.893395693670886,0.7530812943037974,0,0
0.893395693670886,0.7648454746835442,0,0
0.893395693670886,0.7766096550632912,0,0
0.893395693670886,0.788373835443038,0,0
0.893395693670886,0.8001380158227848,0,0
0.893395693670886,0.8119021962025316,0,0
0.893395693670886,0.8236663765822785,0,0
0.893395693670886,0.8354305569620253,0,0
0.893395693670886,0.8471947373417721,0,0
0.893395693670886,0.858958917721519,0,0
0.893395693670886,0.8707230981012658,0,0
0.893395693670886,0.8824872784810126,0,0
0.893395693670886,0.8942514588607595,0,0
0.893395693670886,0.9060156392405063,0,0
0.893395693670886,0.9177798196202531,0,0
0.893395693670886,0.929544,0,0
0.9059559569620252,0.00017375,0,0
0.9059559569620252,0.011937930379746836,0,0
0.9059559569620252,0.02370211075949367,0,0
0.9059559569620252,0.035466291139240505,0,0
0.9059559569620252,0.04723047151898734,0,0
0.9059559569620252,0.05899465189873418,0,0
0.9059559569620252,0.07075883227848101,0,0
0.9059559569620252,0.08252301265822785,0,0
0.9059559569620252,0.09428719303797468,0,0
0.9059559569620252,0.10605137341772151,0,0
0.9059559569620252,0.11781555379746836,0,0
0.9059559569620252,0.1295797341772152,0,0
0.9059559569620252,0.14134391455696202,0,0
0.9059559569620252,0.15310809493670885,0,0
0.9059559569620252,0.1648722753164557,0,0
0.9059559569620252,0.17663645569620254,0,0
0.9059559569620252,0.18840063607594937,0,0
0.9059559569620252,0.2001648164556962,0,0
0.9059559569620252,0.21192899683544303,0,0
0.9059559569620252,0.2236931772151899,0,0
0.9059559569620252,0.23545735759493672,0,0
0.9059559569620252,0.24722153797468355,0,0
0.9059559569620252,0.25898571835443035,0,0
0.9059559569620252,0.2707498987341772,0,0
0.9059559569620252,0.282514079113924,0,0
0.9059559569620252,0.29427825949367087,0,0
0.9059559569620252,0.30604243987341767,0,0
0.9059559569620252,0.31780662025316453,0,0
0.9059559569620252,0.3295708006329114,0,0
0.9059559569620252,0.3413349810126582,0,0
0.9059559569620252,0.35309916139240505,0,0
0.9059559569620252,0.36486334177215185,0,0
0.9059559569620252,0.3766275221518987,0,0
0.9059559569620252,0.38839170253164557,0,0
0.9059559569620252,0.40015588291139237,0,0
0.9059559569620252,0.4119200632911392,0,0
0.9059559569620252,0.42368424367088603,0,0
0.9059559569620252,0.4354484240506329,0,0
0.9059559569620252,0.44721260443037975,0,0
0.9059559569620252,0.45897678481012655,0,0
0.9059559569620252,0.4707409651898734,0,0
0.9059559569620252,0.4825051455696202,0,0
0.9059559569620252,0.49426932594936707,0,0
0.9059559569620252,0.5060335063291139,0,0
0.9059559569620252,0.5177976867088607,0,0
0.9059559569620252,0.5295618670886075,0,0
0.9059559569620252,0.5413260474683544,0,0
0.9059559569620252,0.5530902278481012,0,0
0.9059559569620252,0.564854408227848,0,0
0.9059559569620252,0.576618588607595,0,0
0.9059559569620252,0.5883827689873418,0,0
0.9059559569620252,0.6001469493670886,0,0
0.9059559569620252,0.6119111297468354,0,0
0.9059559569620252,0.6236753101265823,0,0
0.9059559569620252,0.6354394905063291,0,0
0.9059559569620252,0.6472036708860759,0,0
0.9059559569620252,0.6589678512658228,0,0
0.9059559569620252,0.6707320316455696,0,0
0.9059559569620252,0.6824962120253164,0,0
0.9059559569620252,0.6942603924050633,0,0
0.9059559569620252,0.7060245727848101,0,0
0.9059559569620252,0.7177887531645569,0,0
0.9059559569620252,0.7295529335443037,0,0
0.9059559569620252,0.7413171139240506,0,0
0.9059559569620252,0.7530812943037974,0,0
0.9059559569620252,0.7648454746835442,0,0
0.9059559569620252,0.7766096550632912,0,0
0.9059559569620252,0.788373835443038,0,0
0.9059559569620252,0.8001380158227848,0,0
0.9059559569620252,0.8119021962025316,0,0
0.9059559569620252,0.8236663765822785,0,0
0.9059559569620252,0.8354305569620253,0,0
0.9059559569620252,0.8471947373417721,0,0
0.9059559569620252,0.858958917721519,0,0
0.9059559569620252,0.8707230981012658,0,0
0.9059559569620252,0.8824872784810126,0,0
0.9059559569620252,0.8942514588607595,0,0
0.9059559569620252,0.9060156392405063,0,0
0.9059559569620252,0.9177798196202531,0,0
0.9059559569620252,0.929544,0,0
0.9185162202531645,0.00017375,0,0
0.9185162202531645,0.011937930379746836,0,0
0.9185162202531645,0.02370211075949367,0,0
0.9185162202531645,0.035466291139240505,0,0
0.9185162202531645,0.04723047151898734,0,0
0.9185162202531645,0.05899465189873418,0,0
0.9185162202531645,0.07075883227848101,0,0
0.9185162202531645,0.08252301265822785,0,0
0.9185162202531645,0.09428719303797468,0,0
0.9185162202531645,0.10605137341772151,0,0
0.9185162202531645,0.11781555379746836,0,0
0.9185162202531645,0.1295797341772152,0,0
0.9185162202531645,0.14134391455696202,0,0
0.9185162202531645,0.15310809493670885,0,0
0.9185162202531645,0.1648722753164557,0,0
0.9185162202531645,0.17663645569620254,0,0
0.9185162202531645,0.18840063607594937,0,0
0.9185162202531645,0.2001648164556962,0,0
0.9185162202531645,0.21192899683544303,0,0
0.9185162202531645,0.2236931772151899,0,0
0.9185162202531645,0.23545735759493672,0,0
0.9185162202531645,0.24722153797468355,0,0
0.9185162202531645,0.25898571835443035,0,0
0.9185162202531645,0.2707498987341772,0,0
0.9185162202531645,0.282514079113924,0,0
0.9185162202531645,0.29427825949367087,0,0
0.9185162202531645,0.30604243987341767,0,0
0.9185162202531645,0.31780662025316453,0,0
0.9185162202531645,0.3295708006329114,0,0
0.9185162202531645,0.3413349810126582,0,0
0.9185162202531645,0.35309916139240505,0,0
0.9185162202531645,0.36486334177215185,0,0
0.9185162202531645,0.3766275221518987,0,0
0.9185162202531645,0.38839170253164557,0,0
0.9185162202531645,0.40015588291139237,0,0
0.9185162202531645,0.4119200632911392,0,0
0.9185162202531645,0.42368424367088603,0,0
0.9185162202531645,0.4354484240506329,0,0
0.9185162202531645,0.44721260443037975,0,0
0.9185162202531645,0.45897678481012655,0,0
0.9185162202531645,0.4707409651898734,0,0
0.9185162202531645,0.4825051455696202,0,0
0.9185162202531645,0.49426932594936707,0,0
0.9185162202531645,0.5060335063291139,0,0
0.9185162202531645,0.5177976867088607,0,0
0.9185162202531645,0.5295618670886075,0,0
0.9185162202531645,0.5413260474683544,0,0
0.9185162202531645,0.5530902278481012,0,0
0.9185162202531645,0.564854408227848,0,0
0.9185162202531645,0.576618588607595,0,0
0.9185162202531645,0.5883827689873418,0,0
0.9185162202531645,0.6001469493670886,0,0
0.9185162202531645,0.6119111297468354,0,0
0.9185162202531645,0.6236753101265823,0,0
0.9185162202531645,0.6354394905063291,0,0
0.9185162202531645,0.6472036708860759,0,0
0.9185162202531645,0.6589678512658228,0,0
0.9185162202531645,0.6707320316455696,0,0
0.9185162202531645,0.6824962120253164,0,0
0.9185162202531645,0.6942603924050633,0,0
0.9185162202531645,0.7060245727848101,0,0
0.9185162202531645,0.7177887531645569,0,0
0.9185162202531645,0.7295529335443037,0,0
0.9185162202531645,0.7413171139240506,0,0
0.9185162202531645,0.7530812943037974,0,0
0.9185162202531645,0.7648454746835442,0,0
0.9185162202531645,0.7766096550632912,0,0
0.9185162202531645,0.788373835443038,0,0
0.9185162202531645,0.8001380158227848,0,0
0.9185162202531645,0.8119021962025316,0,0
0.9185162202531645,0.8236663765822785,0,0
0.9185162202531645,0.8354305569620253,0,0
0.9185162202531645,0.8471947373417721,0,0
0.9185162202531645,0.858958917721519,0,0
0.9185162202531645,0.8707230981012658,0,0
0.9185162202531645,0.8824872784810126,0,0
0.9185162202531645,0.8942514588607595,0,0
0.9185162202531645,0.9060156392405063,0,0
0.9185162202531645,0.9177798196202531,0,0
0.9185162202531645,0.929544,0,0
0.9310764835443037,0.00017375,0,0
0.9310764835443037,0.011937930379746836,0,0
0.9310764835443037,0.02370211075949367,0,0
0.9310764835443037,0.035466291139240505,0,0
0.9310764835443037,0.04723047151898734,0,0
0.9310764835443037,0.05899465189873418,0,0
0.9310764835443037,0.07075883227848101,0,0
0.9310764835443037,0.08252301265822785,0,0
0.9310764835443037,0.09428719303797468,0,0
0.9310764835443037,0.10605137341772151,0,0
0.9310764835443037,0.11781555379746836,0,0
0.9310764835443037,0.1295797341772152,0,0
0.9310764835443037,0.14134391455696202,0,0
0.9310764835443037,0.15310809493670885,0,0
0.9310764835443037,0.1648722753164557,0,0
0.9310764835443037,0.17663645569620254,0,0
0.9310764835443037,0.18840063607594937,0,0
0.9310764835443037,0.2001648164556962,0,0
0.9310764835443037,0.21192899683544303,0,0
0.9310764835443037,0.2236931772151899,0,0
0.9310764835443037,0.23545735759493672,0,0
0.9310764835443037,0.24722153797468355,0,0
0.9310764835443037,0.25898571835443035,0,0
0.9310764835443037,0.2707498987341772,0,0
0.9310764835443037,0.282514079113924,0,0
0.9310764835443037,0.29427825949367087,0,0
0.9310764835443037,0.30604243987341767,0,0
0.9310764835443037,0.31780662025316453,0,0
0.9310764835443037,0.3295708006329114,0,0
0.9310764835443037,0.3413349810126582,0,0
0.9310764835443037,0.35309916139240505,0,0
0.9310764835443037,0.36486334177215185,0,0
0.9310764835443037,0.3766275221518987,0,0
0.9310764835443037,0.38839170253164557,0,0
0.9310764835443037,0.40015588291139237,0,0
0.9310764835443037,0.4119200632911392,0,0
0.9310764835443037,0.42368424367088603,0,0
0.9310764835443037,0.4354484240506329,0,0
0.9310764835443037,0.44721260443037975,0,0
0.9310764835443037,0.45897678481012655,0,0
0.9310764835443037,0.4707409651898734,0,0
0.9310764835443037,0.4825051455696202,0,0
0.9310764835443037,0.49426932594936707,0,0
0.9310764835443037,0.5060335063291139,0,0
0.9310764835443037,0.5177976867088607,0,0
0.9310764835443037,0.5295618670886075,0,0
0.9310764835443037,0.5413260474683544,0,0
0.9310764835443037,0.5530902278481012,0,0
0.9310764835443037,0.564854408227848,0,0
0.9310764835443037,0.576618588607595,0,0
0.9310764835443037,0.5883827689873418,0,0
0.9310764835443037,0.6001469493670886,0,0
0.9310764835443037,0.6119111297468354,0,0
0.9310764835443037,0.6236753101265823,0,0
0.9310764835443037,0.6354394905063291,0,0
0.9310764835443037,0.6472036708860759,0,0
0.9310764835443037,0.6589678512658228,0,0
0.9310764835443037,0.6707320316455696,0,0
0.9310764835443037,0.6824962120253164,0,0
0.9310764835443037,0.6942603924050633,0,0
0.9310764835443037,0.7060245727848101,0,0
0.9310764835443037,0.7177887531645569,0,0
0.9310764835443037,0.7295529335443037,0,0
0.9310764835443037,0.7413171139240506,0,0
0.9310764835443037,0.7530812943037974,0,0
0.9310764835443037,0.7648454746835442,0,0
0.9310764835443037,0.7766096550632912,0,0
0.9310764835443037,0.788373835443038,0,0
0.9310764835443037,0.8001380158227848,0,0
0.9310764835443037,0.8119021962025316,0,0
0.9310764835443037,0.8236663765822785,0,0
0.9310764835443037,0.8354305569620253,0,0
0.9310764835443037,0.8471947373417721,0,0
0.9310764835443037,0.858958917721519,0,0
0.9310764835443037,0.8707230981012658,0,0
0.9310764835443037,0.8824872784810126,0,0
0.9310764835443037,0.8942514588607595,0,0
0.9310764835443037,0.9060156392405063,0,0
0.9310764835443037,0.9177798196202531,0,0
0.9310764835443037,0.929544,0,0
0.943636746835443,0.00017375,0,0
0.943636746835443,0.011937930379746836,0,0
0.943636746835443,0.02370211075949367,0,0
0.943636746835443,0.035466291139240505,0,0
0.943636746835443,0.04723047151898734,0,0
0.943636746835443,0.05899465189873418,0,0
0.943636746835443,0.07075883227848101,0,0
0.943636746835443,0.08252301265822785,0,0
0.943636746835443,0.09428719303797468,0,0
0.943636746835443,0.10605137341772151,0,0
0.943636746835443,0.11781555379746836,0,0
0.943636746835443,0.1295797341772152,0,0
0.943636746835443,0.14134391455696202,0,0
0.943636746835443,0.15310809493670885,0,0
0.943636746835443,0.1648722753164557,0,0
0.943636746835443,0.17663645569620254,0,0
0.943636746835443,0.18840063607594937,0,0
0.943636746835443,0.2001648164556962,0,0
0.943636746835443,0.21192899683544303,0,0
0.943636746835443,0.2236931772151899,0,0
0.943636746835443,0.23545735759493672,0,0
0.943636746835443,0.24722153797468355,0,0
0.943636746835443,0.25898571835443035,0,0
0.943636746835443,0.2707498987341772,0,0
0.943636746835443,0.282514079113924,0,0
0.943636746835443,0.29427825949367087,0,0
0.943636746835443,0.30604243987341767,0,0
0.943636746835443,0.31780662025316453,0,0
0.943636746835443,0.3295708006329114,0,0
0.943636746835443,0.3413349810126582,0,0
0.943636746835443,0.35309916139240505,0,0
0.943636746835443,0.36486334177215185,0,0
0.943636746835443,0.3766275221518987,0,0
0.943636746835443,0.38839170253164557,0,0
0.943636746835443,0.40015588291139237,0,0
0.943636746835443,0.4119200632911392,0,0
0.943636746835443,0.42368424367088603,0,0
0.943636746835443,0.4354484240506329,0,0
0.943636746835443,0.44721260443037975,0,0
0.943636746835443,0.45897678481012655,0,0
0.943636746835443,0.4707409651898734,0,0
0.943636746835443,0.4825051455696202,0,0
0.943636746835443,0.49426932594936707,0,0
0.943636746835443,0.5060335063291139,0,0
0.943636746835443,0.5177976867088607,0,0
0.943636746835443,0.5295618670886075,0,0
0.943636746835443,0.5413260474683544,0,0
0.943636746835443,0.5530902278481012,0,0
0.943636746835443,0.564854408227848,0,0
0.943636746835443,0.576618588607595,0,0
0.943636746835443,0.5883827689873418,0,0
0.943636746835443,0.6001469493670886,0,0
0.943636746835443,0.6119111297468354,0,0
0.943636746835443,0.6236753101265823,0,0
0.943636746835443,0.6354394905063291,0,0
0.943636746835443,0.6472036708860759,0,0
0.943636746835443,0.6589678512658228,0,0
0.943636746835443,0.6707320316455696,0,0
0.943636746835443,0.6824962120253164,0,0
0.943636746835443,0.6942603924050633,0,0
0.943636746835443,0.7060245727848101,0,0
0.943636746835443,0.7177887531645569,0,0
0.943636746835443,0.7295529335443037,0,0
0.943636746835443,0.7413171139240506,0,0
0.943636746835443,0.7530812943037974,0,0
0.943636746835443,0.7648454746835442,0,0
0.943636746835443,0.7766096550632912,0,0
0.943636746835443,0.788373835443038,0,0
0.943636746835443,0.8001380158227848,0,0
0.943636746835443,0.8119021962025316,0,0
0.943636746835443,0.8236663765822785,0,0
0.943636746835443,0.8354305569620253,0,0
0.943636746835443,0.8471947373417721,0,0
0.943636746835443,0.858958917721519,0,0
0.943636746835443,0.8707230981012658,0,0
0.943636746835443,0.8824872784810126,0,0
0.943636746835443,0.8942514588607595,0,0
0.943636746835443,0.9060156392405063,0,0
0.943636746835443,0.9177798196202531,0,0
0.943636746835443,0.929544,0,0
0.9561970101265822,0.00017375,0,0
0.9561970101265822,0.011937930379746836,0,0
0.9561970101265822,0.02370211075949367,0,0
0.9561970101265822,0.035466291139240505,0,0
0.9561970101265822,0.04723047151898734,0,0
0.9561970101265822,0.05899465189873418,0,0
0.9561970101265822,0.07075883227848101,0,0
0.9561970101265822,0.08252301265822785,0,0
0.9561970101265822,0.09428719303797468,0,0
0.9561970101265822,0.10605137341772151,0,0
0.9561970101265822,0.11781555379746836,0,0
0.9561970101265822,0.1295797341772152,0,0
0.9561970101265822,0.14134391455696202,0,0
0.9561970101265822,0.15310809493670885,0,0
0.9561970101265822,0.1648722753164557,0,0
0.9561970101265822,0.17663645569620254,0,0
0.9561970101265822,0.18840063607594937,0,0
0.9561970101265822,0.2001648164556962,0,0
0.9561970101265822,0.21192899683544303,0,0
0.9561970101265822,0.2236931772151899,0,0
0.9561970101265822,0.23545735759493672,0,0
0.9561970101265822,0.24722153797468355,0,0
0.9561970101265822,0.25898571835443035,0,0
0.9561970101265822,0.2707498987341772,0,0
0.9561970101265822,0.282514079113924,0,0
0.9561970101265822,0.29427825949367087,0,0
0.9561970101265822,0.30604243987341767,0,0
0.9561970101265822,0.31780662025316453,0,0
0.9561970101265822,0.3295708006329114,0,0
0.9561970101265822,0.3413349810126582,0,0
0.9561970101265822,0.35309916139240505,0,0
0.9561970101265822,0.36486334177215185,0,0
0.9561970101265822,0.3766275221518987,0,0
0.9561970101265822,0.38839170253164557,0,0
0.9561970101265822,0.40015588291139237,0,0
0.9561970101265822,0.4119200632911392,0,0
0.9561970101265822,0.42368424367088603,0,0
0.9561970101265822,0.4354484240506329,0,0
0.9561970101265822,0.44721260443037975,0,0
0.9561970101265822,0.45897678481012655,0,0
0.9561970101265822,0.4707409651898734,0,0
0.9561970101265822,0.4825051455696202,0,0
0.9561970101265822,0.49426932594936707,0,0
0.9561970101265822,0.5060335063291139,0,0
0.9561970101265822,0.5177976867088607,0,0
0.9561970101265822,0.5295618670886075,0,0
0.9561970101265822,0.5413260474683544,0,0
0.9561970101265822,0.5530902278481012,0,0
0.9561970101265822,0.564854408227848,0,0
0.9561970101265822,0.576618588607595,0,0
0.9561970101265822,0.5883827689873418,0,0
0.9561970101265822,0.6001469493670886,0,0
0.9561970101265822,0.6119111297468354,0,0
0.9561970101265822,0.6236753101265823,0,0
0.9561970101265822,0.6354394905063291,0,0
0.9561970101265822,0.6472036708860759,0,0
0.9561970101265822,0.6589678512658228,0,0
0.9561970101265822,0.6707320316455696,0,0
0.9561970101265822,0.6824962120253164,0,0
0.9561970101265822,0.6942603924050633,0,0
0.9561970101265822,0.7060245727848101,0,0
0.9561970101265822,0.7177887531645569,0,0
0.9561970101265822,0.7295529335443037,0,0
0.9561970101265822,0.7413171139240506,0,0
0.9561970101265822,0.7530812943037974,0,0
0.9561970101265822,0.7648454746835442,0,0
0.9561970101265822,0.7766096550632912,0,0
0.9561970101265822,0.788373835443038,0,0
0.9561970101265822,0.8001380158227848,0,0
0.9561970101265822,0.8119021962025316,0,0
0.9561970101265822,0.8236663765822785,0,0
0.9561970101265822,0.8354305569620253,0,0
0.9561970101265822,0.8471947373417721,0,0
0.9561970101265822,0.858958917721519,0,0
0.9561970101265822,0.8707230981012658,0,0
0.9561970101265822,0.8824872784810126,0,0
0.9561970101265822,0.8942514588607595,0,0
0.9561970101265822,0.9060156392405063,0,0
0.9561970101265822,0.9177798196202531,0,0
0.9561970101265822,0.929544,0,0
0.9687572734177214,0.00017375,0,0
0.9687572734177214,0.011937930379746836,0,0
0.9687572734177214,0.02370211075949367,0,0
0.9687572734177214,0.035466291139240505,0,0
0.9687572734177214,0.04723047151898734,0,0
0.9687572734177214,0.05899465189873418,0,0
0.9687572734177214,0.07075883227848101,0,0
0.9687572734177214,0.08252301265822785,0,0
0.9687572734177214,0.09428719303797468,0,0
0.9687572734177214,0.10605137341772151,0,0
0.9687572734177214,0.11781555379746836,0,0
0.9687572734177214,0.1295797341772152,0,0
0.9687572734177214,0.14134391455696202,0,0
0.9687572734177214,0.15310809493670885,0,0
0.9687572734177214,0.1648722753164557,0,0
0.9687572734177214,0.17663645569620254,0,0
0.9687572734177214,0.18840063607594937,0,0
0.9687572734177214,0.2001648164556962,0,0
0.9687572734177214,0.21192899683544303,0,0
0.9687572734177214,0.2236931772151899,0,0
0.9687572734177214,0.23545735759493672,0,0
0.9687572734177214,0.24722153797468355,0,0
0.9687572734177214,0.25898571835443035,0,0
0.9687572734177214,0.2707498987341772,0,0
0.9687572734177214,0.282514079113924,0,0
0.9687572734177214,0.29427825949367087,0,0
0.9687572734177214,0.30604243987341767,0,0
0.9687572734177214,0.31780662025316453,0,0
0.9687572734177214,0.3295708006329114,0,0
0.9687572734177214,0.3413349810126582,0,0
0.9687572734177214,0.35309916139240505,0,0
0.9687572734177214,0.36486334177215185,0,0
0.9687572734177214,0.3766275221518987,0,0
0.9687572734177214,0.38839170253164557,0,0
0.9687572734177214,0.40015588291139237,0,0
0.9687572734177214,0.4119200632911392,0,0
0.9687572734177214,0.42368424367088603,0,0
0.9687572734177214,0.4354484240506329,0,0
0.9687572734177214,0.44721260443037975,0,0
0.9687572734177214,0.45897678481012655,0,0
0.9687572734177214,0.4707409651898734,0,0
0.9687572734177214,0.4825051455696202,0,0
0.9687572734177214,0.49426932594936707,0,0
0.9687572734177214,0.5060335063291139,0,0
0.9687572734177214,0.5177976867088607,0,0
0.9687572734177214,0.5295618670886075,0,0
0.9687572734177214,0.5413260474683544,0,0
0.9687572734177214,0.5530902278481012,0,0
0.9687572734177214,0.564854408227848,0,0
0.9687572734177214,0.576618588607595,0,0
0.9687572734177214,0.5883827689873418,0,0
0.9687572734177214,0.6001469493670886,0,0
0.9687572734177214,0.6119111297468354,0,0
0.9687572734177214,0.6236753101265823,0,0
0.9687572734177214,0.6354394905063291,0,0
0.9687572734177214,0.6472036708860759,0,0
0.9687572734177214,0.6589678512658228,0,0
0.9687572734177214,0.6707320316455696,0,0
0.9687572734177214,0.6824962120253164,0,0
0.9687572734177214,0.6942603924050633,0,0
0.9687572734177214,0.7060245727848101,0,0
0.9687572734177214,0.7177887531645569,0,0
0.9687572734177214,0.7295529335443037,0,0
0.9687572734177214,0.7413171139240506,0,0
0.9687572734177214,0.7530812943037974,0,0
0.9687572734177214,0.7648454746835442,0,0
0.9687572734177214,0.7766096550632912,0,0
0.9687572734177214,0.788373835443038,0,0
0.9687572734177214,0.8001380158227848,0,0
0.9687572734177214,0.8119021962025316,0,0
0.9687572734177214,0.8236663765822785,0,0
0.9687572734177214,0.8354305569620253,0,0
0.9687572734177214,0.8471947373417721,0,0
0.9687572734177214,0.858958917721519,0,0
0.9687572734177214,0.8707230981012658,0,0
0.9687572734177214,0.8824872784810126,0,0
0.9687572734177214,0.8942514588607595,0,0
0.9687572734177214,0.9060156392405063,0,0
0.9687572734177214,0.9177798196202531,0,0
0.9687572734177214,0.929544,0,0
0.9813175367088607,0.00017375,0,0
0.9813175367088607,0.011937930379746836,0,0
0.9813175367088607,0.02370211075949367,0,0
0.9813175367088607,0.035466291139240505,0,0
0.9813175367088607,0.04723047151898734,0,0
0.9813175367088607,0.05899465189873418,0,0
0.9813175367088607,0.07075883227848101,0,0
0.9813175367088607,0.08252301265822785,0,0
0.9813175367088607,0.09428719303797468,0,0
0.9813175367088607,0.10605137341772151,0,0
0.9813175367088607,0.11781555379746836,0,0
0.9813175367088607,0.1295797341772152,0,0
0.9813175367088607,0.14134391455696202,0,0
0.9813175367088607,0.15310809493670885,0,0
0.9813175367088607,0.1648722753164557,0,0
0.9813175367088607,0.17663645569620254,0,0
0.9813175367088607,0.18840063607594937,0,0
0.9813175367088607,0.2001648164556962,0,0
0.9813175367088607,0.21192899683544303,0,0
0.9813175367088607,0.2236931772151899,0,0
0.9813175367088607,0.23545735759493672,0,0
0.9813175367088607,0.24722153797468355,0,0
0.9813175367088607,0.25898571835443035,0,0
0.9813175367088607,0.2707498987341772,0,0
0.9813175367088607,0.282514079113924,0,0
0.9813175367088607,0.29427825949367087,0,0
0.9813175367088607,0.30604243987341767,0,0
0.9813175367088607,0.31780662025316453,0,0
0.9813175367088607,0.3295708006329114,0,0
0.9813175367088607,0.3413349810126582,0,0
0.9813175367088607,0.35309916139240505,0,0
0.9813175367088607,0.36486334177215185,0,0
0.9813175367088607,0.3766275221518987,0,0
0.9813175367088607,0.38839170253164557,0,0
0.9813175367088607,0.40015588291139237,0,0
0.9813175367088607,0.4119200632911392,0,0
0.9813175367088607,0.42368424367088603,0,0
0.9813175367088607,0.4354484240506329,0,0
0.9813175367088607,0.44721260443037975,0,0
0.9813175367088607,0.45897678481012655,0,0
0.9813175367088607,0.4707409651898734,0,0
0.9813175367088607,0.4825051455696202,0,0
0.9813175367088607,0.49426932594936707,0,0
0.9813175367088607,0.5060335063291139,0,0
0.9813175367088607,0.5177976867088607,0,0
0.9813175367088607,0.5295618670886075,0,0
0.9813175367088607,0.5413260474683544,0,0
0.9813175367088607,0.5530902278481012,0,0
0.9813175367088607,0.564854408227848,0,0
0.9813175367088607,0.576618588607595,0,0
0.9813175367088607,0.5883827689873418,0,0
0.9813175367088607,0.6001469493670886,0,0
0.9813175367088607,0.6119111297468354,0,0
0.9813175367088607,0.6236753101265823,0,0
0.9813175367088607,0.6354394905063291,0,0
0.9813175367088607,0.6472036708860759,0,0
0.9813175367088607,0.6589678512658228,0,0
0.9813175367088607,0.6707320316455696,0,0
0.9813175367088607,0.6824962120253164,0,0
0.9813175367088607,0.6942603924050633,0,0
0.9813175367088607,0.7060245727848101,0,0
0.9813175367088607,0.7177887531645569,0,0
0.9813175367088607,0.7295529335443037,0,0
0.9813175367088607,0.7413171139240506,0,0
0.9813175367088607,0.7530812943037974,0,0
0.9813175367088607,0.7648454746835442,0,0
0.9813175367088607,0.7766096550632912,0,0
0.9813175367088607,0.788373835443038,0,0
0.9813175367088607,0.8001380158227848,0,0
0.9813175367088607,0.8119021962025316,0,0
0.9813175367088607,0.8236663765822785,0,0
0.9813175367088607,0.8354305569620253,0,0
0.9813175367088607,0.8471947373417721,0,0
0.9813175367088607,0.858958917721519,0,0
0.9813175367088607,0.8707230981012658,0,0
0.9813175367088607,0.8824872784810126,0,0
0.9813175367088607,0.8942514588607595,0,0
0.9813175367088607,0.9060156392405063,0,0
0.9813175367088607,0.9177798196202531,0,0
0.9813175367088607,0.929544,0,0
0.9938777999999999,0.00017375,0,0
0.9938777999999999,0.011937930379746836,0,0
0.9938777999999999,0.02370211075949367,0,0
0.9938777999999999,0.035466291139240505,0,0
0.9938777999999999,0.04723047151898734,0,0
0.9938777999999999,0.05899465189873418,0,0
0.9938777999999999,0.07075883227848101,0,0
0.9938777999999999,0.08252301265822785,0,0
0.9938777999999999,0.09428719303797468,0,0
0.9938777999999999,0.10605137341772151,0,0
0.9938777999999999,0.11781555379746836,0,0
0.9938777999999999,0.1295797341772152,0,0
0.9938777999999999,0.14134391455696202,0,0
0.9938777999999999,0.15310809493670885,0,0
0.9938777999999999,0.1648722753164557,0,0
0.9938777999999999,0.17663645569620254,0,0
0.9938777999999999,0.18840063607594937,0,0
0.9938777999999999,0.2001648164556962,0,0
0.9938777999999999,0.21192899683544303,0,0
0.9938777999999999,0.2236931772151899,0,0
0.9938777999999999,0.23545735759493672,0,0
0.9938777999999999,0.24722153797468355,0,0
0.9938777999999999,0.25898571835443035,0,0
0.9938777999999999,0.2707498987341772,0,0
0.9938777999999999,0.282514079113924,0,0
0.9938777999999999,0.29427825949367087,0,0
0.9938777999999999,0.30604243987341767,0,0
0.9938777999999999,0.31780662025316453,0,0
0.9938777999999999,0.3295708006329114,0,0
0.9938777999999999,0.3413349810126582,0,0
0.9938777999999999,0.35309916139240505,0,0
0.9938777999999999,0.36486334177215185,0,0
0.9938777999999999,0.3766275221518987,0,0
0.9938777999999999,0.38839170253164557,0,0
0.9938777999999999,0.40015588291139237,0,0
0.9938777999999999,0.4119200632911392,0,0
0.9938777999999999,0.42368424367088603,0,0
0.9938777999999999,0.4354484240506329,0,0
0.9938777999999999,0.44721260443037975,0,0
0.9938777999999999,0.45897678481012655,0,0
0.9938777999999999,0.4707409651898734,0,0
0.9938777999999999,0.4825051455696202,0,0
0.9938777999999999,0.49426932594936707,0,0
0.9938777999999999,0.5060335063291139,0,0
0.9938777999999999,0.5177976867088607,0,0
0.9938777999999999,0.5295618670886075,0,0
0.9938777999999999,0.5413260474683544,0,0
0.9938777999999999,0.5530902278481012,0,0
0.9938777999999999,0.564854408227848,0,0
0.9938777999999999,0.576618588607595,0,0
0.9938777999999999,0.5883827689873418,0,0
0.9938777999999999,0.6001469493670886,0,0
0.9938777999999999,0.6119111297468354,0,0
0.9938777999999999,0.6236753101265823,0,0
0.9938777999999999,0.6354394905063291,0,0
0.9938777999999999,0.6472036708860759,0,0
0.9938777999999999,0.6589678512658228,0,0
0.9938777999999999,0.6707320316455696,0,0
0.9938777999999999,0.6824962120253164,0,0
0.9938777999999999,0.6942603924050633,0,0
0.9938777999999999,0.7060245727848101,0,0
0.9938777999999999,0.7177887531645569,0,0
0.9938777999999999,0.7295529335443037,0,0
0.9938777999999999,0.7413171139240506,0,0
0.9938777999999999,0.7530812943037974,0,0
0.9938777999999999,0.7648454746835442,0,0
0.9938777999999999,0.7766096550632912,0,0
0.9938777999999999,0.788373835443038,0,0
0.9938777999999999,0.8001380158227848,0,0
0.9938777999999999,0.8119021962025316,0,0
0.9938777999999999,0.8236663765822785,0,0
0.9938777999999999,0.8354305569620253,0,0
0.9938777999999999,0.8471947373417721,0,0
0.9938777999999999,0.858958917721519,0,0
0.9938777999999999,0.8707230981012658,0,0
0.9938777999999999,0.8824872784810126,0,0
0.9938777999999999,0.8942514588607595,0,0
0.9938777999999999,0.9060156392405063,0,0
0.9938777999999999,0.9177798196202531,0,0
0.9938777999999999,0.929544,0,0
