shoulder,wrist,tp,fp
0.0001535,0.00017375,0,0
0.0001535,0.014636506329113924,36,36
0.0001535,0.029099262658227848,39,39
0.0001535,0.04356201898734177,40,40
0.0001535,0.058024775316455696,41,41
0.0001535,0.07248753164556962,56,56
0.0001535,0.08695028797468354,57,57
0.0001535,0.10141304430379747,58,58
0.0001535,0.11587580063291139,58,58
0.0001535,0.13033855696202531,61,61
0.0001535,0.14480131329113924,62,62
0.0001535,0.15926406962025316,62,62
0.0001535,0.1737268259493671,62,62
0.0001535,0.188189582278481,62,62
0.0001535,0.20265233860759493,63,63
0.0001535,0.21711509493670886,63,63
0.0001535,0.23157785126582278,63,63
0.0001535,0.2460406075949367,64,64
0.0001535,0.2605033639240506,64,64
0.0001535,0.2749661202531645,64,64
0.0001535,0.28942887658227845,65,65
0.0001535,0.3038916329113924,65,65
0.0001535,0.3183543892405063,65,65
0.0001535,0.3328171455696202,65,65
0.0001535,0.34727990189873414,65,65
0.0001535,0.36174265822784807,66,66
0.0001535,0.376205414556962,66,66
0.0001535,0.3906681708860759,66,66
0.0001535,0.40513092721518984,66,66
0.0001535,0.41959368354430376,66,66
0.0001535,0.4340564398734177,66,66
0.0001535,0.4485191962025316,66,66
0.0001535,0.46298195253164554,66,66
0.0001535,0.47744470886075946,66,66
0.0001535,0.4919074651898734,66,66
0.0001535,0.5063702215189873,66,66
0.0001535,0.5208329778481012,66,66
0.0001535,0.5352957341772152,66,66
0.0001535,0.5497584905063291,66,66
0.0001535,0.564221246835443,66,66
0.0001535,0.5786840031645569,66,66
0.0001535,0.5931467594936709,66,66
0.0001535,0.6076095158227848,66,66
0.0001535,0.6220722721518986,67,67
0.0001535,0.6365350284810126,67,67
0.0001535,0.6509977848101266,67,67
0.0001535,0.6654605411392405,67,67
0.0001535,0.6799232974683543,67,67
0.0001535,0.6943860537974683,67,67
0.0001535,0.7088488101265823,67,67
0.0001535,0.7233115664556962,67,67
0.0001535,0.73777432278481,67,67
0.0001535,0.752237079113924,67,67
0.0001535,0.766699835443038,68,68
0.0001535,0.7811625917721519,68,68
0.0001535,0.7956253481012657,68,68
0.0001535,0.8100881044303797,68,68
0.0001535,0.8245508607594937,68,68
0.0001535,0.8390136170886076,68,68
0.0001535,0.8534763734177214,68,68
0.0001535,0.8679391297468354,68,68
0.0001535,0.8824018860759494,68,68
0.0001535,0.8968646424050633,68,68
0.0001535,0.9113273987341771,68,68
0.0001535,0.9257901550632911,68,68
0.0001535,0.9402529113924051,68,68
0.0001535,0.954715667721519,68,68
0.0001535,0.9691784240506328,68,68
0.0001535,0.9836411803797468,68,68
0.0001535,0.9981039367088608,68,68
0.0001535,1.0125666930379746,68,68
0.0001535,1.0270294493670886,68,68
0.0001535,1.0414922056962026,68,68
0.0001535,1.0559549620253166,68,68
0.0001535,1.0704177183544306,68,68
0.0001535,1.0848804746835443,68,68
0.0001535,1.0993432310126583,68,68
0.0001535,1.1138059873417723,68,68
0.0001535,1.128268743670886,68,68
0.0001535,1.1427315,68,68
0.012732288607594934,0.00017375,0,0
0.012732288607594934,0.014636506329113924,36,36
0.012732288607594934,0.029099262658227848,39,39
0.012732288607594934,0.04356201898734177,40,40
0.012732288607594934,0.058024775316455696,41,41
0.012732288607594934,0.07248753164556962,41,41
0.012732288607594934,0.08695028797468354,41,41
0.012732288607594934,0.10141304430379747,42,42
0.012732288607594934,0.11587580063291139,42,42
0.012732288607594934,0.13033855696202531,45,45
0.012732288607594934,0.14480131329113924,46,46
0.012732288607594934,0.15926406962025316,46,46
0.012732288607594934,0.1737268259493671,46,46
0.012732288607594934,0.188189582278481,46,46
0.012732288607594934,0.20265233860759493,47,47
0.012732288607594934,0.21711509493670886,47,47
0.012732288607594934,0.23157785126582278,47,47
0.012732288607594934,0.2460406075949367,48,48
0.012732288607594934,0.2605033639240506,48,48
0.012732288607594934,0.2749661202531645,48,48
0.012732288607594934,0.28942887658227845,49,49
0.012732288607594934,0.3038916329113924,49,49
0.012732288607594934,0.3183543892405063,49,49
0.012732288607594934,0.3328171455696202,49,49
0.012732288607594934,0.34727990189873414,49,49
0.012732288607594934,0.36174265822784807,50,50
0.012732288607594934,0.376205414556962,50,50
0.012732288607594934,0.3906681708860759,50,50
0.012732288607594934,0.40513092721518984,50,50
0.012732288607594934,0.41959368354430376,50,50
0.012732288607594934,0.4340564398734177,50,50
0.012732288607594934,0.4485191962025316,50,50
0.012732288607594934,0.46298195253164554,50,50
0.012732288607594934,0.47744470886075946,50,50
0.012732288607594934,0.4919074651898734,50,50
0.012732288607594934,0.5063702215189873,50,50
0.012732288607594934,0.5208329778481012,50,50
0.012732288607594934,0.5352957341772152,50,50
0.012732288607594934,0.5497584905063291,50,50
0.012732288607594934,0.564221246835443,50,50
0.012732288607594934,0.5786840031645569,50,50
0.012732288607594934,0.5931467594936709,50,50
0.012732288607594934,0.6076095158227848,50,50
0.012732288607594934,0.6220722721518986,51,51
0.012732288607594934,0.6365350284810126,51,51
0.012732288607594934,0.6509977848101266,51,51
0.012732288607594934,0.6654605411392405,51,51
0.012732288607594934,0.6799232974683543,51,51
0.012732288607594934,0.6943860537974683,51,51
0.012732288607594934,0.7088488101265823,51,51
0.012732288607594934,0.7233115664556962,51,51
0.012732288607594934,0.73777432278481,51,51
0.012732288607594934,0.752237079113924,51,51
0.012732288607594934,0.766699835443038,52,52
0.012732288607594934,0.7811625917721519,52,52
0.012732288607594934,0.7956253481012657,52,52
0.012732288607594934,0.8100881044303797,52,52
0.012732288607594934,0.8245508607594937,52,52
0.012732288607594934,0.8390136170886076,52,52
0.012732288607594934,0.8534763734177214,52,52
0.012732288607594934,0.8679391297468354,52,52
0.012732288607594934,0.8824018860759494,52,52
0.012732288607594934,0.8968646424050633,52,52
0.012732288607594934,0.9113273987341771,52,52
0.012732288607594934,0.9257901550632911,52,52
0.012732288607594934,0.9402529113924051,52,52
0.012732288607594934,0.954715667721519,52,52
0.012732288607594934,0.9691784240506328,52,52
0.012732288607594934,0.9836411803797468,52,52
0.012732288607594934,0.9981039367088608,52,52
0.012732288607594934,1.0125666930379746,52,52
0.012732288607594934,1.0270294493670886,52,52
0.012732288607594934,1.0414922056962026,52,52
0.012732288607594934,1.0559549620253166,52,52
0.012732288607594934,1.0704177183544306,52,52
0.012732288607594934,1.0848804746835443,52,52
0.012732288607594934,1.0993432310126583,52,52
0.012732288607594934,1.1138059873417723,52,52
0.012732288607594934,1.128268743670886,52,52
0.012732288607594934,1.1427315,52,52
0.02531107721518987,0.00017375,0,0
0.02531107721518987,0.014636506329113924,36,36
0.02531107721518987,0.029099262658227848,39,39
0.02531107721518987,0.04356201898734177,40,40
0.02531107721518987,0.058024775316455696,40,40
0.02531107721518987,0.07248753164556962,40,40
0.02531107721518987,0.08695028797468354,40,40
0.02531107721518987,0.10141304430379747,40,40
0.02531107721518987,0.11587580063291139,40,40
0.02531107721518987,0.13033855696202531,43,43
0.02531107721518987,0.14480131329113924,44,44
0.02531107721518987,0.15926406962025316,44,44
0.02531107721518987,0.1737268259493671,44,44
0.02531107721518987,0.188189582278481,44,44
0.02531107721518987,0.20265233860759493,45,45
0.02531107721518987,0.21711509493670886,45,45
0.02531107721518987,0.23157785126582278,45,45
0.02531107721518987,0.2460406075949367,46,46
0.02531107721518987,0.2605033639240506,46,46
0.02531107721518987,0.2749661202531645,46,46
0.02531107721518987,0.28942887658227845,47,47
0.02531107721518987,0.3038916329113924,47,47
0.02531107721518987,0.3183543892405063,47,47
0.02531107721518987,0.3328171455696202,47,47
0.02531107721518987,0.34727990189873414,47,47
0.02531107721518987,0.36174265822784807,48,48
0.02531107721518987,0.376205414556962,48,48
0.02531107721518987,0.3906681708860759,48,48
0.02531107721518987,0.40513092721518984,48,48
0.02531107721518987,0.41959368354430376,48,48
0.02531107721518987,0.4340564398734177,48,48
0.02531107721518987,0.4485191962025316,48,48
0.02531107721518987,0.46298195253164554,48,48
0.02531107721518987,0.47744470886075946,48,48
0.02531107721518987,0.4919074651898734,48,48
0.02531107721518987,0.5063702215189873,48,48
0.02531107721518987,0.5208329778481012,48,48
0.02531107721518987,0.5352957341772152,48,48
0.02531107721518987,0.5497584905063291,48,48
0.02531107721518987,0.564221246835443,48,48
0.02531107721518987,0.5786840031645569,48,48
0.02531107721518987,0.5931467594936709,48,48
0.02531107721518987,0.6076095158227848,48,48
0.02531107721518987,0.6220722721518986,49,49
0.02531107721518987,0.6365350284810126,49,49
0.02531107721518987,0.6509977848101266,49,49
0.02531107721518987,0.6654605411392405,49,49
0.02531107721518987,0.6799232974683543,49,49
0.02531107721518987,0.6943860537974683,49,49
0.02531107721518987,0.7088488101265823,49,49
0.02531107721518987,0.7233115664556962,49,49
0.02531107721518987,0.73777432278481,49,49
0.02531107721518987,0.752237079113924,49,49
0.02531107721518987,0.766699835443038,50,50
0.02531107721518987,0.7811625917721519,50,50
0.02531107721518987,0.7956253481012657,50,50
0.02531107721518987,0.8100881044303797,50,50
0.02531107721518987,0.8245508607594937,50,50
0.02531107721518987,0.8390136170886076,50,50
0.02531107721518987,0.8534763734177214,50,50
0.02531107721518987,0.8679391297468354,50,50
0.02531107721518987,0.8824018860759494,50,50
0.02531107721518987,0.8968646424050633,50,50
0.02531107721518987,0.9113273987341771,50,50
0.02531107721518987,0.9257901550632911,50,50
0.02531107721518987,0.9402529113924051,50,50
0.02531107721518987,0.954715667721519,50,50
0.02531107721518987,0.9691784240506328,50,50
0.02531107721518987,0.9836411803797468,50,50
0.02531107721518987,0.9981039367088608,50,50
0.02531107721518987,1.0125666930379746,50,50
0.02531107721518987,1.0270294493670886,50,50
0.02531107721518987,1.0414922056962026,50,50
0.02531107721518987,1.0559549620253166,50,50
0.02531107721518987,1.0704177183544306,50,50
0.02531107721518987,1.0848804746835443,50,50
0.02531107721518987,1.0993432310126583,50,50
0.02531107721518987,1.1138059873417723,50,50
0.02531107721518987,1.128268743670886,50,50
0.02531107721518987,1.1427315,50,50
0.03788986582278481,0.00017375,0,0
0.03788986582278481,0.014636506329113924,36,36
0.03788986582278481,0.029099262658227848,39,39
0.03788986582278481,0.04356201898734177,40,40
0.03788986582278481,0.058024775316455696,40,40
0.03788986582278481,0.07248753164556962,40,40
0.03788986582278481,0.08695028797468354,40,40
0.03788986582278481,0.10141304430379747,40,40
0.03788986582278481,0.11587580063291139,40,40
0.03788986582278481,0.13033855696202531,43,43
0.03788986582278481,0.14480131329113924,44,44
0.03788986582278481,0.15926406962025316,44,44
0.03788986582278481,0.1737268259493671,44,44
0.03788986582278481,0.188189582278481,44,44
0.03788986582278481,0.20265233860759493,45,45
0.03788986582278481,0.21711509493670886,45,45
0.03788986582278481,0.23157785126582278,45,45
0.03788986582278481,0.2460406075949367,45,45
0.03788986582278481,0.2605033639240506,45,45
0.03788986582278481,0.2749661202531645,45,45
0.03788986582278481,0.28942887658227845,46,46
0.03788986582278481,0.3038916329113924,46,46
0.03788986582278481,0.3183543892405063,46,46
0.03788986582278481,0.3328171455696202,46,46
0.03788986582278481,0.34727990189873414,46,46
0.03788986582278481,0.36174265822784807,47,47
0.03788986582278481,0.376205414556962,47,47
0.03788986582278481,0.3906681708860759,47,47
0.03788986582278481,0.40513092721518984,47,47
0.03788986582278481,0.41959368354430376,47,47
0.03788986582278481,0.4340564398734177,47,47
0.03788986582278481,0.4485191962025316,47,47
0.03788986582278481,0.46298195253164554,47,47
0.03788986582278481,0.47744470886075946,47,47
0.03788986582278481,0.4919074651898734,47,47
0.03788986582278481,0.5063702215189873,47,47
0.03788986582278481,0.5208329778481012,47,47
0.03788986582278481,0.5352957341772152,47,47
0.03788986582278481,0.5497584905063291,47,47
0.03788986582278481,0.564221246835443,47,47
0.03788986582278481,0.5786840031645569,47,47
0.03788986582278481,0.5931467594936709,47,47
0.03788986582278481,0.6076095158227848,47,47
0.03788986582278481,0.6220722721518986,48,48
0.03788986582278481,0.6365350284810126,48,48
0.03788986582278481,0.6509977848101266,48,48
0.03788986582278481,0.6654605411392405,48,48
0.03788986582278481,0.6799232974683543,48,48
0.03788986582278481,0.6943860537974683,48,48
0.03788986582278481,0.7088488101265823,48,48
0.03788986582278481,0.7233115664556962,48,48
0.03788986582278481,0.73777432278481,48,48
0.03788986582278481,0.752237079113924,48,48
0.03788986582278481,0.766699835443038,49,49
0.03788986582278481,0.7811625917721519,49,49
0.03788986582278481,0.7956253481012657,49,49
0.03788986582278481,0.8100881044303797,49,49
0.03788986582278481,0.8245508607594937,49,49
0.03788986582278481,0.8390136170886076,49,49
0.03788986582278481,0.8534763734177214,49,49
0.03788986582278481,0.8679391297468354,49,49
0.03788986582278481,0.8824018860759494,49,49
0.03788986582278481,0.8968646424050633,49,49
0.03788986582278481,0.9113273987341771,49,49
0.03788986582278481,0.9257901550632911,49,49
0.03788986582278481,0.9402529113924051,49,49
0.03788986582278481,0.954715667721519,49,49
0.03788986582278481,0.9691784240506328,49,49
0.03788986582278481,0.9836411803797468,49,49
0.03788986582278481,0.9981039367088608,49,49
0.03788986582278481,1.0125666930379746,49,49
0.03788986582278481,1.0270294493670886,49,49
0.03788986582278481,1.0414922056962026,49,49
0.03788986582278481,1.0559549620253166,49,49
0.03788986582278481,1.0704177183544306,49,49
0.03788986582278481,1.0848804746835443,49,49
0.03788986582278481,1.0993432310126583,49,49
0.03788986582278481,1.1138059873417723,49,49
0.03788986582278481,1.128268743670886,49,49
0.03788986582278481,1.1427315,49,49
0.05046865443037974,0.00017375,0,0
0.05046865443037974,0.014636506329113924,36,36
0.05046865443037974,0.029099262658227848,39,39
0.05046865443037974,0.04356201898734177,40,40
0.05046865443037974,0.058024775316455696,40,40
0.05046865443037974,0.07248753164556962,40,40
0.05046865443037974,0.08695028797468354,40,40
0.05046865443037974,0.10141304430379747,40,40
0.05046865443037974,0.11587580063291139,40,40
0.05046865443037974,0.13033855696202531,41,41
0.05046865443037974,0.14480131329113924,42,42
0.05046865443037974,0.15926406962025316,42,42
0.05046865443037974,0.1737268259493671,42,42
0.05046865443037974,0.188189582278481,42,42
0.05046865443037974,0.20265233860759493,43,43
0.05046865443037974,0.21711509493670886,43,43
0.05046865443037974,0.23157785126582278,43,43
0.05046865443037974,0.2460406075949367,43,43
0.05046865443037974,0.2605033639240506,43,43
0.05046865443037974,0.2749661202531645,43,43
0.05046865443037974,0.28942887658227845,44,44
0.05046865443037974,0.3038916329113924,44,44
0.05046865443037974,0.3183543892405063,44,44
0.05046865443037974,0.3328171455696202,44,44
0.05046865443037974,0.34727990189873414,44,44
0.05046865443037974,0.36174265822784807,45,45
0.05046865443037974,0.376205414556962,45,45
0.05046865443037974,0.3906681708860759,45,45
0.05046865443037974,0.40513092721518984,45,45
0.05046865443037974,0.41959368354430376,45,45
0.05046865443037974,0.4340564398734177,45,45
0.05046865443037974,0.4485191962025316,45,45
0.05046865443037974,0.46298195253164554,45,45
0.05046865443037974,0.47744470886075946,45,45
0.05046865443037974,0.4919074651898734,45,45
0.05046865443037974,0.5063702215189873,45,45
0.05046865443037974,0.5208329778481012,45,45
0.05046865443037974,0.5352957341772152,45,45
0.05046865443037974,0.5497584905063291,45,45
0.05046865443037974,0.564221246835443,45,45
0.05046865443037974,0.5786840031645569,45,45
0.05046865443037974,0.5931467594936709,45,45
0.05046865443037974,0.6076095158227848,45,45
0.05046865443037974,0.6220722721518986,46,46
0.05046865443037974,0.6365350284810126,46,46
0.05046865443037974,0.6509977848101266,46,46
0.05046865443037974,0.6654605411392405,46,46
0.05046865443037974,0.6799232974683543,46,46
0.05046865443037974,0.6943860537974683,46,46
0.05046865443037974,0.7088488101265823,46,46
0.05046865443037974,0.7233115664556962,46,46
0.05046865443037974,0.73777432278481,46,46
0.05046865443037974,0.752237079113924,46,46
0.05046865443037974,0.766699835443038,47,47
0.05046865443037974,0.7811625917721519,47,47
0.05046865443037974,0.7956253481012657,47,47
0.05046865443037974,0.8100881044303797,47,47
0.05046865443037974,0.8245508607594937,47,47
0.05046865443037974,0.8390136170886076,47,47
0.05046865443037974,0.8534763734177214,47,47
0.05046865443037974,0.8679391297468354,47,47
0.05046865443037974,0.8824018860759494,47,47
0.05046865443037974,0.8968646424050633,47,47
0.05046865443037974,0.9113273987341771,47,47
0.05046865443037974,0.9257901550632911,47,47
0.05046865443037974,0.9402529113924051,47,47
0.05046865443037974,0.954715667721519,47,47
0.05046865443037974,0.9691784240506328,47,47
0.05046865443037974,0.9836411803797468,47,47
0.05046865443037974,0.9981039367088608,47,47
0.05046865443037974,1.0125666930379746,47,47
0.05046865443037974,1.0270294493670886,47,47
0.05046865443037974,1.0414922056962026,47,47
0.05046865443037974,1.0559549620253166,47,47
0.05046865443037974,1.0704177183544306,47,47
0.05046865443037974,1.0848804746835443,47,47
0.05046865443037974,1.0993432310126583,47,47
0.05046865443037974,1.1138059873417723,47,47
0.05046865443037974,1.128268743670886,47,47
0.05046865443037974,1.1427315,47,47
0.06304744303797467,0.00017375,0,0
0.06304744303797467,0.014636506329113924,20,20
0.06304744303797467,0.029099262658227848,23,23
0.06304744303797467,0.04356201898734177,24,24
0.06304744303797467,0.058024775316455696,24,24
0.06304744303797467,0.07248753164556962,24,24
0.06304744303797467,0.08695028797468354,24,24
0.06304744303797467,0.10141304430379747,24,24
0.06304744303797467,0.11587580063291139,24,24
0.06304744303797467,0.13033855696202531,24,24
0.06304744303797467,0.14480131329113924,24,24
0.06304744303797467,0.15926406962025316,24,24
0.06304744303797467,0.1737268259493671,24,24
0.06304744303797467,0.188189582278481,24,24
0.06304744303797467,0.20265233860759493,25,25
0.06304744303797467,0.21711509493670886,25,25
0.06304744303797467,0.23157785126582278,25,25
0.06304744303797467,0.2460406075949367,25,25
0.06304744303797467,0.2605033639240506,25,25
0.06304744303797467,0.2749661202531645,25,25
0.06304744303797467,0.28942887658227845,26,26
0.06304744303797467,0.3038916329113924,26,26
0.06304744303797467,0.3183543892405063,26,26
0.06304744303797467,0.3328171455696202,26,26
0.06304744303797467,0.34727990189873414,26,26
0.06304744303797467,0.36174265822784807,27,27
0.06304744303797467,0.376205414556962,27,27
0.06304744303797467,0.3906681708860759,27,27
0.06304744303797467,0.40513092721518984,27,27
0.06304744303797467,0.41959368354430376,27,27
0.06304744303797467,0.4340564398734177,27,27
0.06304744303797467,0.4485191962025316,27,27
0.06304744303797467,0.46298195253164554,27,27
0.06304744303797467,0.47744470886075946,27,27
0.06304744303797467,0.4919074651898734,27,27
0.06304744303797467,0.5063702215189873,27,27
0.06304744303797467,0.5208329778481012,27,27
0.06304744303797467,0.5352957341772152,27,27
0.06304744303797467,0.5497584905063291,27,27
0.06304744303797467,0.564221246835443,27,27
0.06304744303797467,0.5786840031645569,27,27
0.06304744303797467,0.5931467594936709,27,27
0.06304744303797467,0.6076095158227848,27,27
0.06304744303797467,0.6220722721518986,28,28
0.06304744303797467,0.6365350284810126,28,28
0.06304744303797467,0.6509977848101266,28,28
0.06304744303797467,0.6654605411392405,28,28
0.06304744303797467,0.6799232974683543,28,28
0.06304744303797467,0.6943860537974683,28,28
0.06304744303797467,0.7088488101265823,28,28
0.06304744303797467,0.7233115664556962,28,28
0.06304744303797467,0.73777432278481,28,28
0.06304744303797467,0.752237079113924,28,28
0.06304744303797467,0.766699835443038,28,28
0.06304744303797467,0.7811625917721519,28,28
0.06304744303797467,0.7956253481012657,28,28
0.06304744303797467,0.8100881044303797,28,28
0.06304744303797467,0.8245508607594937,28,28
0.06304744303797467,0.8390136170886076,28,28
0.06304744303797467,0.8534763734177214,28,28
0.06304744303797467,0.8679391297468354,28,28
0.06304744303797467,0.8824018860759494,28,28
0.06304744303797467,0.8968646424050633,28,28
0.06304744303797467,0.9113273987341771,28,28
0.06304744303797467,0.9257901550632911,28,28
0.06304744303797467,0.9402529113924051,28,28
0.06304744303797467,0.954715667721519,28,28
0.06304744303797467,0.9691784240506328,28,28
0.06304744303797467,0.9836411803797468,28,28
0.06304744303797467,0.9981039367088608,28,28
0.06304744303797467,1.0125666930379746,28,28
0.06304744303797467,1.0270294493670886,28,28
0.06304744303797467,1.0414922056962026,28,28
0.06304744303797467,1.0559549620253166,28,28
0.06304744303797467,1.0704177183544306,28,28
0.06304744303797467,1.0848804746835443,28,28
0.06304744303797467,1.0993432310126583,28,28
0.06304744303797467,1.1138059873417723,28,28
0.06304744303797467,1.128268743670886,28,28
0.06304744303797467,1.1427315,28,28
0.07562623164556961,0.00017375,0,0
0.07562623164556961,0.014636506329113924,0,0
0.07562623164556961,0.029099262658227848,3,3
0.07562623164556961,0.04356201898734177,4,4
0.07562623164556961,0.058024775316455696,4,4
0.07562623164556961,0.07248753164556962,4,4
0.07562623164556961,0.08695028797468354,4,4
0.07562623164556961,0.10141304430379747,4,4
0.07562623164556961,0.11587580063291139,4,4
0.07562623164556961,0.13033855696202531,4,4
0.07562623164556961,0.14480131329113924,4,4
0.07562623164556961,0.15926406962025316,4,4
0.07562623164556961,0.1737268259493671,4,4
0.07562623164556961,0.188189582278481,4,4
0.07562623164556961,0.20265233860759493,5,5
0.07562623164556961,0.21711509493670886,5,5
0.07562623164556961,0.23157785126582278,5,5
0.07562623164556961,0.2460406075949367,5,5
0.07562623164556961,0.2605033639240506,5,5
0.07562623164556961,0.2749661202531645,5,5
0.07562623164556961,0.28942887658227845,6,6
0.07562623164556961,0.3038916329113924,6,6
0.07562623164556961,0.3183543892405063,6,6
0.07562623164556961,0.3328171455696202,6,6
0.07562623164556961,0.34727990189873414,6,6
0.07562623164556961,0.36174265822784807,7,7
0.07562623164556961,0.376205414556962,7,7
0.07562623164556961,0.3906681708860759,7,7
0.07562623164556961,0.40513092721518984,7,7
0.07562623164556961,0.41959368354430376,7,7
0.07562623164556961,0.4340564398734177,7,7
0.07562623164556961,0.4485191962025316,7,7
0.07562623164556961,0.46298195253164554,7,7
0.07562623164556961,0.47744470886075946,7,7
0.07562623164556961,0.4919074651898734,7,7
0.07562623164556961,0.5063702215189873,7,7
0.07562623164556961,0.5208329778481012,7,7
0.07562623164556961,0.5352957341772152,7,7
0.07562623164556961,0.5497584905063291,7,7
0.07562623164556961,0.564221246835443,7,7
0.07562623164556961,0.5786840031645569,7,7
0.07562623164556961,0.5931467594936709,7,7
0.07562623164556961,0.6076095158227848,7,7
0.07562623164556961,0.6220722721518986,8,8
0.07562623164556961,0.6365350284810126,8,8
0.07562623164556961,0.6509977848101266,8,8
0.07562623164556961,0.6654605411392405,8,8
0.07562623164556961,0.6799232974683543,8,8
0.07562623164556961,0.6943860537974683,8,8
0.07562623164556961,0.7088488101265823,8,8
0.07562623164556961,0.7233115664556962,8,8
0.07562623164556961,0.73777432278481,8,8
0.07562623164556961,0.752237079113924,8,8
0.07562623164556961,0.766699835443038,8,8
0.07562623164556961,0.7811625917721519,8,8
0.07562623164556961,0.7956253481012657,8,8
0.07562623164556961,0.8100881044303797,8,8
0.07562623164556961,0.8245508607594937,8,8
0.07562623164556961,0.8390136170886076,8,8
0.07562623164556961,0.8534763734177214,8,8
0.07562623164556961,0.8679391297468354,8,8
0.07562623164556961,0.8824018860759494,8,8
0.07562623164556961,0.8968646424050633,8,8
0.07562623164556961,0.9113273987341771,8,8
0.07562623164556961,0.9257901550632911,8,8
0.07562623164556961,0.9402529113924051,8,8
0.07562623164556961,0.954715667721519,8,8
0.07562623164556961,0.9691784240506328,8,8
0.07562623164556961,0.9836411803797468,8,8
0.07562623164556961,0.9981039367088608,8,8
0.07562623164556961,1.0125666930379746,8,8
0.07562623164556961,1.0270294493670886,8,8
0.07562623164556961,1.0414922056962026,8,8
0.07562623164556961,1.0559549620253166,8,8
0.07562623164556961,1.0704177183544306,8,8
0.07562623164556961,1.0848804746835443,8,8
0.07562623164556961,1.0993432310126583,8,8
0.07562623164556961,1.1138059873417723,8,8
0.07562623164556961,1.128268743670886,8,8
0.07562623164556961,1.1427315,8,8
0.08820502025316454,0.00017375,0,0
0.08820502025316454,0.014636506329113924,0,0
0.08820502025316454,0.029099262658227848,3,3
0.08820502025316454,0.04356201898734177,4,4
0.08820502025316454,0.058024775316455696,4,4
0.08820502025316454,0.07248753164556962,4,4
0.08820502025316454,0.08695028797468354,4,4
0.08820502025316454,0.10141304430379747,4,4
0.08820502025316454,0.11587580063291139,4,4
0.08820502025316454,0.13033855696202531,4,4
0.08820502025316454,0.14480131329113924,4,4
0.08820502025316454,0.15926406962025316,4,4
0.08820502025316454,0.1737268259493671,4,4
0.08820502025316454,0.188189582278481,4,4
0.08820502025316454,0.20265233860759493,5,5
0.08820502025316454,0.21711509493670886,5,5
0.08820502025316454,0.23157785126582278,5,5
0.08820502025316454,0.2460406075949367,5,5
0.08820502025316454,0.2605033639240506,5,5
0.08820502025316454,0.2749661202531645,5,5
0.08820502025316454,0.28942887658227845,6,6
0.08820502025316454,0.3038916329113924,6,6
0.08820502025316454,0.3183543892405063,6,6
0.08820502025316454,0.3328171455696202,6,6
0.08820502025316454,0.34727990189873414,6,6
0.08820502025316454,0.36174265822784807,7,7
0.08820502025316454,0.376205414556962,7,7
0.08820502025316454,0.3906681708860759,7,7
0.08820502025316454,0.40513092721518984,7,7
0.08820502025316454,0.41959368354430376,7,7
0.08820502025316454,0.4340564398734177,7,7
0.08820502025316454,0.4485191962025316,7,7
0.08820502025316454,0.46298195253164554,7,7
0.08820502025316454,0.47744470886075946,7,7
0.08820502025316454,0.4919074651898734,7,7
0.08820502025316454,0.5063702215189873,7,7
0.08820502025316454,0.5208329778481012,7,7
0.08820502025316454,0.5352957341772152,7,7
0.08820502025316454,0.5497584905063291,7,7
0.08820502025316454,0.564221246835443,7,7
0.08820502025316454,0.5786840031645569,7,7
0.08820502025316454,0.5931467594936709,7,7
0.08820502025316454,0.6076095158227848,7,7
0.08820502025316454,0.6220722721518986,8,8
0.08820502025316454,0.6365350284810126,8,8
0.08820502025316454,0.6509977848101266,8,8
0.08820502025316454,0.6654605411392405,8,8
0.08820502025316454,0.6799232974683543,8,8
0.08820502025316454,0.6943860537974683,8,8
0.08820502025316454,0.7088488101265823,8,8
0.08820502025316454,0.7233115664556962,8,8
0.08820502025316454,0.73777432278481,8,8
0.08820502025316454,0.752237079113924,8,8
0.08820502025316454,0.766699835443038,8,8
0.08820502025316454,0.7811625917721519,8,8
0.08820502025316454,0.7956253481012657,8,8
0.08820502025316454,0.8100881044303797,8,8
0.08820502025316454,0.8245508607594937,8,8
0.08820502025316454,0.8390136170886076,8,8
0.08820502025316454,0.8534763734177214,8,8
0.08820502025316454,0.8679391297468354,8,8
0.08820502025316454,0.8824018860759494,8,8
0.08820502025316454,0.8968646424050633,8,8
0.08820502025316454,0.9113273987341771,8,8
0.08820502025316454,0.9257901550632911,8,8
0.08820502025316454,0.9402529113924051,8,8
0.08820502025316454,0.954715667721519,8,8
0.08820502025316454,0.9691784240506328,8,8
0.08820502025316454,0.9836411803797468,8,8
0.08820502025316454,0.9981039367088608,8,8
0.08820502025316454,1.0125666930379746,8,8
0.08820502025316454,1.0270294493670886,8,8
0.08820502025316454,1.0414922056962026,8,8
0.08820502025316454,1.0559549620253166,8,8
0.08820502025316454,1.0704177183544306,8,8
0.08820502025316454,1.0848804746835443,8,8
0.08820502025316454,1.0993432310126583,8,8
0.08820502025316454,1.1138059873417723,8,8
0.08820502025316454,1.128268743670886,8,8
0.08820502025316454,1.1427315,8,8
0.10078380886075948,0.00017375,0,0
0.10078380886075948,0.014636506329113924,0,0
0.10078380886075948,0.029099262658227848,0,0
0.10078380886075948,0.04356201898734177,0,0
0.10078380886075948,0.058024775316455696,0,0
0.10078380886075948,0.07248753164556962,0,0
0.10078380886075948,0.08695028797468354,0,0
0.10078380886075948,0.10141304430379747,0,0
0.10078380886075948,0.11587580063291139,0,0
0.10078380886075948,0.13033855696202531,0,0
0.10078380886075948,0.14480131329113924,0,0
0.10078380886075948,0.15926406962025316,0,0
0.10078380886075948,0.1737268259493671,0,0
0.10078380886075948,0.188189582278481,0,0
0.10078380886075948,0.20265233860759493,1,1
0.10078380886075948,0.21711509493670886,1,1
0.10078380886075948,0.23157785126582278,1,1
0.10078380886075948,0.2460406075949367,1,1
0.10078380886075948,0.2605033639240506,1,1
0.10078380886075948,0.2749661202531645,1,1
0.10078380886075948,0.28942887658227845,1,1
0.10078380886075948,0.3038916329113924,1,1
0.10078380886075948,0.3183543892405063,1,1
0.10078380886075948,0.3328171455696202,1,1
0.10078380886075948,0.34727990189873414,1,1
0.10078380886075948,0.36174265822784807,2,2
0.10078380886075948,0.376205414556962,2,2
0.10078380886075948,0.3906681708860759,2,2
0.10078380886075948,0.40513092721518984,2,2
0.10078380886075948,0.41959368354430376,2,2
0.10078380886075948,0.4340564398734177,2,2
0.10078380886075948,0.4485191962025316,2,2
0.10078380886075948,0.46298195253164554,2,2
0.10078380886075948,0.47744470886075946,2,2
0.10078380886075948,0.4919074651898734,2,2
0.10078380886075948,0.5063702215189873,2,2
0.10078380886075948,0.5208329778481012,2,2
0.10078380886075948,0.5352957341772152,2,2
0.10078380886075948,0.5497584905063291,2,2
0.10078380886075948,0.564221246835443,2,2
0.10078380886075948,0.5786840031645569,2,2
0.10078380886075948,0.5931467594936709,2,2
0.10078380886075948,0.6076095158227848,2,2
0.10078380886075948,0.6220722721518986,3,3
0.10078380886075948,0.6365350284810126,3,3
0.10078380886075948,0.6509977848101266,3,3
0.10078380886075948,0.6654605411392405,3,3
0.10078380886075948,0.6799232974683543,3,3
0.10078380886075948,0.6943860537974683,3,3
0.10078380886075948,0.7088488101265823,3,3
0.10078380886075948,0.7233115664556962,3,3
0.10078380886075948,0.73777432278481,3,3
0.10078380886075948,0.752237079113924,3,3
0.10078380886075948,0.766699835443038,3,3
0.10078380886075948,0.7811625917721519,3,3
0.10078380886075948,0.7956253481012657,3,3
0.10078380886075948,0.8100881044303797,3,3
0.10078380886075948,0.8245508607594937,3,3
0.10078380886075948,0.8390136170886076,3,3
0.10078380886075948,0.8534763734177214,3,3
0.10078380886075948,0.8679391297468354,3,3
0.10078380886075948,0.8824018860759494,3,3
0.10078380886075948,0.8968646424050633,3,3
0.10078380886075948,0.9113273987341771,3,3
0.10078380886075948,0.9257901550632911,3,3
0.10078380886075948,0.9402529113924051,3,3
0.10078380886075948,0.954715667721519,3,3
0.10078380886075948,0.9691784240506328,3,3
0.10078380886075948,0.9836411803797468,3,3
0.10078380886075948,0.9981039367088608,3,3
0.10078380886075948,1.0125666930379746,3,3
0.10078380886075948,1.0270294493670886,3,3
0.10078380886075948,1.0414922056962026,3,3
0.10078380886075948,1.0559549620253166,3,3
0.10078380886075948,1.0704177183544306,3,3
0.10078380886075948,1.0848804746835443,3,3
0.10078380886075948,1.0993432310126583,3,3
0.10078380886075948,1.1138059873417723,3,3
0.10078380886075948,1.128268743670886,3,3
0.10078380886075948,1.1427315,3,3
0.11336259746835442,0.00017375,0,0
0.11336259746835442,0.014636506329113924,0,0
0.11336259746835442,0.029099262658227848,0,0
0.11336259746835442,0.04356201898734177,0,0
0.11336259746835442,0.058024775316455696,0,0
0.11336259746835442,0.07248753164556962,0,0
0.11336259746835442,0.08695028797468354,0,0
0.11336259746835442,0.10141304430379747,0,0
0.11336259746835442,0.11587580063291139,0,0
0.11336259746835442,0.13033855696202531,0,0
0.11336259746835442,0.14480131329113924,0,0
0.11336259746835442,0.15926406962025316,0,0
0.11336259746835442,0.1737268259493671,0,0
0.11336259746835442,0.188189582278481,0,0
0.11336259746835442,0.20265233860759493,0,0
0.11336259746835442,0.21711509493670886,0,0
0.11336259746835442,0.23157785126582278,0,0
0.11336259746835442,0.2460406075949367,0,0
0.11336259746835442,0.2605033639240506,0,0
0.11336259746835442,0.2749661202531645,0,0
0.11336259746835442,0.28942887658227845,0,0
0.11336259746835442,0.3038916329113924,0,0
0.11336259746835442,0.3183543892405063,0,0
0.11336259746835442,0.3328171455696202,0,0
0.11336259746835442,0.34727990189873414,0,0
0.11336259746835442,0.36174265822784807,1,1
0.11336259746835442,0.376205414556962,1,1
0.11336259746835442,0.3906681708860759,1,1
0.11336259746835442,0.40513092721518984,1,1
0.11336259746835442,0.41959368354430376,1,1
0.11336259746835442,0.4340564398734177,1,1
0.11336259746835442,0.4485191962025316,1,1
0.11336259746835442,0.46298195253164554,1,1
0.11336259746835442,0.47744470886075946,1,1
0.11336259746835442,0.4919074651898734,1,1
0.11336259746835442,0.5063702215189873,1,1
0.11336259746835442,0.5208329778481012,1,1
0.11336259746835442,0.5352957341772152,1,1
0.11336259746835442,0.5497584905063291,1,1
0.11336259746835442,0.564221246835443,1,1
0.11336259746835442,0.5786840031645569,1,1
0.11336259746835442,0.5931467594936709,1,1
0.11336259746835442,0.6076095158227848,1,1
0.11336259746835442,0.6220722721518986,2,2
0.11336259746835442,0.6365350284810126,2,2
0.11336259746835442,0.6509977848101266,2,2
0.11336259746835442,0.6654605411392405,2,2
0.11336259746835442,0.6799232974683543,2,2
0.11336259746835442,0.6943860537974683,2,2
0.11336259746835442,0.7088488101265823,2,2
0.11336259746835442,0.7233115664556962,2,2
0.11336259746835442,0.73777432278481,2,2
0.11336259746835442,0.752237079113924,2,2
0.11336259746835442,0.766699835443038,2,2
0.11336259746835442,0.7811625917721519,2,2
0.11336259746835442,0.7956253481012657,2,2
0.11336259746835442,0.8100881044303797,2,2
0.11336259746835442,0.8245508607594937,2,2
0.11336259746835442,0.8390136170886076,2,2
0.11336259746835442,0.8534763734177214,2,2
0.11336259746835442,0.8679391297468354,2,2
0.11336259746835442,0.8824018860759494,2,2
0.11336259746835442,0.8968646424050633,2,2
0.11336259746835442,0.9113273987341771,2,2
0.11336259746835442,0.9257901550632911,2,2
0.11336259746835442,0.9402529113924051,2,2
0.11336259746835442,0.954715667721519,2,2
0.11336259746835442,0.9691784240506328,2,2
0.11336259746835442,0.9836411803797468,2,2
0.11336259746835442,0.9981039367088608,2,2
0.11336259746835442,1.0125666930379746,2,2
0.11336259746835442,1.0270294493670886,2,2
0.11336259746835442,1.0414922056962026,2,2
0.11336259746835442,1.0559549620253166,2,2
0.11336259746835442,1.0704177183544306,2,2
0.11336259746835442,1.0848804746835443,2,2
0.11336259746835442,1.0993432310126583,2,2
0.11336259746835442,1.1138059873417723,2,2
0.11336259746835442,1.128268743670886,2,2
0.11336259746835442,1.1427315,2,2
0.12594138607594935,0.00017375,0,0
0.12594138607594935,0.014636506329113924,0,0
0.12594138607594935,0.029099262658227848,0,0
0.12594138607594935,0.04356201898734177,0,0
0.12594138607594935,0.058024775316455696,0,0
0.12594138607594935,0.07248753164556962,0,0
0.12594138607594935,0.08695028797468354,0,0
0.12594138607594935,0.10141304430379747,0,0
0.12594138607594935,0.11587580063291139,0,0
0.12594138607594935,0.13033855696202531,0,0
0.12594138607594935,0.14480131329113924,0,0
0.12594138607594935,0.15926406962025316,0,0
0.12594138607594935,0.1737268259493671,0,0
0.12594138607594935,0.188189582278481,0,0
0.12594138607594935,0.20265233860759493,0,0
0.12594138607594935,0.21711509493670886,0,0
0.12594138607594935,0.23157785126582278,0,0
0.12594138607594935,0.2460406075949367,0,0
0.12594138607594935,0.2605033639240506,0,0
0.12594138607594935,0.2749661202531645,0,0
0.12594138607594935,0.28942887658227845,0,0
0.12594138607594935,0.3038916329113924,0,0
0.12594138607594935,0.3183543892405063,0,0
0.12594138607594935,0.3328171455696202,0,0
0.12594138607594935,0.34727990189873414,0,0
0.12594138607594935,0.36174265822784807,1,1
0.12594138607594935,0.376205414556962,1,1
0.12594138607594935,0.3906681708860759,1,1
0.12594138607594935,0.40513092721518984,1,1
0.12594138607594935,0.41959368354430376,1,1
0.12594138607594935,0.4340564398734177,1,1
0.12594138607594935,0.4485191962025316,1,1
0.12594138607594935,0.46298195253164554,1,1
0.12594138607594935,0.47744470886075946,1,1
0.12594138607594935,0.4919074651898734,1,1
0.12594138607594935,0.5063702215189873,1,1
0.12594138607594935,0.5208329778481012,1,1
0.12594138607594935,0.5352957341772152,1,1
0.12594138607594935,0.5497584905063291,1,1
0.12594138607594935,0.564221246835443,1,1
0.12594138607594935,0.5786840031645569,1,1
0.12594138607594935,0.5931467594936709,1,1
0.12594138607594935,0.6076095158227848,1,1
0.12594138607594935,0.6220722721518986,2,2
0.12594138607594935,0.6365350284810126,2,2
0.12594138607594935,0.6509977848101266,2,2
0.12594138607594935,0.6654605411392405,2,2
0.12594138607594935,0.6799232974683543,2,2
0.12594138607594935,0.6943860537974683,2,2
0.12594138607594935,0.7088488101265823,2,2
0.12594138607594935,0.7233115664556962,2,2
0.12594138607594935,0.73777432278481,2,2
0.12594138607594935,0.752237079113924,2,2
0.12594138607594935,0.766699835443038,2,2
0.12594138607594935,0.7811625917721519,2,2
0.12594138607594935,0.7956253481012657,2,2
0.12594138607594935,0.8100881044303797,2,2
0.12594138607594935,0.8245508607594937,2,2
0.12594138607594935,0.8390136170886076,2,2
0.12594138607594935,0.8534763734177214,2,2
0.12594138607594935,0.8679391297468354,2,2
0.12594138607594935,0.8824018860759494,2,2
0.12594138607594935,0.8968646424050633,2,2
0.12594138607594935,0.9113273987341771,2,2
0.12594138607594935,0.9257901550632911,2,2
0.12594138607594935,0.9402529113924051,2,2
0.12594138607594935,0.954715667721519,2,2
0.12594138607594935,0.9691784240506328,2,2
0.12594138607594935,0.9836411803797468,2,2
0.12594138607594935,0.9981039367088608,2,2
0.12594138607594935,1.0125666930379746,2,2
0.12594138607594935,1.0270294493670886,2,2
0.12594138607594935,1.0414922056962026,2,2
0.12594138607594935,1.0559549620253166,2,2
0.12594138607594935,1.0704177183544306,2,2
0.12594138607594935,1.0848804746835443,2,2
0.12594138607594935,1.0993432310126583,2,2
0.12594138607594935,1.1138059873417723,2,2
0.12594138607594935,1.128268743670886,2,2
0.12594138607594935,1.1427315,2,2
0.13852017468354427,0.00017375,0,0
0.13852017468354427,0.014636506329113924,0,0
0.13852017468354427,0.029099262658227848,0,0
0.13852017468354427,0.04356201898734177,0,0
0.13852017468354427,0.058024775316455696,0,0
0.13852017468354427,0.07248753164556962,0,0
0.13852017468354427,0.08695028797468354,0,0
0.13852017468354427,0.10141304430379747,0,0
0.13852017468354427,0.11587580063291139,0,0
0.13852017468354427,0.13033855696202531,0,0
0.13852017468354427,0.14480131329113924,0,0
0.13852017468354427,0.15926406962025316,0,0
0.13852017468354427,0.1737268259493671,0,0
0.13852017468354427,0.188189582278481,0,0
0.13852017468354427,0.20265233860759493,0,0
0.13852017468354427,0.21711509493670886,0,0
0.13852017468354427,0.23157785126582278,0,0
0.13852017468354427,0.2460406075949367,0,0
0.13852017468354427,0.2605033639240506,0,0
0.13852017468354427,0.2749661202531645,0,0
0.13852017468354427,0.28942887658227845,0,0
0.13852017468354427,0.3038916329113924,0,0
0.13852017468354427,0.3183543892405063,0,0
0.13852017468354427,0.3328171455696202,0,0
0.13852017468354427,0.34727990189873414,0,0
0.13852017468354427,0.36174265822784807,1,1
0.13852017468354427,0.376205414556962,1,1
0.13852017468354427,0.3906681708860759,1,1
0.13852017468354427,0.40513092721518984,1,1
0.13852017468354427,0.41959368354430376,1,1
0.13852017468354427,0.4340564398734177,1,1
0.13852017468354427,0.4485191962025316,1,1
0.13852017468354427,0.46298195253164554,1,1
0.13852017468354427,0.47744470886075946,1,1
0.13852017468354427,0.4919074651898734,1,1
0.13852017468354427,0.5063702215189873,1,1
0.13852017468354427,0.5208329778481012,1,1
0.13852017468354427,0.5352957341772152,1,1
0.13852017468354427,0.5497584905063291,1,1
0.13852017468354427,0.564221246835443,1,1
0.13852017468354427,0.5786840031645569,1,1
0.13852017468354427,0.5931467594936709,1,1
0.13852017468354427,0.6076095158227848,1,1
0.13852017468354427,0.6220722721518986,2,2
0.13852017468354427,0.6365350284810126,2,2
0.13852017468354427,0.6509977848101266,2,2
0.13852017468354427,0.6654605411392405,2,2
0.13852017468354427,0.6799232974683543,2,2
0.13852017468354427,0.6943860537974683,2,2
0.13852017468354427,0.7088488101265823,2,2
0.13852017468354427,0.7233115664556962,2,2
0.13852017468354427,0.73777432278481,2,2
0.13852017468354427,0.752237079113924,2,2
0.13852017468354427,0.766699835443038,2,2
0.13852017468354427,0.7811625917721519,2,2
0.13852017468354427,0.7956253481012657,2,2
0.13852017468354427,0.8100881044303797,2,2
0.13852017468354427,0.8245508607594937,2,2
0.13852017468354427,0.8390136170886076,2,2
0.13852017468354427,0.8534763734177214,2,2
0.13852017468354427,0.8679391297468354,2,2
0.13852017468354427,0.8824018860759494,2,2
0.13852017468354427,0.8968646424050633,2,2
0.13852017468354427,0.9113273987341771,2,2
0.13852017468354427,0.9257901550632911,2,2
0.13852017468354427,0.9402529113924051,2,2
0.13852017468354427,0.954715667721519,2,2
0.13852017468354427,0.9691784240506328,2,2
0.13852017468354427,0.9836411803797468,2,2
0.13852017468354427,0.9981039367088608,2,2
0.13852017468354427,1.0125666930379746,2,2
0.13852017468354427,1.0270294493670886,2,2
0.13852017468354427,1.0414922056962026,2,2
0.13852017468354427,1.0559549620253166,2,2
0.13852017468354427,1.0704177183544306,2,2
0.13852017468354427,1.0848804746835443,2,2
0.13852017468354427,1.0993432310126583,2,2
0.13852017468354427,1.1138059873417723,2,2
0.13852017468354427,1.128268743670886,2,2
0.13852017468354427,1.1427315,2,2
0.15109896329113923,0.00017375,0,0
0.15109896329113923,0.014636506329113924,0,0
0.15109896329113923,0.029099262658227848,0,0
0.15109896329113923,0.04356201898734177,0,0
0.15109896329113923,0.058024775316455696,0,0
0.15109896329113923,0.07248753164556962,0,0
0.15109896329113923,0.08695028797468354,0,0
0.15109896329113923,0.10141304430379747,0,0
0.15109896329113923,0.11587580063291139,0,0
0.15109896329113923,0.13033855696202531,0,0
0.15109896329113923,0.14480131329113924,0,0
0.15109896329113923,0.15926406962025316,0,0
0.15109896329113923,0.1737268259493671,0,0
0.15109896329113923,0.188189582278481,0,0
0.15109896329113923,0.20265233860759493,0,0
0.15109896329113923,0.21711509493670886,0,0
0.15109896329113923,0.23157785126582278,0,0
0.15109896329113923,0.2460406075949367,0,0
0.15109896329113923,0.2605033639240506,0,0
0.15109896329113923,0.2749661202531645,0,0
0.15109896329113923,0.28942887658227845,0,0
0.15109896329113923,0.3038916329113924,0,0
0.15109896329113923,0.3183543892405063,0,0
0.15109896329113923,0.3328171455696202,0,0
0.15109896329113923,0.34727990189873414,0,0
0.15109896329113923,0.36174265822784807,1,1
0.15109896329113923,0.376205414556962,1,1
0.15109896329113923,0.3906681708860759,1,1
0.15109896329113923,0.40513092721518984,1,1
0.15109896329113923,0.41959368354430376,1,1
0.15109896329113923,0.4340564398734177,1,1
0.15109896329113923,0.4485191962025316,1,1
0.15109896329113923,0.46298195253164554,1,1
0.15109896329113923,0.47744470886075946,1,1
0.15109896329113923,0.4919074651898734,1,1
0.15109896329113923,0.5063702215189873,1,1
0.15109896329113923,0.5208329778481012,1,1
0.15109896329113923,0.5352957341772152,1,1
0.15109896329113923,0.5497584905063291,1,1
0.15109896329113923,0.564221246835443,1,1
0.15109896329113923,0.5786840031645569,1,1
0.15109896329113923,0.5931467594936709,1,1
0.15109896329113923,0.6076095158227848,1,1
0.15109896329113923,0.6220722721518986,2,2
0.15109896329113923,0.6365350284810126,2,2
0.15109896329113923,0.6509977848101266,2,2
0.15109896329113923,0.6654605411392405,2,2
0.15109896329113923,0.6799232974683543,2,2
0.15109896329113923,0.6943860537974683,2,2
0.15109896329113923,0.7088488101265823,2,2
0.15109896329113923,0.7233115664556962,2,2
0.15109896329113923,0.73777432278481,2,2
0.15109896329113923,0.752237079113924,2,2
0.15109896329113923,0.766699835443038,2,2
0.15109896329113923,0.7811625917721519,2,2
0.15109896329113923,0.7956253481012657,2,2
0.15109896329113923,0.8100881044303797,2,2
0.15109896329113923,0.8245508607594937,2,2
0.15109896329113923,0.8390136170886076,2,2
0.15109896329113923,0.8534763734177214,2,2
0.15109896329113923,0.8679391297468354,2,2
0.15109896329113923,0.8824018860759494,2,2
0.15109896329113923,0.8968646424050633,2,2
0.15109896329113923,0.9113273987341771,2,2
0.15109896329113923,0.9257901550632911,2,2
0.15109896329113923,0.9402529113924051,2,2
0.15109896329113923,0.954715667721519,2,2
0.15109896329113923,0.9691784240506328,2,2
0.15109896329113923,0.9836411803797468,2,2
0.15109896329113923,0.9981039367088608,2,2
0.15109896329113923,1.0125666930379746,2,2
0.15109896329113923,1.0270294493670886,2,2
0.15109896329113923,1.0414922056962026,2,2
0.15109896329113923,1.0559549620253166,2,2
0.15109896329113923,1.0704177183544306,2,2
0.15109896329113923,1.0848804746835443,2,2
0.15109896329113923,1.0993432310126583,2,2
0.15109896329113923,1.1138059873417723,2,2
0.15109896329113923,1.128268743670886,2,2
0.15109896329113923,1.1427315,2,2
0.16367775189873415,0.00017375,0,0
0.16367775189873415,0.014636506329113924,0,0
0.16367775189873415,0.029099262658227848,0,0
0.16367775189873415,0.04356201898734177,0,0
0.16367775189873415,0.058024775316455696,0,0
0.16367775189873415,0.07248753164556962,0,0
0.16367775189873415,0.08695028797468354,0,0
0.16367775189873415,0.10141304430379747,0,0
0.16367775189873415,0.11587580063291139,0,0
0.16367775189873415,0.13033855696202531,0,0
0.16367775189873415,0.14480131329113924,0,0
0.16367775189873415,0.15926406962025316,0,0
0.16367775189873415,0.1737268259493671,0,0
0.16367775189873415,0.188189582278481,0,0
0.16367775189873415,0.20265233860759493,0,0
0.16367775189873415,0.21711509493670886,0,0
0.16367775189873415,0.23157785126582278,0,0
0.16367775189873415,0.2460406075949367,0,0
0.16367775189873415,0.2605033639240506,0,0
0.16367775189873415,0.2749661202531645,0,0
0.16367775189873415,0.28942887658227845,0,0
0.16367775189873415,0.3038916329113924,0,0
0.16367775189873415,0.3183543892405063,0,0
0.16367775189873415,0.3328171455696202,0,0
0.16367775189873415,0.34727990189873414,0,0
0.16367775189873415,0.36174265822784807,1,1
0.16367775189873415,0.376205414556962,1,1
0.16367775189873415,0.3906681708860759,1,1
0.16367775189873415,0.40513092721518984,1,1
0.16367775189873415,0.41959368354430376,1,1
0.16367775189873415,0.4340564398734177,1,1
0.16367775189873415,0.4485191962025316,1,1
0.16367775189873415,0.46298195253164554,1,1
0.16367775189873415,0.47744470886075946,1,1
0.16367775189873415,0.4919074651898734,1,1
0.16367775189873415,0.5063702215189873,1,1
0.16367775189873415,0.5208329778481012,1,1
0.16367775189873415,0.5352957341772152,1,1
0.16367775189873415,0.5497584905063291,1,1
0.16367775189873415,0.564221246835443,1,1
0.16367775189873415,0.5786840031645569,1,1
0.16367775189873415,0.5931467594936709,1,1
0.16367775189873415,0.6076095158227848,1,1
0.16367775189873415,0.6220722721518986,2,2
0.16367775189873415,0.6365350284810126,2,2
0.16367775189873415,0.6509977848101266,2,2
0.16367775189873415,0.6654605411392405,2,2
0.16367775189873415,0.6799232974683543,2,2
0.16367775189873415,0.6943860537974683,2,2
0.16367775189873415,0.7088488101265823,2,2
0.16367775189873415,0.7233115664556962,2,2
0.16367775189873415,0.73777432278481,2,2
0.16367775189873415,0.752237079113924,2,2
0.16367775189873415,0.766699835443038,2,2
0.16367775189873415,0.7811625917721519,2,2
0.16367775189873415,0.7956253481012657,2,2
0.16367775189873415,0.8100881044303797,2,2
0.16367775189873415,0.8245508607594937,2,2
0.16367775189873415,0.8390136170886076,2,2
0.16367775189873415,0.8534763734177214,2,2
0.16367775189873415,0.8679391297468354,2,2
0.16367775189873415,0.8824018860759494,2,2
0.16367775189873415,0.8968646424050633,2,2
0.16367775189873415,0.9113273987341771,2,2
0.16367775189873415,0.9257901550632911,2,2
0.16367775189873415,0.9402529113924051,2,2
0.16367775189873415,0.954715667721519,2,2
0.16367775189873415,0.9691784240506328,2,2
0.16367775189873415,0.9836411803797468,2,2
0.16367775189873415,0.9981039367088608,2,2
0.16367775189873415,1.0125666930379746,2,2
0.16367775189873415,1.0270294493670886,2,2
0.16367775189873415,1.0414922056962026,2,2
0.16367775189873415,1.0559549620253166,2,2
0.16367775189873415,1.0704177183544306,2,2
0.16367775189873415,1.0848804746835443,2,2
0.16367775189873415,1.0993432310126583,2,2
0.16367775189873415,1.1138059873417723,2,2
0.16367775189873415,1.128268743670886,2,2
0.16367775189873415,1.1427315,2,2
0.17625654050632908,0.00017375,0,0
0.17625654050632908,0.014636506329113924,0,0
0.17625654050632908,0.029099262658227848,0,0
0.17625654050632908,0.04356201898734177,0,0
0.17625654050632908,0.058024775316455696,0,0
0.17625654050632908,0.07248753164556962,0,0
0.17625654050632908,0.08695028797468354,0,0
0.17625654050632908,0.10141304430379747,0,0
0.17625654050632908,0.11587580063291139,0,0
0.17625654050632908,0.13033855696202531,0,0
0.17625654050632908,0.14480131329113924,0,0
0.17625654050632908,0.15926406962025316,0,0
0.17625654050632908,0.1737268259493671,0,0
0.17625654050632908,0.188189582278481,0,0
0.17625654050632908,0.20265233860759493,0,0
0.17625654050632908,0.21711509493670886,0,0
0.17625654050632908,0.23157785126582278,0,0
0.17625654050632908,0.2460406075949367,0,0
0.17625654050632908,0.2605033639240506,0,0
0.17625654050632908,0.2749661202531645,0,0
0.17625654050632908,0.28942887658227845,0,0
0.17625654050632908,0.3038916329113924,0,0
0.17625654050632908,0.3183543892405063,0,0
0.17625654050632908,0.3328171455696202,0,0
0.17625654050632908,0.34727990189873414,0,0
0.17625654050632908,0.36174265822784807,1,1
0.17625654050632908,0.376205414556962,1,1
0.17625654050632908,0.3906681708860759,1,1
0.17625654050632908,0.40513092721518984,1,1
0.17625654050632908,0.41959368354430376,1,1
0.17625654050632908,0.4340564398734177,1,1
0.17625654050632908,0.4485191962025316,1,1
0.17625654050632908,0.46298195253164554,1,1
0.17625654050632908,0.47744470886075946,1,1
0.17625654050632908,0.4919074651898734,1,1
0.17625654050632908,0.5063702215189873,1,1
0.17625654050632908,0.5208329778481012,1,1
0.17625654050632908,0.5352957341772152,1,1
0.17625654050632908,0.5497584905063291,1,1
0.17625654050632908,0.564221246835443,1,1
0.17625654050632908,0.5786840031645569,1,1
0.17625654050632908,0.5931467594936709,1,1
0.17625654050632908,0.6076095158227848,1,1
0.17625654050632908,0.6220722721518986,2,2
0.17625654050632908,0.6365350284810126,2,2
0.17625654050632908,0.6509977848101266,2,2
0.17625654050632908,0.6654605411392405,2,2
0.17625654050632908,0.6799232974683543,2,2
0.17625654050632908,0.6943860537974683,2,2
0.17625654050632908,0.7088488101265823,2,2
0.17625654050632908,0.7233115664556962,2,2
0.17625654050632908,0.73777432278481,2,2
0.17625654050632908,0.752237079113924,2,2
0.17625654050632908,0.766699835443038,2,2
0.17625654050632908,0.7811625917721519,2,2
0.17625654050632908,0.7956253481012657,2,2
0.17625654050632908,0.8100881044303797,2,2
0.17625654050632908,0.8245508607594937,2,2
0.17625654050632908,0.8390136170886076,2,2
0.17625654050632908,0.8534763734177214,2,2
0.17625654050632908,0.8679391297468354,2,2
0.17625654050632908,0.8824018860759494,2,2
0.17625654050632908,0.8968646424050633,2,2
0.17625654050632908,0.9113273987341771,2,2
0.17625654050632908,0.9257901550632911,2,2
0.17625654050632908,0.9402529113924051,2,2
0.17625654050632908,0.954715667721519,2,2
0.17625654050632908,0.9691784240506328,2,2
0.17625654050632908,0.9836411803797468,2,2
0.17625654050632908,0.9981039367088608,2,2
0.17625654050632908,1.0125666930379746,2,2
0.17625654050632908,1.0270294493670886,2,2
0.17625654050632908,1.0414922056962026,2,2
0.17625654050632908,1.0559549620253166,2,2
0.17625654050632908,1.0704177183544306,2,2
0.17625654050632908,1.0848804746835443,2,2
0.17625654050632908,1.0993432310126583,2,2
0.17625654050632908,1.1138059873417723,2,2
0.17625654050632908,1.128268743670886,2,2
0.17625654050632908,1.1427315,2,2
0.18883532911392403,0.00017375,0,0
0.18883532911392403,0.014636506329113924,0,0
0.18883532911392403,0.029099262658227848,0,0
0.18883532911392403,0.04356201898734177,0,0
0.18883532911392403,0.058024775316455696,0,0
0.18883532911392403,0.07248753164556962,0,0
0.18883532911392403,0.08695028797468354,0,0
0.18883532911392403,0.10141304430379747,0,0
0.18883532911392403,0.11587580063291139,0,0
0.18883532911392403,0.13033855696202531,0,0
0.18883532911392403,0.14480131329113924,0,0
0.18883532911392403,0.15926406962025316,0,0
0.18883532911392403,0.1737268259493671,0,0
0.18883532911392403,0.188189582278481,0,0
0.18883532911392403,0.20265233860759493,0,0
0.18883532911392403,0.21711509493670886,0,0
0.18883532911392403,0.23157785126582278,0,0
0.18883532911392403,0.2460406075949367,0,0
0.18883532911392403,0.2605033639240506,0,0
0.18883532911392403,0.2749661202531645,0,0
0.18883532911392403,0.28942887658227845,0,0
0.18883532911392403,0.3038916329113924,0,0
0.18883532911392403,0.3183543892405063,0,0
0.18883532911392403,0.3328171455696202,0,0
0.18883532911392403,0.34727990189873414,0,0
0.18883532911392403,0.36174265822784807,1,1
0.18883532911392403,0.376205414556962,1,1
0.18883532911392403,0.3906681708860759,1,1
0.18883532911392403,0.40513092721518984,1,1
0.18883532911392403,0.41959368354430376,1,1
0.18883532911392403,0.4340564398734177,1,1
0.18883532911392403,0.4485191962025316,1,1
0.18883532911392403,0.46298195253164554,1,1
0.18883532911392403,0.47744470886075946,1,1
0.18883532911392403,0.4919074651898734,1,1
0.18883532911392403,0.5063702215189873,1,1
0.18883532911392403,0.5208329778481012,1,1
0.18883532911392403,0.5352957341772152,1,1
0.18883532911392403,0.5497584905063291,1,1
0.18883532911392403,0.564221246835443,1,1
0.18883532911392403,0.5786840031645569,1,1
0.18883532911392403,0.5931467594936709,1,1
0.18883532911392403,0.6076095158227848,1,1
0.18883532911392403,0.6220722721518986,1,1
0.18883532911392403,0.6365350284810126,1,1
0.18883532911392403,0.6509977848101266,1,1
0.18883532911392403,0.6654605411392405,1,1
0.18883532911392403,0.6799232974683543,1,1
0.18883532911392403,0.6943860537974683,1,1
0.18883532911392403,0.7088488101265823,1,1
0.18883532911392403,0.7233115664556962,1,1
0.18883532911392403,0.73777432278481,1,1
0.18883532911392403,0.752237079113924,1,1
0.18883532911392403,0.766699835443038,1,1
0.18883532911392403,0.7811625917721519,1,1
0.18883532911392403,0.7956253481012657,1,1
0.18883532911392403,0.8100881044303797,1,1
0.18883532911392403,0.8245508607594937,1,1
0.18883532911392403,0.8390136170886076,1,1
0.18883532911392403,0.8534763734177214,1,1
0.18883532911392403,0.8679391297468354,1,1
0.18883532911392403,0.8824018860759494,1,1
0.18883532911392403,0.8968646424050633,1,1
0.18883532911392403,0.9113273987341771,1,1
0.18883532911392403,0.9257901550632911,1,1
0.18883532911392403,0.9402529113924051,1,1
0.18883532911392403,0.954715667721519,1,1
0.18883532911392403,0.9691784240506328,1,1
0.18883532911392403,0.9836411803797468,1,1
0.18883532911392403,0.9981039367088608,1,1
0.18883532911392403,1.0125666930379746,1,1
0.18883532911392403,1.0270294493670886,1,1
0.18883532911392403,1.0414922056962026,1,1
0.18883532911392403,1.0559549620253166,1,1
0.18883532911392403,1.0704177183544306,1,1
0.18883532911392403,1.0848804746835443,1,1
0.18883532911392403,1.0993432310126583,1,1
0.18883532911392403,1.1138059873417723,1,1
0.18883532911392403,1.128268743670886,1,1
0.18883532911392403,1.1427315,1,1
0.20141411772151896,0.00017375,0,0
0.20141411772151896,0.014636506329113924,0,0
0.20141411772151896,0.029099262658227848,0,0
0.20141411772151896,0.04356201898734177,0,0
0.20141411772151896,0.058024775316455696,0,0
0.20141411772151896,0.07248753164556962,0,0
0.20141411772151896,0.08695028797468354,0,0
0.20141411772151896,0.10141304430379747,0,0
0.20141411772151896,0.11587580063291139,0,0
0.20141411772151896,0.13033855696202531,0,0
0.20141411772151896,0.14480131329113924,0,0
0.20141411772151896,0.15926406962025316,0,0
0.20141411772151896,0.1737268259493671,0,0
0.20141411772151896,0.188189582278481,0,0
0.20141411772151896,0.20265233860759493,0,0
0.20141411772151896,0.21711509493670886,0,0
0.20141411772151896,0.23157785126582278,0,0
0.20141411772151896,0.2460406075949367,0,0
0.20141411772151896,0.2605033639240506,0,0
0.20141411772151896,0.2749661202531645,0,0
0.20141411772151896,0.28942887658227845,0,0
0.20141411772151896,0.3038916329113924,0,0
0.20141411772151896,0.3183543892405063,0,0
0.20141411772151896,0.3328171455696202,0,0
0.20141411772151896,0.34727990189873414,0,0
0.20141411772151896,0.36174265822784807,1,1
0.20141411772151896,0.376205414556962,1,1
0.20141411772151896,0.3906681708860759,1,1
0.20141411772151896,0.40513092721518984,1,1
0.20141411772151896,0.41959368354430376,1,1
0.20141411772151896,0.4340564398734177,1,1
0.20141411772151896,0.4485191962025316,1,1
0.20141411772151896,0.46298195253164554,1,1
0.20141411772151896,0.47744470886075946,1,1
0.20141411772151896,0.4919074651898734,1,1
0.20141411772151896,0.5063702215189873,1,1
0.20141411772151896,0.5208329778481012,1,1
0.20141411772151896,0.5352957341772152,1,1
0.20141411772151896,0.5497584905063291,1,1
0.20141411772151896,0.564221246835443,1,1
0.20141411772151896,0.5786840031645569,1,1
0.20141411772151896,0.5931467594936709,1,1
0.20141411772151896,0.6076095158227848,1,1
0.20141411772151896,0.6220722721518986,1,1
0.20141411772151896,0.6365350284810126,1,1
0.20141411772151896,0.6509977848101266,1,1
0.20141411772151896,0.6654605411392405,1,1
0.20141411772151896,0.6799232974683543,1,1
0.20141411772151896,0.6943860537974683,1,1
0.20141411772151896,0.7088488101265823,1,1
0.20141411772151896,0.7233115664556962,1,1
0.20141411772151896,0.73777432278481,1,1
0.20141411772151896,0.752237079113924,1,1
0.20141411772151896,0.766699835443038,1,1
0.20141411772151896,0.7811625917721519,1,1
0.20141411772151896,0.7956253481012657,1,1
0.20141411772151896,0.8100881044303797,1,1
0.20141411772151896,0.8245508607594937,1,1
0.20141411772151896,0.8390136170886076,1,1
0.20141411772151896,0.8534763734177214,1,1
0.20141411772151896,0.8679391297468354,1,1
0.20141411772151896,0.8824018860759494,1,1
0.20141411772151896,0.8968646424050633,1,1
0.20141411772151896,0.9113273987341771,1,1
0.20141411772151896,0.9257901550632911,1,1
0.20141411772151896,0.9402529113924051,1,1
0.20141411772151896,0.954715667721519,1,1
0.20141411772151896,0.9691784240506328,1,1
0.20141411772151896,0.9836411803797468,1,1
0.20141411772151896,0.9981039367088608,1,1
0.20141411772151896,1.0125666930379746,1,1
0.20141411772151896,1.0270294493670886,1,1
0.20141411772151896,1.0414922056962026,1,1
0.20141411772151896,1.0559549620253166,1,1
0.20141411772151896,1.0704177183544306,1,1
0.20141411772151896,1.0848804746835443,1,1
0.20141411772151896,1.0993432310126583,1,1
0.20141411772151896,1.1138059873417723,1,1
0.20141411772151896,1.128268743670886,1,1
0.20141411772151896,1.1427315,1,1
0.21399290632911389,0.00017375,0,0
0.21399290632911389,0.014636506329113924,0,0
0.21399290632911389,0.029099262658227848,0,0
0.21399290632911389,0.04356201898734177,0,0
0.21399290632911389,0.058024775316455696,0,0
0.21399290632911389,0.07248753164556962,0,0
0.21399290632911389,0.08695028797468354,0,0
0.21399290632911389,0.10141304430379747,0,0
0.21399290632911389,0.11587580063291139,0,0
0.21399290632911389,0.13033855696202531,0,0
0.21399290632911389,0.14480131329113924,0,0
0.21399290632911389,0.15926406962025316,0,0
0.21399290632911389,0.1737268259493671,0,0
0.21399290632911389,0.188189582278481,0,0
0.21399290632911389,0.20265233860759493,0,0
0.21399290632911389,0.21711509493670886,0,0
0.21399290632911389,0.23157785126582278,0,0
0.21399290632911389,0.2460406075949367,0,0
0.21399290632911389,0.2605033639240506,0,0
0.21399290632911389,0.2749661202531645,0,0
0.21399290632911389,0.28942887658227845,0,0
0.21399290632911389,0.3038916329113924,0,0
0.21399290632911389,0.3183543892405063,0,0
0.21399290632911389,0.3328171455696202,0,0
0.21399290632911389,0.34727990189873414,0,0
0.21399290632911389,0.36174265822784807,1,1
0.21399290632911389,0.376205414556962,1,1
0.21399290632911389,0.3906681708860759,1,1
0.21399290632911389,0.40513092721518984,1,1
0.21399290632911389,0.41959368354430376,1,1
0.21399290632911389,0.4340564398734177,1,1
0.21399290632911389,0.4485191962025316,1,1
0.21399290632911389,0.46298195253164554,1,1
0.21399290632911389,0.47744470886075946,1,1
0.21399290632911389,0.4919074651898734,1,1
0.21399290632911389,0.5063702215189873,1,1
0.21399290632911389,0.5208329778481012,1,1
0.21399290632911389,0.5352957341772152,1,1
0.21399290632911389,0.5497584905063291,1,1
0.21399290632911389,0.564221246835443,1,1
0.21399290632911389,0.5786840031645569,1,1
0.21399290632911389,0.5931467594936709,1,1
0.21399290632911389,0.6076095158227848,1,1
0.21399290632911389,0.6220722721518986,1,1
0.21399290632911389,0.6365350284810126,1,1
0.21399290632911389,0.6509977848101266,1,1
0.21399290632911389,0.6654605411392405,1,1
0.21399290632911389,0.6799232974683543,1,1
0.21399290632911389,0.6943860537974683,1,1
0.21399290632911389,0.7088488101265823,1,1
0.21399290632911389,0.7233115664556962,1,1
0.21399290632911389,0.73777432278481,1,1
0.21399290632911389,0.752237079113924,1,1
0.21399290632911389,0.766699835443038,1,1
0.21399290632911389,0.7811625917721519,1,1
0.21399290632911389,0.7956253481012657,1,1
0.21399290632911389,0.8100881044303797,1,1
0.21399290632911389,0.8245508607594937,1,1
0.21399290632911389,0.8390136170886076,1,1
0.21399290632911389,0.8534763734177214,1,1
0.21399290632911389,0.8679391297468354,1,1
0.21399290632911389,0.8824018860759494,1,1
0.21399290632911389,0.8968646424050633,1,1
0.21399290632911389,0.9113273987341771,1,1
0.21399290632911389,0.9257901550632911,1,1
0.21399290632911389,0.9402529113924051,1,1
0.21399290632911389,0.954715667721519,1,1
0.21399290632911389,0.9691784240506328,1,1
0.21399290632911389,0.9836411803797468,1,1
0.21399290632911389,0.9981039367088608,1,1
0.21399290632911389,1.0125666930379746,1,1
0.21399290632911389,1.0270294493670886,1,1
0.21399290632911389,1.0414922056962026,1,1
0.21399290632911389,1.0559549620253166,1,1
0.21399290632911389,1.0704177183544306,1,1
0.21399290632911389,1.0848804746835443,1,1
0.21399290632911389,1.0993432310126583,1,1
0.21399290632911389,1.1138059873417723,1,1
0.21399290632911389,1.128268743670886,1,1
0.21399290632911389,1.1427315,1,1
0.22657169493670884,0.00017375,0,0
0.22657169493670884,0.014636506329113924,0,0
0.22657169493670884,0.029099262658227848,0,0
0.22657169493670884,0.04356201898734177,0,0
0.22657169493670884,0.058024775316455696,0,0
0.22657169493670884,0.07248753164556962,0,0
0.22657169493670884,0.08695028797468354,0,0
0.22657169493670884,0.10141304430379747,0,0
0.22657169493670884,0.11587580063291139,0,0
0.22657169493670884,0.13033855696202531,0,0
0.22657169493670884,0.14480131329113924,0,0
0.22657169493670884,0.15926406962025316,0,0
0.22657169493670884,0.1737268259493671,0,0
0.22657169493670884,0.188189582278481,0,0
0.22657169493670884,0.20265233860759493,0,0
0.22657169493670884,0.21711509493670886,0,0
0.22657169493670884,0.23157785126582278,0,0
0.22657169493670884,0.2460406075949367,0,0
0.22657169493670884,0.2605033639240506,0,0
0.22657169493670884,0.2749661202531645,0,0
0.22657169493670884,0.28942887658227845,0,0
0.22657169493670884,0.3038916329113924,0,0
0.22657169493670884,0.3183543892405063,0,0
0.22657169493670884,0.3328171455696202,0,0
0.22657169493670884,0.34727990189873414,0,0
0.22657169493670884,0.36174265822784807,1,1
0.22657169493670884,0.376205414556962,1,1
0.22657169493670884,0.3906681708860759,1,1
0.22657169493670884,0.40513092721518984,1,1
0.22657169493670884,0.41959368354430376,1,1
0.22657169493670884,0.4340564398734177,1,1
0.22657169493670884,0.4485191962025316,1,1
0.22657169493670884,0.46298195253164554,1,1
0.22657169493670884,0.47744470886075946,1,1
0.22657169493670884,0.4919074651898734,1,1
0.22657169493670884,0.5063702215189873,1,1
0.22657169493670884,0.5208329778481012,1,1
0.22657169493670884,0.5352957341772152,1,1
0.22657169493670884,0.5497584905063291,1,1
0.22657169493670884,0.564221246835443,1,1
0.22657169493670884,0.5786840031645569,1,1
0.22657169493670884,0.5931467594936709,1,1
0.22657169493670884,0.6076095158227848,1,1
0.22657169493670884,0.6220722721518986,1,1
0.22657169493670884,0.6365350284810126,1,1
0.22657169493670884,0.6509977848101266,1,1
0.22657169493670884,0.6654605411392405,1,1
0.22657169493670884,0.6799232974683543,1,1
0.22657169493670884,0.6943860537974683,1,1
0.22657169493670884,0.7088488101265823,1,1
0.22657169493670884,0.7233115664556962,1,1
0.22657169493670884,0.73777432278481,1,1
0.22657169493670884,0.752237079113924,1,1
0.22657169493670884,0.766699835443038,1,1
0.22657169493670884,0.7811625917721519,1,1
0.22657169493670884,0.7956253481012657,1,1
0.22657169493670884,0.8100881044303797,1,1
0.22657169493670884,0.8245508607594937,1,1
0.22657169493670884,0.8390136170886076,1,1
0.22657169493670884,0.8534763734177214,1,1
0.22657169493670884,0.8679391297468354,1,1
0.22657169493670884,0.8824018860759494,1,1
0.22657169493670884,0.8968646424050633,1,1
0.22657169493670884,0.9113273987341771,1,1
0.22657169493670884,0.9257901550632911,1,1
0.22657169493670884,0.9402529113924051,1,1
0.22657169493670884,0.954715667721519,1,1
0.22657169493670884,0.9691784240506328,1,1
0.22657169493670884,0.9836411803797468,1,1
0.22657169493670884,0.9981039367088608,1,1
0.22657169493670884,1.0125666930379746,1,1
0.22657169493670884,1.0270294493670886,1,1
0.22657169493670884,1.0414922056962026,1,1
0.22657169493670884,1.0559549620253166,1,1
0.22657169493670884,1.0704177183544306,1,1
0.22657169493670884,1.0848804746835443,1,1
0.22657169493670884,1.0993432310126583,1,1
0.22657169493670884,1.1138059873417723,1,1
0.22657169493670884,1.128268743670886,1,1
0.22657169493670884,1.1427315,1,1
0.23915048354430377,0.00017375,0,0
0.23915048354430377,0.014636506329113924,0,0
0.23915048354430377,0.029099262658227848,0,0
0.23915048354430377,0.04356201898734177,0,0
0.23915048354430377,0.058024775316455696,0,0
0.23915048354430377,0.07248753164556962,0,0
0.23915048354430377,0.08695028797468354,0,0
0.23915048354430377,0.10141304430379747,0,0
0.23915048354430377,0.11587580063291139,0,0
0.23915048354430377,0.13033855696202531,0,0
0.23915048354430377,0.14480131329113924,0,0
0.23915048354430377,0.15926406962025316,0,0
0.23915048354430377,0.1737268259493671,0,0
0.23915048354430377,0.188189582278481,0,0
0.23915048354430377,0.20265233860759493,0,0
0.23915048354430377,0.21711509493670886,0,0
0.23915048354430377,0.23157785126582278,0,0
0.23915048354430377,0.2460406075949367,0,0
0.23915048354430377,0.2605033639240506,0,0
0.23915048354430377,0.2749661202531645,0,0
0.23915048354430377,0.28942887658227845,0,0
0.23915048354430377,0.3038916329113924,0,0
0.23915048354430377,0.3183543892405063,0,0
0.23915048354430377,0.3328171455696202,0,0
0.23915048354430377,0.34727990189873414,0,0
0.23915048354430377,0.36174265822784807,1,1
0.23915048354430377,0.376205414556962,1,1
0.23915048354430377,0.3906681708860759,1,1
0.23915048354430377,0.40513092721518984,1,1
0.23915048354430377,0.41959368354430376,1,1
0.23915048354430377,0.4340564398734177,1,1
0.23915048354430377,0.4485191962025316,1,1
0.23915048354430377,0.46298195253164554,1,1
0.23915048354430377,0.47744470886075946,1,1
0.23915048354430377,0.4919074651898734,1,1
0.23915048354430377,0.5063702215189873,1,1
0.23915048354430377,0.5208329778481012,1,1
0.23915048354430377,0.5352957341772152,1,1
0.23915048354430377,0.5497584905063291,1,1
0.23915048354430377,0.564221246835443,1,1
0.23915048354430377,0.5786840031645569,1,1
0.23915048354430377,0.5931467594936709,1,1
0.23915048354430377,0.6076095158227848,1,1
0.23915048354430377,0.6220722721518986,1,1
0.23915048354430377,0.6365350284810126,1,1
0.23915048354430377,0.6509977848101266,1,1
0.23915048354430377,0.6654605411392405,1,1
0.23915048354430377,0.6799232974683543,1,1
0.23915048354430377,0.6943860537974683,1,1
0.23915048354430377,0.7088488101265823,1,1
0.23915048354430377,0.7233115664556962,1,1
0.23915048354430377,0.73777432278481,1,1
0.23915048354430377,0.752237079113924,1,1
0.23915048354430377,0.766699835443038,1,1
0.23915048354430377,0.7811625917721519,1,1
0.23915048354430377,0.7956253481012657,1,1
0.23915048354430377,0.8100881044303797,1,1
0.23915048354430377,0.8245508607594937,1,1
0.23915048354430377,0.8390136170886076,1,1
0.23915048354430377,0.8534763734177214,1,1
0.23915048354430377,0.8679391297468354,1,1
0.23915048354430377,0.8824018860759494,1,1
0.23915048354430377,0.8968646424050633,1,1
0.23915048354430377,0.9113273987341771,1,1
0.23915048354430377,0.9257901550632911,1,1
0.23915048354430377,0.9402529113924051,1,1
0.23915048354430377,0.954715667721519,1,1
0.23915048354430377,0.9691784240506328,1,1
0.23915048354430377,0.9836411803797468,1,1
0.23915048354430377,0.9981039367088608,1,1
0.23915048354430377,1.0125666930379746,1,1
0.23915048354430377,1.0270294493670886,1,1
0.23915048354430377,1.0414922056962026,1,1
0.23915048354430377,1.0559549620253166,1,1
0.23915048354430377,1.0704177183544306,1,1
0.23915048354430377,1.0848804746835443,1,1
0.23915048354430377,1.0993432310126583,1,1
0.23915048354430377,1.1138059873417723,1,1
0.23915048354430377,1.128268743670886,1,1
0.23915048354430377,1.1427315,1,1
0.25172927215189866,0.00017375,0,0
0.25172927215189866,0.014636506329113924,0,0
0.25172927215189866,0.029099262658227848,0,0
0.25172927215189866,0.04356201898734177,0,0
0.25172927215189866,0.058024775316455696,0,0
0.25172927215189866,0.07248753164556962,0,0
0.25172927215189866,0.08695028797468354,0,0
0.25172927215189866,0.10141304430379747,0,0
0.25172927215189866,0.11587580063291139,0,0
0.25172927215189866,0.13033855696202531,0,0
0.25172927215189866,0.14480131329113924,0,0
0.25172927215189866,0.15926406962025316,0,0
0.25172927215189866,0.1737268259493671,0,0
0.25172927215189866,0.188189582278481,0,0
0.25172927215189866,0.20265233860759493,0,0
0.25172927215189866,0.21711509493670886,0,0
0.25172927215189866,0.23157785126582278,0,0
0.25172927215189866,0.2460406075949367,0,0
0.25172927215189866,0.2605033639240506,0,0
0.25172927215189866,0.2749661202531645,0,0
0.25172927215189866,0.28942887658227845,0,0
0.25172927215189866,0.3038916329113924,0,0
0.25172927215189866,0.3183543892405063,0,0
0.25172927215189866,0.3328171455696202,0,0
0.25172927215189866,0.34727990189873414,0,0
0.25172927215189866,0.36174265822784807,1,1
0.25172927215189866,0.376205414556962,1,1
0.25172927215189866,0.3906681708860759,1,1
0.25172927215189866,0.40513092721518984,1,1
0.25172927215189866,0.41959368354430376,1,1
0.25172927215189866,0.4340564398734177,1,1
0.25172927215189866,0.4485191962025316,1,1
0.25172927215189866,0.46298195253164554,1,1
0.25172927215189866,0.47744470886075946,1,1
0.25172927215189866,0.4919074651898734,1,1
0.25172927215189866,0.5063702215189873,1,1
0.25172927215189866,0.5208329778481012,1,1
0.25172927215189866,0.5352957341772152,1,1
0.25172927215189866,0.5497584905063291,1,1
0.25172927215189866,0.564221246835443,1,1
0.25172927215189866,0.5786840031645569,1,1
0.25172927215189866,0.5931467594936709,1,1
0.25172927215189866,0.6076095158227848,1,1
0.25172927215189866,0.6220722721518986,1,1
0.25172927215189866,0.6365350284810126,1,1
0.25172927215189866,0.6509977848101266,1,1
0.25172927215189866,0.6654605411392405,1,1
0.25172927215189866,0.6799232974683543,1,1
0.25172927215189866,0.6943860537974683,1,1
0.25172927215189866,0.7088488101265823,1,1
0.25172927215189866,0.7233115664556962,1,1
0.25172927215189866,0.73777432278481,1,1
0.25172927215189866,0.752237079113924,1,1
0.25172927215189866,0.766699835443038,1,1
0.25172927215189866,0.7811625917721519,1,1
0.25172927215189866,0.7956253481012657,1,1
0.25172927215189866,0.8100881044303797,1,1
0.25172927215189866,0.8245508607594937,1,1
0.25172927215189866,0.8390136170886076,1,1
0.25172927215189866,0.8534763734177214,1,1
0.25172927215189866,0.8679391297468354,1,1
0.25172927215189866,0.8824018860759494,1,1
0.25172927215189866,0.8968646424050633,1,1
0.25172927215189866,0.9113273987341771,1,1
0.25172927215189866,0.9257901550632911,1,1
0.25172927215189866,0.9402529113924051,1,1
0.25172927215189866,0.954715667721519,1,1
0.25172927215189866,0.9691784240506328,1,1
0.25172927215189866,0.9836411803797468,1,1
0.25172927215189866,0.9981039367088608,1,1
0.25172927215189866,1.0125666930379746,1,1
0.25172927215189866,1.0270294493670886,1,1
0.25172927215189866,1.0414922056962026,1,1
0.25172927215189866,1.0559549620253166,1,1
0.25172927215189866,1.0704177183544306,1,1
0.25172927215189866,1.0848804746835443,1,1
0.25172927215189866,1.0993432310126583,1,1
0.25172927215189866,1.1138059873417723,1,1
0.25172927215189866,1.128268743670886,1,1
0.25172927215189866,1.1427315,1,1
0.2643080607594936,0.00017375,0,0
0.2643080607594936,0.014636506329113924,0,0
0.2643080607594936,0.029099262658227848,0,0
0.2643080607594936,0.04356201898734177,0,0
0.2643080607594936,0.058024775316455696,0,0
0.2643080607594936,0.07248753164556962,0,0
0.2643080607594936,0.08695028797468354,0,0
0.2643080607594936,0.10141304430379747,0,0
0.2643080607594936,0.11587580063291139,0,0
0.2643080607594936,0.13033855696202531,0,0
0.2643080607594936,0.14480131329113924,0,0
0.2643080607594936,0.15926406962025316,0,0
0.2643080607594936,0.1737268259493671,0,0
0.2643080607594936,0.188189582278481,0,0
0.2643080607594936,0.20265233860759493,0,0
0.2643080607594936,0.21711509493670886,0,0
0.2643080607594936,0.23157785126582278,0,0
0.2643080607594936,0.2460406075949367,0,0
0.2643080607594936,0.2605033639240506,0,0
0.2643080607594936,0.2749661202531645,0,0
0.2643080607594936,0.28942887658227845,0,0
0.2643080607594936,0.3038916329113924,0,0
0.2643080607594936,0.3183543892405063,0,0
0.2643080607594936,0.3328171455696202,0,0
0.2643080607594936,0.34727990189873414,0,0
0.2643080607594936,0.36174265822784807,1,1
0.2643080607594936,0.376205414556962,1,1
0.2643080607594936,0.3906681708860759,1,1
0.2643080607594936,0.40513092721518984,1,1
0.2643080607594936,0.41959368354430376,1,1
0.2643080607594936,0.4340564398734177,1,1
0.2643080607594936,0.4485191962025316,1,1
0.2643080607594936,0.46298195253164554,1,1
0.2643080607594936,0.47744470886075946,1,1
0.2643080607594936,0.4919074651898734,1,1
0.2643080607594936,0.5063702215189873,1,1
0.2643080607594936,0.5208329778481012,1,1
0.2643080607594936,0.5352957341772152,1,1
0.2643080607594936,0.5497584905063291,1,1
0.2643080607594936,0.564221246835443,1,1
0.2643080607594936,0.5786840031645569,1,1
0.2643080607594936,0.5931467594936709,1,1
0.2643080607594936,0.6076095158227848,1,1
0.2643080607594936,0.6220722721518986,1,1
0.2643080607594936,0.6365350284810126,1,1
0.2643080607594936,0.6509977848101266,1,1
0.2643080607594936,0.6654605411392405,1,1
0.2643080607594936,0.6799232974683543,1,1
0.2643080607594936,0.6943860537974683,1,1
0.2643080607594936,0.7088488101265823,1,1
0.2643080607594936,0.7233115664556962,1,1
0.2643080607594936,0.73777432278481,1,1
0.2643080607594936,0.752237079113924,1,1
0.2643080607594936,0.766699835443038,1,1
0.2643080607594936,0.7811625917721519,1,1
0.2643080607594936,0.7956253481012657,1,1
0.2643080607594936,0.8100881044303797,1,1
0.2643080607594936,0.8245508607594937,1,1
0.2643080607594936,0.8390136170886076,1,1
0.2643080607594936,0.8534763734177214,1,1
0.2643080607594936,0.8679391297468354,1,1
0.2643080607594936,0.8824018860759494,1,1
0.2643080607594936,0.8968646424050633,1,1
0.2643080607594936,0.9113273987341771,1,1
0.2643080607594936,0.9257901550632911,1,1
0.2643080607594936,0.9402529113924051,1,1
0.2643080607594936,0.954715667721519,1,1
0.2643080607594936,0.9691784240506328,1,1
0.2643080607594936,0.9836411803797468,1,1
0.2643080607594936,0.9981039367088608,1,1
0.2643080607594936,1.0125666930379746,1,1
0.2643080607594936,1.0270294493670886,1,1
0.2643080607594936,1.0414922056962026,1,1
0.2643080607594936,1.0559549620253166,1,1
0.2643080607594936,1.0704177183544306,1,1
0.2643080607594936,1.0848804746835443,1,1
0.2643080607594936,1.0993432310126583,1,1
0.2643080607594936,1.1138059873417723,1,1
0.2643080607594936,1.128268743670886,1,1
0.2643080607594936,1.1427315,1,1
0.2768868493670885,0.00017375,0,0
0.2768868493670885,0.014636506329113924,0,0
0.2768868493670885,0.029099262658227848,0,0
0.2768868493670885,0.04356201898734177,0,0
0.2768868493670885,0.058024775316455696,0,0
0.2768868493670885,0.07248753164556962,0,0
0.2768868493670885,0.08695028797468354,0,0
0.2768868493670885,0.10141304430379747,0,0
0.2768868493670885,0.11587580063291139,0,0
0.2768868493670885,0.13033855696202531,0,0
0.2768868493670885,0.14480131329113924,0,0
0.2768868493670885,0.15926406962025316,0,0
0.2768868493670885,0.1737268259493671,0,0
0.2768868493670885,0.188189582278481,0,0
0.2768868493670885,0.20265233860759493,0,0
0.2768868493670885,0.21711509493670886,0,0
0.2768868493670885,0.23157785126582278,0,0
0.2768868493670885,0.2460406075949367,0,0
0.2768868493670885,0.2605033639240506,0,0
0.2768868493670885,0.2749661202531645,0,0
0.2768868493670885,0.28942887658227845,0,0
0.2768868493670885,0.3038916329113924,0,0
0.2768868493670885,0.3183543892405063,0,0
0.2768868493670885,0.3328171455696202,0,0
0.2768868493670885,0.34727990189873414,0,0
0.2768868493670885,0.36174265822784807,1,1
0.2768868493670885,0.376205414556962,1,1
0.2768868493670885,0.3906681708860759,1,1
0.2768868493670885,0.40513092721518984,1,1
0.2768868493670885,0.41959368354430376,1,1
0.2768868493670885,0.4340564398734177,1,1
0.2768868493670885,0.4485191962025316,1,1
0.2768868493670885,0.46298195253164554,1,1
0.2768868493670885,0.47744470886075946,1,1
0.2768868493670885,0.4919074651898734,1,1
0.2768868493670885,0.5063702215189873,1,1
0.2768868493670885,0.5208329778481012,1,1
0.2768868493670885,0.5352957341772152,1,1
0.2768868493670885,0.5497584905063291,1,1
0.2768868493670885,0.564221246835443,1,1
0.2768868493670885,0.5786840031645569,1,1
0.2768868493670885,0.5931467594936709,1,1
0.2768868493670885,0.6076095158227848,1,1
0.2768868493670885,0.6220722721518986,1,1
0.2768868493670885,0.6365350284810126,1,1
0.2768868493670885,0.6509977848101266,1,1
0.2768868493670885,0.6654605411392405,1,1
0.2768868493670885,0.6799232974683543,1,1
0.2768868493670885,0.6943860537974683,1,1
0.2768868493670885,0.7088488101265823,1,1
0.2768868493670885,0.7233115664556962,1,1
0.2768868493670885,0.73777432278481,1,1
0.2768868493670885,0.752237079113924,1,1
0.2768868493670885,0.766699835443038,1,1
0.2768868493670885,0.7811625917721519,1,1
0.2768868493670885,0.7956253481012657,1,1
0.2768868493670885,0.8100881044303797,1,1
0.2768868493670885,0.8245508607594937,1,1
0.2768868493670885,0.8390136170886076,1,1
0.2768868493670885,0.8534763734177214,1,1
0.2768868493670885,0.8679391297468354,1,1
0.2768868493670885,0.8824018860759494,1,1
0.2768868493670885,0.8968646424050633,1,1
0.2768868493670885,0.9113273987341771,1,1
0.2768868493670885,0.9257901550632911,1,1
0.2768868493670885,0.9402529113924051,1,1
0.2768868493670885,0.954715667721519,1,1
0.2768868493670885,0.9691784240506328,1,1
0.2768868493670885,0.9836411803797468,1,1
0.2768868493670885,0.9981039367088608,1,1
0.2768868493670885,1.0125666930379746,1,1
0.2768868493670885,1.0270294493670886,1,1
0.2768868493670885,1.0414922056962026,1,1
0.2768868493670885,1.0559549620253166,1,1
0.2768868493670885,1.0704177183544306,1,1
0.2768868493670885,1.0848804746835443,1,1
0.2768868493670885,1.0993432310126583,1,1
0.2768868493670885,1.1138059873417723,1,1
0.2768868493670885,1.128268743670886,1,1
0.2768868493670885,1.1427315,1,1
0.2894656379746835,0.00017375,0,0
0.2894656379746835,0.014636506329113924,0,0
0.2894656379746835,0.029099262658227848,0,0
0.2894656379746835,0.04356201898734177,0,0
0.2894656379746835,0.058024775316455696,0,0
0.2894656379746835,0.07248753164556962,0,0
0.2894656379746835,0.08695028797468354,0,0
0.2894656379746835,0.10141304430379747,0,0
0.2894656379746835,0.11587580063291139,0,0
0.2894656379746835,0.13033855696202531,0,0
0.2894656379746835,0.14480131329113924,0,0
0.2894656379746835,0.15926406962025316,0,0
0.2894656379746835,0.1737268259493671,0,0
0.2894656379746835,0.188189582278481,0,0
0.2894656379746835,0.20265233860759493,0,0
0.2894656379746835,0.21711509493670886,0,0
0.2894656379746835,0.23157785126582278,0,0
0.2894656379746835,0.2460406075949367,0,0
0.2894656379746835,0.2605033639240506,0,0
0.2894656379746835,0.2749661202531645,0,0
0.2894656379746835,0.28942887658227845,0,0
0.2894656379746835,0.3038916329113924,0,0
0.2894656379746835,0.3183543892405063,0,0
0.2894656379746835,0.3328171455696202,0,0
0.2894656379746835,0.34727990189873414,0,0
0.2894656379746835,0.36174265822784807,1,1
0.2894656379746835,0.376205414556962,1,1
0.2894656379746835,0.3906681708860759,1,1
0.2894656379746835,0.40513092721518984,1,1
0.2894656379746835,0.41959368354430376,1,1
0.2894656379746835,0.4340564398734177,1,1
0.2894656379746835,0.4485191962025316,1,1
0.2894656379746835,0.46298195253164554,1,1
0.2894656379746835,0.47744470886075946,1,1
0.2894656379746835,0.4919074651898734,1,1
0.2894656379746835,0.5063702215189873,1,1
0.2894656379746835,0.5208329778481012,1,1
0.2894656379746835,0.5352957341772152,1,1
0.2894656379746835,0.5497584905063291,1,1
0.2894656379746835,0.564221246835443,1,1
0.2894656379746835,0.5786840031645569,1,1
0.2894656379746835,0.5931467594936709,1,1
0.2894656379746835,0.6076095158227848,1,1
0.2894656379746835,0.6220722721518986,1,1
0.2894656379746835,0.6365350284810126,1,1
0.2894656379746835,0.6509977848101266,1,1
0.2894656379746835,0.6654605411392405,1,1
0.2894656379746835,0.6799232974683543,1,1
0.2894656379746835,0.6943860537974683,1,1
0.2894656379746835,0.7088488101265823,1,1
0.2894656379746835,0.7233115664556962,1,1
0.2894656379746835,0.73777432278481,1,1
0.2894656379746835,0.752237079113924,1,1
0.2894656379746835,0.766699835443038,1,1
0.2894656379746835,0.7811625917721519,1,1
0.2894656379746835,0.7956253481012657,1,1
0.2894656379746835,0.8100881044303797,1,1
0.2894656379746835,0.8245508607594937,1,1
0.2894656379746835,0.8390136170886076,1,1
0.2894656379746835,0.8534763734177214,1,1
0.2894656379746835,0.8679391297468354,1,1
0.2894656379746835,0.8824018860759494,1,1
0.2894656379746835,0.8968646424050633,1,1
0.2894656379746835,0.9113273987341771,1,1
0.2894656379746835,0.9257901550632911,1,1
0.2894656379746835,0.9402529113924051,1,1
0.2894656379746835,0.954715667721519,1,1
0.2894656379746835,0.9691784240506328,1,1
0.2894656379746835,0.9836411803797468,1,1
0.2894656379746835,0.9981039367088608,1,1
0.2894656379746835,1.0125666930379746,1,1
0.2894656379746835,1.0270294493670886,1,1
0.2894656379746835,1.0414922056962026,1,1
0.2894656379746835,1.0559549620253166,1,1
0.2894656379746835,1.0704177183544306,1,1
0.2894656379746835,1.0848804746835443,1,1
0.2894656379746835,1.0993432310126583,1,1
0.2894656379746835,1.1138059873417723,1,1
0.2894656379746835,1.128268743670886,1,1
0.2894656379746835,1.1427315,1,1
0.3020444265822784,0.00017375,0,0
0.3020444265822784,0.014636506329113924,0,0
0.3020444265822784,0.029099262658227848,0,0
0.3020444265822784,0.04356201898734177,0,0
0.3020444265822784,0.058024775316455696,0,0
0.3020444265822784,0.07248753164556962,0,0
0.3020444265822784,0.08695028797468354,0,0
0.3020444265822784,0.10141304430379747,0,0
0.3020444265822784,0.11587580063291139,0,0
0.3020444265822784,0.13033855696202531,0,0
0.3020444265822784,0.14480131329113924,0,0
0.3020444265822784,0.15926406962025316,0,0
0.3020444265822784,0.1737268259493671,0,0
0.3020444265822784,0.188189582278481,0,0
0.3020444265822784,0.20265233860759493,0,0
0.3020444265822784,0.21711509493670886,0,0
0.3020444265822784,0.23157785126582278,0,0
0.3020444265822784,0.2460406075949367,0,0
0.3020444265822784,0.2605033639240506,0,0
0.3020444265822784,0.2749661202531645,0,0
0.3020444265822784,0.28942887658227845,0,0
0.3020444265822784,0.3038916329113924,0,0
0.3020444265822784,0.3183543892405063,0,0
0.3020444265822784,0.3328171455696202,0,0
0.3020444265822784,0.34727990189873414,0,0
0.3020444265822784,0.36174265822784807,1,1
0.3020444265822784,0.376205414556962,1,1
0.3020444265822784,0.3906681708860759,1,1
0.3020444265822784,0.40513092721518984,1,1
0.3020444265822784,0.41959368354430376,1,1
0.3020444265822784,0.4340564398734177,1,1
0.3020444265822784,0.4485191962025316,1,1
0.3020444265822784,0.46298195253164554,1,1
0.3020444265822784,0.47744470886075946,1,1
0.3020444265822784,0.4919074651898734,1,1
0.3020444265822784,0.5063702215189873,1,1
0.3020444265822784,0.5208329778481012,1,1
0.3020444265822784,0.5352957341772152,1,1
0.3020444265822784,0.5497584905063291,1,1
0.3020444265822784,0.564221246835443,1,1
0.3020444265822784,0.5786840031645569,1,1
0.3020444265822784,0.5931467594936709,1,1
0.3020444265822784,0.6076095158227848,1,1
0.3020444265822784,0.6220722721518986,1,1
0.3020444265822784,0.6365350284810126,1,1
0.3020444265822784,0.6509977848101266,1,1
0.3020444265822784,0.6654605411392405,1,1
0.3020444265822784,0.6799232974683543,1,1
0.3020444265822784,0.6943860537974683,1,1
0.3020444265822784,0.7088488101265823,1,1
0.3020444265822784,0.7233115664556962,1,1
0.3020444265822784,0.73777432278481,1,1
0.3020444265822784,0.752237079113924,1,1
0.3020444265822784,0.766699835443038,1,1
0.3020444265822784,0.7811625917721519,1,1
0.3020444265822784,0.7956253481012657,1,1
0.3020444265822784,0.8100881044303797,1,1
0.3020444265822784,0.8245508607594937,1,1
0.3020444265822784,0.8390136170886076,1,1
0.3020444265822784,0.8534763734177214,1,1
0.3020444265822784,0.8679391297468354,1,1
0.3020444265822784,0.8824018860759494,1,1
0.3020444265822784,0.8968646424050633,1,1
0.3020444265822784,0.9113273987341771,1,1
0.3020444265822784,0.9257901550632911,1,1
0.3020444265822784,0.9402529113924051,1,1
0.3020444265822784,0.954715667721519,1,1
0.3020444265822784,0.9691784240506328,1,1
0.3020444265822784,0.9836411803797468,1,1
0.3020444265822784,0.9981039367088608,1,1
0.3020444265822784,1.0125666930379746,1,1
0.3020444265822784,1.0270294493670886,1,1
0.3020444265822784,1.0414922056962026,1,1
0.3020444265822784,1.0559549620253166,1,1
0.3020444265822784,1.0704177183544306,1,1
0.3020444265822784,1.0848804746835443,1,1
0.3020444265822784,1.0993432310126583,1,1
0.3020444265822784,1.1138059873417723,1,1
0.3020444265822784,1.128268743670886,1,1
0.3020444265822784,1.1427315,1,1
0.31462321518987335,0.00017375,0,0
0.31462321518987335,0.014636506329113924,0,0
0.31462321518987335,0.029099262658227848,0,0
0.31462321518987335,0.04356201898734177,0,0
0.31462321518987335,0.058024775316455696,0,0
0.31462321518987335,0.07248753164556962,0,0
0.31462321518987335,0.08695028797468354,0,0
0.31462321518987335,0.10141304430379747,0,0
0.31462321518987335,0.11587580063291139,0,0
0.31462321518987335,0.13033855696202531,0,0
0.31462321518987335,0.14480131329113924,0,0
0.31462321518987335,0.15926406962025316,0,0
0.31462321518987335,0.1737268259493671,0,0
0.31462321518987335,0.188189582278481,0,0
0.31462321518987335,0.20265233860759493,0,0
0.31462321518987335,0.21711509493670886,0,0
0.31462321518987335,0.23157785126582278,0,0
0.31462321518987335,0.2460406075949367,0,0
0.31462321518987335,0.2605033639240506,0,0
0.31462321518987335,0.2749661202531645,0,0
0.31462321518987335,0.28942887658227845,0,0
0.31462321518987335,0.3038916329113924,0,0
0.31462321518987335,0.3183543892405063,0,0
0.31462321518987335,0.3328171455696202,0,0
0.31462321518987335,0.34727990189873414,0,0
0.31462321518987335,0.36174265822784807,1,1
0.31462321518987335,0.376205414556962,1,1
0.31462321518987335,0.3906681708860759,1,1
0.31462321518987335,0.40513092721518984,1,1
0.31462321518987335,0.41959368354430376,1,1
0.31462321518987335,0.4340564398734177,1,1
0.31462321518987335,0.4485191962025316,1,1
0.31462321518987335,0.46298195253164554,1,1
0.31462321518987335,0.47744470886075946,1,1
0.31462321518987335,0.4919074651898734,1,1
0.31462321518987335,0.5063702215189873,1,1
0.31462321518987335,0.5208329778481012,1,1
0.31462321518987335,0.5352957341772152,1,1
0.31462321518987335,0.5497584905063291,1,1
0.31462321518987335,0.564221246835443,1,1
0.31462321518987335,0.5786840031645569,1,1
0.31462321518987335,0.5931467594936709,1,1
0.31462321518987335,0.6076095158227848,1,1
0.31462321518987335,0.6220722721518986,1,1
0.31462321518987335,0.6365350284810126,1,1
0.31462321518987335,0.6509977848101266,1,1
0.31462321518987335,0.6654605411392405,1,1
0.31462321518987335,0.6799232974683543,1,1
0.31462321518987335,0.6943860537974683,1,1
0.31462321518987335,0.7088488101265823,1,1
0.31462321518987335,0.7233115664556962,1,1
0.31462321518987335,0.73777432278481,1,1
0.31462321518987335,0.752237079113924,1,1
0.31462321518987335,0.766699835443038,1,1
0.31462321518987335,0.7811625917721519,1,1
0.31462321518987335,0.7956253481012657,1,1
0.31462321518987335,0.8100881044303797,1,1
0.31462321518987335,0.8245508607594937,1,1
0.31462321518987335,0.8390136170886076,1,1
0.31462321518987335,0.8534763734177214,1,1
0.31462321518987335,0.8679391297468354,1,1
0.31462321518987335,0.8824018860759494,1,1
0.31462321518987335,0.8968646424050633,1,1
0.31462321518987335,0.9113273987341771,1,1
0.31462321518987335,0.9257901550632911,1,1
0.31462321518987335,0.9402529113924051,1,1
0.31462321518987335,0.954715667721519,1,1
0.31462321518987335,0.9691784240506328,1,1
0.31462321518987335,0.9836411803797468,1,1
0.31462321518987335,0.9981039367088608,1,1
0.31462321518987335,1.0125666930379746,1,1
0.31462321518987335,1.0270294493670886,1,1
0.31462321518987335,1.0414922056962026,1,1
0.31462321518987335,1.0559549620253166,1,1
0.31462321518987335,1.0704177183544306,1,1
0.31462321518987335,1.0848804746835443,1,1
0.31462321518987335,1.0993432310126583,1,1
0.31462321518987335,1.1138059873417723,1,1
0.31462321518987335,1.128268743670886,1,1
0.31462321518987335,1.1427315,1,1
0.3272020037974683,0.00017375,0,0
0.3272020037974683,0.014636506329113924,0,0
0.3272020037974683,0.029099262658227848,0,0
0.3272020037974683,0.04356201898734177,0,0
0.3272020037974683,0.058024775316455696,0,0
0.3272020037974683,0.07248753164556962,0,0
0.3272020037974683,0.08695028797468354,0,0
0.3272020037974683,0.10141304430379747,0,0
0.3272020037974683,0.11587580063291139,0,0
0.3272020037974683,0.13033855696202531,0,0
0.3272020037974683,0.14480131329113924,0,0
0.3272020037974683,0.15926406962025316,0,0
0.3272020037974683,0.1737268259493671,0,0
0.3272020037974683,0.188189582278481,0,0
0.3272020037974683,0.20265233860759493,0,0
0.3272020037974683,0.21711509493670886,0,0
0.3272020037974683,0.23157785126582278,0,0
0.3272020037974683,0.2460406075949367,0,0
0.3272020037974683,0.2605033639240506,0,0
0.3272020037974683,0.2749661202531645,0,0
0.3272020037974683,0.28942887658227845,0,0
0.3272020037974683,0.3038916329113924,0,0
0.3272020037974683,0.3183543892405063,0,0
0.3272020037974683,0.3328171455696202,0,0
0.3272020037974683,0.34727990189873414,0,0
0.3272020037974683,0.36174265822784807,1,1
0.3272020037974683,0.376205414556962,1,1
0.3272020037974683,0.3906681708860759,1,1
0.3272020037974683,0.40513092721518984,1,1
0.3272020037974683,0.41959368354430376,1,1
0.3272020037974683,0.4340564398734177,1,1
0.3272020037974683,0.4485191962025316,1,1
0.3272020037974683,0.46298195253164554,1,1
0.3272020037974683,0.47744470886075946,1,1
0.3272020037974683,0.4919074651898734,1,1
0.3272020037974683,0.5063702215189873,1,1
0.3272020037974683,0.5208329778481012,1,1
0.3272020037974683,0.5352957341772152,1,1
0.3272020037974683,0.5497584905063291,1,1
0.3272020037974683,0.564221246835443,1,1
0.3272020037974683,0.5786840031645569,1,1
0.3272020037974683,0.5931467594936709,1,1
0.3272020037974683,0.6076095158227848,1,1
0.3272020037974683,0.6220722721518986,1,1
0.3272020037974683,0.6365350284810126,1,1
0.3272020037974683,0.6509977848101266,1,1
0.3272020037974683,0.6654605411392405,1,1
0.3272020037974683,0.6799232974683543,1,1
0.3272020037974683,0.6943860537974683,1,1
0.3272020037974683,0.7088488101265823,1,1
0.3272020037974683,0.7233115664556962,1,1
0.3272020037974683,0.73777432278481,1,1
0.3272020037974683,0.752237079113924,1,1
0.3272020037974683,0.766699835443038,1,1
0.3272020037974683,0.7811625917721519,1,1
0.3272020037974683,0.7956253481012657,1,1
0.3272020037974683,0.8100881044303797,1,1
0.3272020037974683,0.8245508607594937,1,1
0.3272020037974683,0.8390136170886076,1,1
0.3272020037974683,0.8534763734177214,1,1
0.3272020037974683,0.8679391297468354,1,1
0.3272020037974683,0.8824018860759494,1,1
0.3272020037974683,0.8968646424050633,1,1
0.3272020037974683,0.9113273987341771,1,1
0.3272020037974683,0.9257901550632911,1,1
0.3272020037974683,0.9402529113924051,1,1
0.3272020037974683,0.954715667721519,1,1
0.3272020037974683,0.9691784240506328,1,1
0.3272020037974683,0.9836411803797468,1,1
0.3272020037974683,0.9981039367088608,1,1
0.3272020037974683,1.0125666930379746,1,1
0.3272020037974683,1.0270294493670886,1,1
0.3272020037974683,1.0414922056962026,1,1
0.3272020037974683,1.0559549620253166,1,1
0.3272020037974683,1.0704177183544306,1,1
0.3272020037974683,1.0848804746835443,1,1
0.3272020037974683,1.0993432310126583,1,1
0.3272020037974683,1.1138059873417723,1,1
0.3272020037974683,1.128268743670886,1,1
0.3272020037974683,1.1427315,1,1
0.3397807924050632,0.00017375,0,0
0.3397807924050632,0.014636506329113924,0,0
0.3397807924050632,0.029099262658227848,0,0
0.3397807924050632,0.04356201898734177,0,0
0.3397807924050632,0.058024775316455696,0,0
0.3397807924050632,0.07248753164556962,0,0
0.3397807924050632,0.08695028797468354,0,0
0.3397807924050632,0.10141304430379747,0,0
0.3397807924050632,0.11587580063291139,0,0
0.3397807924050632,0.13033855696202531,0,0
0.3397807924050632,0.14480131329113924,0,0
0.3397807924050632,0.15926406962025316,0,0
0.3397807924050632,0.1737268259493671,0,0
0.3397807924050632,0.188189582278481,0,0
0.3397807924050632,0.20265233860759493,0,0
0.3397807924050632,0.21711509493670886,0,0
0.3397807924050632,0.23157785126582278,0,0
0.3397807924050632,0.2460406075949367,0,0
0.3397807924050632,0.2605033639240506,0,0
0.3397807924050632,0.2749661202531645,0,0
0.3397807924050632,0.28942887658227845,0,0
0.3397807924050632,0.3038916329113924,0,0
0.3397807924050632,0.3183543892405063,0,0
0.3397807924050632,0.3328171455696202,0,0
0.3397807924050632,0.34727990189873414,0,0
0.3397807924050632,0.36174265822784807,1,1
0.3397807924050632,0.376205414556962,1,1
0.3397807924050632,0.3906681708860759,1,1
0.3397807924050632,0.40513092721518984,1,1
0.3397807924050632,0.41959368354430376,1,1
0.3397807924050632,0.4340564398734177,1,1
0.3397807924050632,0.4485191962025316,1,1
0.3397807924050632,0.46298195253164554,1,1
0.3397807924050632,0.47744470886075946,1,1
0.3397807924050632,0.4919074651898734,1,1
0.3397807924050632,0.5063702215189873,1,1
0.3397807924050632,0.5208329778481012,1,1
0.3397807924050632,0.5352957341772152,1,1
0.3397807924050632,0.5497584905063291,1,1
0.3397807924050632,0.564221246835443,1,1
0.3397807924050632,0.5786840031645569,1,1
0.3397807924050632,0.5931467594936709,1,1
0.3397807924050632,0.6076095158227848,1,1
0.3397807924050632,0.6220722721518986,1,1
0.3397807924050632,0.6365350284810126,1,1
0.3397807924050632,0.6509977848101266,1,1
0.3397807924050632,0.6654605411392405,1,1
0.3397807924050632,0.6799232974683543,1,1
0.3397807924050632,0.6943860537974683,1,1
0.3397807924050632,0.7088488101265823,1,1
0.3397807924050632,0.7233115664556962,1,1
0.3397807924050632,0.73777432278481,1,1
0.3397807924050632,0.752237079113924,1,1
0.3397807924050632,0.766699835443038,1,1
0.3397807924050632,0.7811625917721519,1,1
0.3397807924050632,0.7956253481012657,1,1
0.3397807924050632,0.8100881044303797,1,1
0.3397807924050632,0.8245508607594937,1,1
0.3397807924050632,0.8390136170886076,1,1
0.3397807924050632,0.8534763734177214,1,1
0.3397807924050632,0.8679391297468354,1,1
0.3397807924050632,0.8824018860759494,1,1
0.3397807924050632,0.8968646424050633,1,1
0.3397807924050632,0.9113273987341771,1,1
0.3397807924050632,0.9257901550632911,1,1
0.3397807924050632,0.9402529113924051,1,1
0.3397807924050632,0.954715667721519,1,1
0.3397807924050632,0.9691784240506328,1,1
0.3397807924050632,0.9836411803797468,1,1
0.3397807924050632,0.9981039367088608,1,1
0.3397807924050632,1.0125666930379746,1,1
0.3397807924050632,1.0270294493670886,1,1
0.3397807924050632,1.0414922056962026,1,1
0.3397807924050632,1.0559549620253166,1,1
0.3397807924050632,1.0704177183544306,1,1
0.3397807924050632,1.0848804746835443,1,1
0.3397807924050632,1.0993432310126583,1,1
0.3397807924050632,1.1138059873417723,1,1
0.3397807924050632,1.128268743670886,1,1
0.3397807924050632,1.1427315,1,1
0.35235958101265813,0.00017375,0,0
0.35235958101265813,0.014636506329113924,0,0
0.35235958101265813,0.029099262658227848,0,0
0.35235958101265813,0.04356201898734177,0,0
0.35235958101265813,0.058024775316455696,0,0
0.35235958101265813,0.07248753164556962,0,0
0.35235958101265813,0.08695028797468354,0,0
0.35235958101265813,0.10141304430379747,0,0
0.35235958101265813,0.11587580063291139,0,0
0.35235958101265813,0.13033855696202531,0,0
0.35235958101265813,0.14480131329113924,0,0
0.35235958101265813,0.15926406962025316,0,0
0.35235958101265813,0.1737268259493671,0,0
0.35235958101265813,0.188189582278481,0,0
0.35235958101265813,0.20265233860759493,0,0
0.35235958101265813,0.21711509493670886,0,0
0.35235958101265813,0.23157785126582278,0,0
0.35235958101265813,0.2460406075949367,0,0
0.35235958101265813,0.2605033639240506,0,0
0.35235958101265813,0.2749661202531645,0,0
0.35235958101265813,0.28942887658227845,0,0
0.35235958101265813,0.3038916329113924,0,0
0.35235958101265813,0.3183543892405063,0,0
0.35235958101265813,0.3328171455696202,0,0
0.35235958101265813,0.34727990189873414,0,0
0.35235958101265813,0.36174265822784807,1,1
0.35235958101265813,0.376205414556962,1,1
0.35235958101265813,0.3906681708860759,1,1
0.35235958101265813,0.40513092721518984,1,1
0.35235958101265813,0.41959368354430376,1,1
0.35235958101265813,0.4340564398734177,1,1
0.35235958101265813,0.4485191962025316,1,1
0.35235958101265813,0.46298195253164554,1,1
0.35235958101265813,0.47744470886075946,1,1
0.35235958101265813,0.4919074651898734,1,1
0.35235958101265813,0.5063702215189873,1,1
0.35235958101265813,0.5208329778481012,1,1
0.35235958101265813,0.5352957341772152,1,1
0.35235958101265813,0.5497584905063291,1,1
0.35235958101265813,0.564221246835443,1,1
0.35235958101265813,0.5786840031645569,1,1
0.35235958101265813,0.5931467594936709,1,1
0.35235958101265813,0.6076095158227848,1,1
0.35235958101265813,0.6220722721518986,1,1
0.35235958101265813,0.6365350284810126,1,1
0.35235958101265813,0.6509977848101266,1,1
0.35235958101265813,0.6654605411392405,1,1
0.35235958101265813,0.6799232974683543,1,1
0.35235958101265813,0.6943860537974683,1,1
0.35235958101265813,0.7088488101265823,1,1
0.35235958101265813,0.7233115664556962,1,1
0.35235958101265813,0.73777432278481,1,1
0.35235958101265813,0.752237079113924,1,1
0.35235958101265813,0.766699835443038,1,1
0.35235958101265813,0.7811625917721519,1,1
0.35235958101265813,0.7956253481012657,1,1
0.35235958101265813,0.8100881044303797,1,1
0.35235958101265813,0.8245508607594937,1,1
0.35235958101265813,0.8390136170886076,1,1
0.35235958101265813,0.8534763734177214,1,1
0.35235958101265813,0.8679391297468354,1,1
0.35235958101265813,0.8824018860759494,1,1
0.35235958101265813,0.8968646424050633,1,1
0.35235958101265813,0.9113273987341771,1,1
0.35235958101265813,0.9257901550632911,1,1
0.35235958101265813,0.9402529113924051,1,1
0.35235958101265813,0.954715667721519,1,1
0.35235958101265813,0.9691784240506328,1,1
0.35235958101265813,0.9836411803797468,1,1
0.35235958101265813,0.9981039367088608,1,1
0.35235958101265813,1.0125666930379746,1,1
0.35235958101265813,1.0270294493670886,1,1
0.35235958101265813,1.0414922056962026,1,1
0.35235958101265813,1.0559549620253166,1,1
0.35235958101265813,1.0704177183544306,1,1
0.35235958101265813,1.0848804746835443,1,1
0.35235958101265813,1.0993432310126583,1,1
0.35235958101265813,1.1138059873417723,1,1
0.35235958101265813,1.128268743670886,1,1
0.35235958101265813,1.1427315,1,1
0.3649383696202531,0.00017375,0,0
0.3649383696202531,0.014636506329113924,0,0
0.3649383696202531,0.029099262658227848,0,0
0.3649383696202531,0.04356201898734177,0,0
0.3649383696202531,0.058024775316455696,0,0
0.3649383696202531,0.07248753164556962,0,0
0.3649383696202531,0.08695028797468354,0,0
0.3649383696202531,0.10141304430379747,0,0
0.3649383696202531,0.11587580063291139,0,0
0.3649383696202531,0.13033855696202531,0,0
0.3649383696202531,0.14480131329113924,0,0
0.3649383696202531,0.15926406962025316,0,0
0.3649383696202531,0.1737268259493671,0,0
0.3649383696202531,0.188189582278481,0,0
0.3649383696202531,0.20265233860759493,0,0
0.3649383696202531,0.21711509493670886,0,0
0.3649383696202531,0.23157785126582278,0,0
0.3649383696202531,0.2460406075949367,0,0
0.3649383696202531,0.2605033639240506,0,0
0.3649383696202531,0.2749661202531645,0,0
0.3649383696202531,0.28942887658227845,0,0
0.3649383696202531,0.3038916329113924,0,0
0.3649383696202531,0.3183543892405063,0,0
0.3649383696202531,0.3328171455696202,0,0
0.3649383696202531,0.34727990189873414,0,0
0.3649383696202531,0.36174265822784807,1,1
0.3649383696202531,0.376205414556962,1,1
0.3649383696202531,0.3906681708860759,1,1
0.3649383696202531,0.40513092721518984,1,1
0.3649383696202531,0.41959368354430376,1,1
0.3649383696202531,0.4340564398734177,1,1
0.3649383696202531,0.4485191962025316,1,1
0.3649383696202531,0.46298195253164554,1,1
0.3649383696202531,0.47744470886075946,1,1
0.3649383696202531,0.4919074651898734,1,1
0.3649383696202531,0.5063702215189873,1,1
0.3649383696202531,0.5208329778481012,1,1
0.3649383696202531,0.5352957341772152,1,1
0.3649383696202531,0.5497584905063291,1,1
0.3649383696202531,0.564221246835443,1,1
0.3649383696202531,0.5786840031645569,1,1
0.3649383696202531,0.5931467594936709,1,1
0.3649383696202531,0.6076095158227848,1,1
0.3649383696202531,0.6220722721518986,1,1
0.3649383696202531,0.6365350284810126,1,1
0.3649383696202531,0.6509977848101266,1,1
0.3649383696202531,0.6654605411392405,1,1
0.3649383696202531,0.6799232974683543,1,1
0.3649383696202531,0.6943860537974683,1,1
0.3649383696202531,0.7088488101265823,1,1
0.3649383696202531,0.7233115664556962,1,1
0.3649383696202531,0.73777432278481,1,1
0.3649383696202531,0.752237079113924,1,1
0.3649383696202531,0.766699835443038,1,1
0.3649383696202531,0.7811625917721519,1,1
0.3649383696202531,0.7956253481012657,1,1
0.3649383696202531,0.8100881044303797,1,1
0.3649383696202531,0.8245508607594937,1,1
0.3649383696202531,0.8390136170886076,1,1
0.3649383696202531,0.8534763734177214,1,1
0.3649383696202531,0.8679391297468354,1,1
0.3649383696202531,0.8824018860759494,1,1
0.3649383696202531,0.8968646424050633,1,1
0.3649383696202531,0.9113273987341771,1,1
0.3649383696202531,0.9257901550632911,1,1
0.3649383696202531,0.9402529113924051,1,1
0.3649383696202531,0.954715667721519,1,1
0.3649383696202531,0.9691784240506328,1,1
0.3649383696202531,0.9836411803797468,1,1
0.3649383696202531,0.9981039367088608,1,1
0.3649383696202531,1.0125666930379746,1,1
0.3649383696202531,1.0270294493670886,1,1
0.3649383696202531,1.0414922056962026,1,1
0.3649383696202531,1.0559549620253166,1,1
0.3649383696202531,1.0704177183544306,1,1
0.3649383696202531,1.0848804746835443,1,1
0.3649383696202531,1.0993432310126583,1,1
0.3649383696202531,1.1138059873417723,1,1
0.3649383696202531,1.128268743670886,1,1
0.3649383696202531,1.1427315,1,1
0.37751715822784804,0.00017375,0,0
0.37751715822784804,0.014636506329113924,0,0
0.37751715822784804,0.029099262658227848,0,0
0.37751715822784804,0.04356201898734177,0,0
0.37751715822784804,0.058024775316455696,0,0
0.37751715822784804,0.07248753164556962,0,0
0.37751715822784804,0.08695028797468354,0,0
0.37751715822784804,0.10141304430379747,0,0
0.37751715822784804,0.11587580063291139,0,0
0.37751715822784804,0.13033855696202531,0,0
0.37751715822784804,0.14480131329113924,0,0
0.37751715822784804,0.15926406962025316,0,0
0.37751715822784804,0.1737268259493671,0,0
0.37751715822784804,0.188189582278481,0,0
0.37751715822784804,0.20265233860759493,0,0
0.37751715822784804,0.21711509493670886,0,0
0.37751715822784804,0.23157785126582278,0,0
0.37751715822784804,0.2460406075949367,0,0
0.37751715822784804,0.2605033639240506,0,0
0.37751715822784804,0.2749661202531645,0,0
0.37751715822784804,0.28942887658227845,0,0
0.37751715822784804,0.3038916329113924,0,0
0.37751715822784804,0.3183543892405063,0,0
0.37751715822784804,0.3328171455696202,0,0
0.37751715822784804,0.34727990189873414,0,0
0.37751715822784804,0.36174265822784807,1,1
0.37751715822784804,0.376205414556962,1,1
0.37751715822784804,0.3906681708860759,1,1
0.37751715822784804,0.40513092721518984,1,1
0.37751715822784804,0.41959368354430376,1,1
0.37751715822784804,0.4340564398734177,1,1
0.37751715822784804,0.4485191962025316,1,1
0.37751715822784804,0.46298195253164554,1,1
0.37751715822784804,0.47744470886075946,1,1
0.37751715822784804,0.4919074651898734,1,1
0.37751715822784804,0.5063702215189873,1,1
0.37751715822784804,0.5208329778481012,1,1
0.37751715822784804,0.5352957341772152,1,1
0.37751715822784804,0.5497584905063291,1,1
0.37751715822784804,0.564221246835443,1,1
0.37751715822784804,0.5786840031645569,1,1
0.37751715822784804,0.5931467594936709,1,1
0.37751715822784804,0.6076095158227848,1,1
0.37751715822784804,0.6220722721518986,1,1
0.37751715822784804,0.6365350284810126,1,1
0.37751715822784804,0.6509977848101266,1,1
0.37751715822784804,0.6654605411392405,1,1
0.37751715822784804,0.6799232974683543,1,1
0.37751715822784804,0.6943860537974683,1,1
0.37751715822784804,0.7088488101265823,1,1
0.37751715822784804,0.7233115664556962,1,1
0.37751715822784804,0.73777432278481,1,1
0.37751715822784804,0.752237079113924,1,1
0.37751715822784804,0.766699835443038,1,1
0.37751715822784804,0.7811625917721519,1,1
0.37751715822784804,0.7956253481012657,1,1
0.37751715822784804,0.8100881044303797,1,1
0.37751715822784804,0.8245508607594937,1,1
0.37751715822784804,0.8390136170886076,1,1
0.37751715822784804,0.8534763734177214,1,1
0.37751715822784804,0.8679391297468354,1,1
0.37751715822784804,0.8824018860759494,1,1
0.37751715822784804,0.8968646424050633,1,1
0.37751715822784804,0.9113273987341771,1,1
0.37751715822784804,0.9257901550632911,1,1
0.37751715822784804,0.9402529113924051,1,1
0.37751715822784804,0.954715667721519,1,1
0.37751715822784804,0.9691784240506328,1,1
0.37751715822784804,0.9836411803797468,1,1
0.37751715822784804,0.9981039367088608,1,1
0.37751715822784804,1.0125666930379746,1,1
0.37751715822784804,1.0270294493670886,1,1
0.37751715822784804,1.0414922056962026,1,1
0.37751715822784804,1.0559549620253166,1,1
0.37751715822784804,1.0704177183544306,1,1
0.37751715822784804,1.0848804746835443,1,1
0.37751715822784804,1.0993432310126583,1,1
0.37751715822784804,1.1138059873417723,1,1
0.37751715822784804,1.128268743670886,1,1
0.37751715822784804,1.1427315,1,1
0.39009594683544296,0.00017375,0,0
0.39009594683544296,0.014636506329113924,0,0
0.39009594683544296,0.029099262658227848,0,0
0.39009594683544296,0.04356201898734177,0,0
0.39009594683544296,0.058024775316455696,0,0
0.39009594683544296,0.07248753164556962,0,0
0.39009594683544296,0.08695028797468354,0,0
0.39009594683544296,0.10141304430379747,0,0
0.39009594683544296,0.11587580063291139,0,0
0.39009594683544296,0.13033855696202531,0,0
0.39009594683544296,0.14480131329113924,0,0
0.39009594683544296,0.15926406962025316,0,0
0.39009594683544296,0.1737268259493671,0,0
0.39009594683544296,0.188189582278481,0,0
0.39009594683544296,0.20265233860759493,0,0
0.39009594683544296,0.21711509493670886,0,0
0.39009594683544296,0.23157785126582278,0,0
0.39009594683544296,0.2460406075949367,0,0
0.39009594683544296,0.2605033639240506,0,0
0.39009594683544296,0.2749661202531645,0,0
0.39009594683544296,0.28942887658227845,0,0
0.39009594683544296,0.3038916329113924,0,0
0.39009594683544296,0.3183543892405063,0,0
0.39009594683544296,0.3328171455696202,0,0
0.39009594683544296,0.34727990189873414,0,0
0.39009594683544296,0.36174265822784807,1,1
0.39009594683544296,0.376205414556962,1,1
0.39009594683544296,0.3906681708860759,1,1
0.39009594683544296,0.40513092721518984,1,1
0.39009594683544296,0.41959368354430376,1,1
0.39009594683544296,0.4340564398734177,1,1
0.39009594683544296,0.4485191962025316,1,1
0.39009594683544296,0.46298195253164554,1,1
0.39009594683544296,0.47744470886075946,1,1
0.39009594683544296,0.4919074651898734,1,1
0.39009594683544296,0.5063702215189873,1,1
0.39009594683544296,0.5208329778481012,1,1
0.39009594683544296,0.5352957341772152,1,1
0.39009594683544296,0.5497584905063291,1,1
0.39009594683544296,0.564221246835443,1,1
0.39009594683544296,0.5786840031645569,1,1
0.39009594683544296,0.5931467594936709,1,1
0.39009594683544296,0.6076095158227848,1,1
0.39009594683544296,0.6220722721518986,1,1
0.39009594683544296,0.6365350284810126,1,1
0.39009594683544296,0.6509977848101266,1,1
0.39009594683544296,0.6654605411392405,1,1
0.39009594683544296,0.6799232974683543,1,1
0.39009594683544296,0.6943860537974683,1,1
0.39009594683544296,0.7088488101265823,1,1
0.39009594683544296,0.7233115664556962,1,1
0.39009594683544296,0.73777432278481,1,1
0.39009594683544296,0.752237079113924,1,1
0.39009594683544296,0.766699835443038,1,1
0.39009594683544296,0.7811625917721519,1,1
0.39009594683544296,0.7956253481012657,1,1
0.39009594683544296,0.8100881044303797,1,1
0.39009594683544296,0.8245508607594937,1,1
0.39009594683544296,0.8390136170886076,1,1
0.39009594683544296,0.8534763734177214,1,1
0.39009594683544296,0.8679391297468354,1,1
0.39009594683544296,0.8824018860759494,1,1
0.39009594683544296,0.8968646424050633,1,1
0.39009594683544296,0.9113273987341771,1,1
0.39009594683544296,0.9257901550632911,1,1
0.39009594683544296,0.9402529113924051,1,1
0.39009594683544296,0.954715667721519,1,1
0.39009594683544296,0.9691784240506328,1,1
0.39009594683544296,0.9836411803797468,1,1
0.39009594683544296,0.9981039367088608,1,1
0.39009594683544296,1.0125666930379746,1,1
0.39009594683544296,1.0270294493670886,1,1
0.39009594683544296,1.0414922056962026,1,1
0.39009594683544296,1.0559549620253166,1,1
0.39009594683544296,1.0704177183544306,1,1
0.39009594683544296,1.0848804746835443,1,1
0.39009594683544296,1.0993432310126583,1,1
0.39009594683544296,1.1138059873417723,1,1
0.39009594683544296,1.128268743670886,1,1
0.39009594683544296,1.1427315,1,1
0.4026747354430379,0.00017375,0,0
0.4026747354430379,0.014636506329113924,0,0
0.4026747354430379,0.029099262658227848,0,0
0.4026747354430379,0.04356201898734177,0,0
0.4026747354430379,0.058024775316455696,0,0
0.4026747354430379,0.07248753164556962,0,0
0.4026747354430379,0.08695028797468354,0,0
0.4026747354430379,0.10141304430379747,0,0
0.4026747354430379,0.11587580063291139,0,0
0.4026747354430379,0.13033855696202531,0,0
0.4026747354430379,0.14480131329113924,0,0
0.4026747354430379,0.15926406962025316,0,0
0.4026747354430379,0.1737268259493671,0,0
0.4026747354430379,0.188189582278481,0,0
0.4026747354430379,0.20265233860759493,0,0
0.4026747354430379,0.21711509493670886,0,0
0.4026747354430379,0.23157785126582278,0,0
0.4026747354430379,0.2460406075949367,0,0
0.4026747354430379,0.2605033639240506,0,0
0.4026747354430379,0.2749661202531645,0,0
0.4026747354430379,0.28942887658227845,0,0
0.4026747354430379,0.3038916329113924,0,0
0.4026747354430379,0.3183543892405063,0,0
0.4026747354430379,0.3328171455696202,0,0
0.4026747354430379,0.34727990189873414,0,0
0.4026747354430379,0.36174265822784807,1,1
0.4026747354430379,0.376205414556962,1,1
0.4026747354430379,0.3906681708860759,1,1
0.4026747354430379,0.40513092721518984,1,1
0.4026747354430379,0.41959368354430376,1,1
0.4026747354430379,0.4340564398734177,1,1
0.4026747354430379,0.4485191962025316,1,1
0.4026747354430379,0.46298195253164554,1,1
0.4026747354430379,0.47744470886075946,1,1
0.4026747354430379,0.4919074651898734,1,1
0.4026747354430379,0.5063702215189873,1,1
0.4026747354430379,0.5208329778481012,1,1
0.4026747354430379,0.5352957341772152,1,1
0.4026747354430379,0.5497584905063291,1,1
0.4026747354430379,0.564221246835443,1,1
0.4026747354430379,0.5786840031645569,1,1
0.4026747354430379,0.5931467594936709,1,1
0.4026747354430379,0.6076095158227848,1,1
0.4026747354430379,0.6220722721518986,1,1
0.4026747354430379,0.6365350284810126,1,1
0.4026747354430379,0.6509977848101266,1,1
0.4026747354430379,0.6654605411392405,1,1
0.4026747354430379,0.6799232974683543,1,1
0.4026747354430379,0.6943860537974683,1,1
0.4026747354430379,0.7088488101265823,1,1
0.4026747354430379,0.7233115664556962,1,1
0.4026747354430379,0.73777432278481,1,1
0.4026747354430379,0.752237079113924,1,1
0.4026747354430379,0.766699835443038,1,1
0.4026747354430379,0.7811625917721519,1,1
0.4026747354430379,0.7956253481012657,1,1
0.4026747354430379,0.8100881044303797,1,1
0.4026747354430379,0.8245508607594937,1,1
0.4026747354430379,0.8390136170886076,1,1
0.4026747354430379,0.8534763734177214,1,1
0.4026747354430379,0.8679391297468354,1,1
0.4026747354430379,0.8824018860759494,1,1
0.4026747354430379,0.8968646424050633,1,1
0.4026747354430379,0.9113273987341771,1,1
0.4026747354430379,0.9257901550632911,1,1
0.4026747354430379,0.9402529113924051,1,1
0.4026747354430379,0.954715667721519,1,1
0.4026747354430379,0.9691784240506328,1,1
0.4026747354430379,0.9836411803797468,1,1
0.4026747354430379,0.9981039367088608,1,1
0.4026747354430379,1.0125666930379746,1,1
0.4026747354430379,1.0270294493670886,1,1
0.4026747354430379,1.0414922056962026,1,1
0.4026747354430379,1.0559549620253166,1,1
0.4026747354430379,1.0704177183544306,1,1
0.4026747354430379,1.0848804746835443,1,1
0.4026747354430379,1.0993432310126583,1,1
0.4026747354430379,1.1138059873417723,1,1
0.4026747354430379,1.128268743670886,1,1
0.4026747354430379,1.1427315,1,1
0.4152535240506328,0.00017375,0,0
0.4152535240506328,0.014636506329113924,0,0
0.4152535240506328,0.029099262658227848,0,0
0.4152535240506328,0.04356201898734177,0,0
0.4152535240506328,0.058024775316455696,0,0
0.4152535240506328,0.07248753164556962,0,0
0.4152535240506328,0.08695028797468354,0,0
0.4152535240506328,0.10141304430379747,0,0
0.4152535240506328,0.11587580063291139,0,0
0.4152535240506328,0.13033855696202531,0,0
0.4152535240506328,0.14480131329113924,0,0
0.4152535240506328,0.15926406962025316,0,0
0.4152535240506328,0.1737268259493671,0,0
0.4152535240506328,0.188189582278481,0,0
0.4152535240506328,0.20265233860759493,0,0
0.4152535240506328,0.21711509493670886,0,0
0.4152535240506328,0.23157785126582278,0,0
0.4152535240506328,0.2460406075949367,0,0
0.4152535240506328,0.2605033639240506,0,0
0.4152535240506328,0.2749661202531645,0,0
0.4152535240506328,0.28942887658227845,0,0
0.4152535240506328,0.3038916329113924,0,0
0.4152535240506328,0.3183543892405063,0,0
0.4152535240506328,0.3328171455696202,0,0
0.4152535240506328,0.34727990189873414,0,0
0.4152535240506328,0.36174265822784807,1,1
0.4152535240506328,0.376205414556962,1,1
0.4152535240506328,0.3906681708860759,1,1
0.4152535240506328,0.40513092721518984,1,1
0.4152535240506328,0.41959368354430376,1,1
0.4152535240506328,0.4340564398734177,1,1
0.4152535240506328,0.4485191962025316,1,1
0.4152535240506328,0.46298195253164554,1,1
0.4152535240506328,0.47744470886075946,1,1
0.4152535240506328,0.4919074651898734,1,1
0.4152535240506328,0.5063702215189873,1,1
0.4152535240506328,0.5208329778481012,1,1
0.4152535240506328,0.5352957341772152,1,1
0.4152535240506328,0.5497584905063291,1,1
0.4152535240506328,0.564221246835443,1,1
0.4152535240506328,0.5786840031645569,1,1
0.4152535240506328,0.5931467594936709,1,1
0.4152535240506328,0.6076095158227848,1,1
0.4152535240506328,0.6220722721518986,1,1
0.4152535240506328,0.6365350284810126,1,1
0.4152535240506328,0.6509977848101266,1,1
0.4152535240506328,0.6654605411392405,1,1
0.4152535240506328,0.6799232974683543,1,1
0.4152535240506328,0.6943860537974683,1,1
0.4152535240506328,0.7088488101265823,1,1
0.4152535240506328,0.7233115664556962,1,1
0.4152535240506328,0.73777432278481,1,1
0.4152535240506328,0.752237079113924,1,1
0.4152535240506328,0.766699835443038,1,1
0.4152535240506328,0.7811625917721519,1,1
0.4152535240506328,0.7956253481012657,1,1
0.4152535240506328,0.8100881044303797,1,1
0.4152535240506328,0.8245508607594937,1,1
0.4152535240506328,0.8390136170886076,1,1
0.4152535240506328,0.8534763734177214,1,1
0.4152535240506328,0.8679391297468354,1,1
0.4152535240506328,0.8824018860759494,1,1
0.4152535240506328,0.8968646424050633,1,1
0.4152535240506328,0.9113273987341771,1,1
0.4152535240506328,0.9257901550632911,1,1
0.4152535240506328,0.9402529113924051,1,1
0.4152535240506328,0.954715667721519,1,1
0.4152535240506328,0.9691784240506328,1,1
0.4152535240506328,0.9836411803797468,1,1
0.4152535240506328,0.9981039367088608,1,1
0.4152535240506328,1.0125666930379746,1,1
0.4152535240506328,1.0270294493670886,1,1
0.4152535240506328,1.0414922056962026,1,1
0.4152535240506328,1.0559549620253166,1,1
0.4152535240506328,1.0704177183544306,1,1
0.4152535240506328,1.0848804746835443,1,1
0.4152535240506328,1.0993432310126583,1,1
0.4152535240506328,1.1138059873417723,1,1
0.4152535240506328,1.128268743670886,1,1
0.4152535240506328,1.1427315,1,1
0.42783231265822774,0.00017375,0,0
0.42783231265822774,0.014636506329113924,0,0
0.42783231265822774,0.029099262658227848,0,0
0.42783231265822774,0.04356201898734177,0,0
0.42783231265822774,0.058024775316455696,0,0
0.42783231265822774,0.07248753164556962,0,0
0.42783231265822774,0.08695028797468354,0,0
0.42783231265822774,0.10141304430379747,0,0
0.42783231265822774,0.11587580063291139,0,0
0.42783231265822774,0.13033855696202531,0,0
0.42783231265822774,0.14480131329113924,0,0
0.42783231265822774,0.15926406962025316,0,0
0.42783231265822774,0.1737268259493671,0,0
0.42783231265822774,0.188189582278481,0,0
0.42783231265822774,0.20265233860759493,0,0
0.42783231265822774,0.21711509493670886,0,0
0.42783231265822774,0.23157785126582278,0,0
0.42783231265822774,0.2460406075949367,0,0
0.42783231265822774,0.2605033639240506,0,0
0.42783231265822774,0.2749661202531645,0,0
0.42783231265822774,0.28942887658227845,0,0
0.42783231265822774,0.3038916329113924,0,0
0.42783231265822774,0.3183543892405063,0,0
0.42783231265822774,0.3328171455696202,0,0
0.42783231265822774,0.34727990189873414,0,0
0.42783231265822774,0.36174265822784807,1,1
0.42783231265822774,0.376205414556962,1,1
0.42783231265822774,0.3906681708860759,1,1
0.42783231265822774,0.40513092721518984,1,1
0.42783231265822774,0.41959368354430376,1,1
0.42783231265822774,0.4340564398734177,1,1
0.42783231265822774,0.4485191962025316,1,1
0.42783231265822774,0.46298195253164554,1,1
0.42783231265822774,0.47744470886075946,1,1
0.42783231265822774,0.4919074651898734,1,1
0.42783231265822774,0.5063702215189873,1,1
0.42783231265822774,0.5208329778481012,1,1
0.42783231265822774,0.5352957341772152,1,1
0.42783231265822774,0.5497584905063291,1,1
0.42783231265822774,0.564221246835443,1,1
0.42783231265822774,0.5786840031645569,1,1
0.42783231265822774,0.5931467594936709,1,1
0.42783231265822774,0.6076095158227848,1,1
0.42783231265822774,0.6220722721518986,1,1
0.42783231265822774,0.6365350284810126,1,1
0.42783231265822774,0.6509977848101266,1,1
0.42783231265822774,0.6654605411392405,1,1
0.42783231265822774,0.6799232974683543,1,1
0.42783231265822774,0.6943860537974683,1,1
0.42783231265822774,0.7088488101265823,1,1
0.42783231265822774,0.7233115664556962,1,1
0.42783231265822774,0.73777432278481,1,1
0.42783231265822774,0.752237079113924,1,1
0.42783231265822774,0.766699835443038,1,1
0.42783231265822774,0.7811625917721519,1,1
0.42783231265822774,0.7956253481012657,1,1
0.42783231265822774,0.8100881044303797,1,1
0.42783231265822774,0.8245508607594937,1,1
0.42783231265822774,0.8390136170886076,1,1
0.42783231265822774,0.8534763734177214,1,1
0.42783231265822774,0.8679391297468354,1,1
0.42783231265822774,0.8824018860759494,1,1
0.42783231265822774,0.8968646424050633,1,1
0.42783231265822774,0.9113273987341771,1,1
0.42783231265822774,0.9257901550632911,1,1
0.42783231265822774,0.9402529113924051,1,1
0.42783231265822774,0.954715667721519,1,1
0.42783231265822774,0.9691784240506328,1,1
0.42783231265822774,0.9836411803797468,1,1
0.42783231265822774,0.9981039367088608,1,1
0.42783231265822774,1.0125666930379746,1,1
0.42783231265822774,1.0270294493670886,1,1
0.42783231265822774,1.0414922056962026,1,1
0.42783231265822774,1.0559549620253166,1,1
0.42783231265822774,1.0704177183544306,1,1
0.42783231265822774,1.0848804746835443,1,1
0.42783231265822774,1.0993432310126583,1,1
0.42783231265822774,1.1138059873417723,1,1
0.42783231265822774,1.128268743670886,1,1
0.42783231265822774,1.1427315,1,1
0.44041110126582267,0.00017375,0,0
0.44041110126582267,0.014636506329113924,0,0
0.44041110126582267,0.029099262658227848,0,0
0.44041110126582267,0.04356201898734177,0,0
0.44041110126582267,0.058024775316455696,0,0
0.44041110126582267,0.07248753164556962,0,0
0.44041110126582267,0.08695028797468354,0,0
0.44041110126582267,0.10141304430379747,0,0
0.44041110126582267,0.11587580063291139,0,0
0.44041110126582267,0.13033855696202531,0,0
0.44041110126582267,0.14480131329113924,0,0
0.44041110126582267,0.15926406962025316,0,0
0.44041110126582267,0.1737268259493671,0,0
0.44041110126582267,0.188189582278481,0,0
0.44041110126582267,0.20265233860759493,0,0
0.44041110126582267,0.21711509493670886,0,0
0.44041110126582267,0.23157785126582278,0,0
0.44041110126582267,0.2460406075949367,0,0
0.44041110126582267,0.2605033639240506,0,0
0.44041110126582267,0.2749661202531645,0,0
0.44041110126582267,0.28942887658227845,0,0
0.44041110126582267,0.3038916329113924,0,0
0.44041110126582267,0.3183543892405063,0,0
0.44041110126582267,0.3328171455696202,0,0
0.44041110126582267,0.34727990189873414,0,0
0.44041110126582267,0.36174265822784807,1,1
0.44041110126582267,0.376205414556962,1,1
0.44041110126582267,0.3906681708860759,1,1
0.44041110126582267,0.40513092721518984,1,1
0.44041110126582267,0.41959368354430376,1,1
0.44041110126582267,0.4340564398734177,1,1
0.44041110126582267,0.4485191962025316,1,1
0.44041110126582267,0.46298195253164554,1,1
0.44041110126582267,0.47744470886075946,1,1
0.44041110126582267,0.4919074651898734,1,1
0.44041110126582267,0.5063702215189873,1,1
0.44041110126582267,0.5208329778481012,1,1
0.44041110126582267,0.5352957341772152,1,1
0.44041110126582267,0.5497584905063291,1,1
0.44041110126582267,0.564221246835443,1,1
0.44041110126582267,0.5786840031645569,1,1
0.44041110126582267,0.5931467594936709,1,1
0.44041110126582267,0.6076095158227848,1,1
0.44041110126582267,0.6220722721518986,1,1
0.44041110126582267,0.6365350284810126,1,1
0.44041110126582267,0.6509977848101266,1,1
0.44041110126582267,0.6654605411392405,1,1
0.44041110126582267,0.6799232974683543,1,1
0.44041110126582267,0.6943860537974683,1,1
0.44041110126582267,0.7088488101265823,1,1
0.44041110126582267,0.7233115664556962,1,1
0.44041110126582267,0.73777432278481,1,1
0.44041110126582267,0.752237079113924,1,1
0.44041110126582267,0.766699835443038,1,1
0.44041110126582267,0.7811625917721519,1,1
0.44041110126582267,0.7956253481012657,1,1
0.44041110126582267,0.8100881044303797,1,1
0.44041110126582267,0.8245508607594937,1,1
0.44041110126582267,0.8390136170886076,1,1
0.44041110126582267,0.8534763734177214,1,1
0.44041110126582267,0.8679391297468354,1,1
0.44041110126582267,0.8824018860759494,1,1
0.44041110126582267,0.8968646424050633,1,1
0.44041110126582267,0.9113273987341771,1,1
0.44041110126582267,0.9257901550632911,1,1
0.44041110126582267,0.9402529113924051,1,1
0.44041110126582267,0.954715667721519,1,1
0.44041110126582267,0.9691784240506328,1,1
0.44041110126582267,0.9836411803797468,1,1
0.44041110126582267,0.9981039367088608,1,1
0.44041110126582267,1.0125666930379746,1,1
0.44041110126582267,1.0270294493670886,1,1
0.44041110126582267,1.0414922056962026,1,1
0.44041110126582267,1.0559549620253166,1,1
0.44041110126582267,1.0704177183544306,1,1
0.44041110126582267,1.0848804746835443,1,1
0.44041110126582267,1.0993432310126583,1,1
0.44041110126582267,1.1138059873417723,1,1
0.44041110126582267,1.128268743670886,1,1
0.44041110126582267,1.1427315,1,1
0.45298988987341765,0.00017375,0,0
0.45298988987341765,0.014636506329113924,0,0
0.45298988987341765,0.029099262658227848,0,0
0.45298988987341765,0.04356201898734177,0,0
0.45298988987341765,0.058024775316455696,0,0
0.45298988987341765,0.07248753164556962,0,0
0.45298988987341765,0.08695028797468354,0,0
0.45298988987341765,0.10141304430379747,0,0
0.45298988987341765,0.11587580063291139,0,0
0.45298988987341765,0.13033855696202531,0,0
0.45298988987341765,0.14480131329113924,0,0
0.45298988987341765,0.15926406962025316,0,0
0.45298988987341765,0.1737268259493671,0,0
0.45298988987341765,0.188189582278481,0,0
0.45298988987341765,0.20265233860759493,0,0
0.45298988987341765,0.21711509493670886,0,0
0.45298988987341765,0.23157785126582278,0,0
0.45298988987341765,0.2460406075949367,0,0
0.45298988987341765,0.2605033639240506,0,0
0.45298988987341765,0.2749661202531645,0,0
0.45298988987341765,0.28942887658227845,0,0
0.45298988987341765,0.3038916329113924,0,0
0.45298988987341765,0.3183543892405063,0,0
0.45298988987341765,0.3328171455696202,0,0
0.45298988987341765,0.34727990189873414,0,0
0.45298988987341765,0.36174265822784807,1,1
0.45298988987341765,0.376205414556962,1,1
0.45298988987341765,0.3906681708860759,1,1
0.45298988987341765,0.40513092721518984,1,1
0.45298988987341765,0.41959368354430376,1,1
0.45298988987341765,0.4340564398734177,1,1
0.45298988987341765,0.4485191962025316,1,1
0.45298988987341765,0.46298195253164554,1,1
0.45298988987341765,0.47744470886075946,1,1
0.45298988987341765,0.4919074651898734,1,1
0.45298988987341765,0.5063702215189873,1,1
0.45298988987341765,0.5208329778481012,1,1
0.45298988987341765,0.5352957341772152,1,1
0.45298988987341765,0.5497584905063291,1,1
0.45298988987341765,0.564221246835443,1,1
0.45298988987341765,0.5786840031645569,1,1
0.45298988987341765,0.5931467594936709,1,1
0.45298988987341765,0.6076095158227848,1,1
0.45298988987341765,0.6220722721518986,1,1
0.45298988987341765,0.6365350284810126,1,1
0.45298988987341765,0.6509977848101266,1,1
0.45298988987341765,0.6654605411392405,1,1
0.45298988987341765,0.6799232974683543,1,1
0.45298988987341765,0.6943860537974683,1,1
0.45298988987341765,0.7088488101265823,1,1
0.45298988987341765,0.7233115664556962,1,1
0.45298988987341765,0.73777432278481,1,1
0.45298988987341765,0.752237079113924,1,1
0.45298988987341765,0.766699835443038,1,1
0.45298988987341765,0.7811625917721519,1,1
0.45298988987341765,0.7956253481012657,1,1
0.45298988987341765,0.8100881044303797,1,1
0.45298988987341765,0.8245508607594937,1,1
0.45298988987341765,0.8390136170886076,1,1
0.45298988987341765,0.8534763734177214,1,1
0.45298988987341765,0.8679391297468354,1,1
0.45298988987341765,0.8824018860759494,1,1
0.45298988987341765,0.8968646424050633,1,1
0.45298988987341765,0.9113273987341771,1,1
0.45298988987341765,0.9257901550632911,1,1
0.45298988987341765,0.9402529113924051,1,1
0.45298988987341765,0.954715667721519,1,1
0.45298988987341765,0.9691784240506328,1,1
0.45298988987341765,0.9836411803797468,1,1
0.45298988987341765,0.9981039367088608,1,1
0.45298988987341765,1.0125666930379746,1,1
0.45298988987341765,1.0270294493670886,1,1
0.45298988987341765,1.0414922056962026,1,1
0.45298988987341765,1.0559549620253166,1,1
0.45298988987341765,1.0704177183544306,1,1
0.45298988987341765,1.0848804746835443,1,1
0.45298988987341765,1.0993432310126583,1,1
0.45298988987341765,1.1138059873417723,1,1
0.45298988987341765,1.128268743670886,1,1
0.45298988987341765,1.1427315,1,1
0.4655686784810126,0.00017375,0,0
0.4655686784810126,0.014636506329113924,0,0
0.4655686784810126,0.029099262658227848,0,0
0.4655686784810126,0.04356201898734177,0,0
0.4655686784810126,0.058024775316455696,0,0
0.4655686784810126,0.07248753164556962,0,0
0.4655686784810126,0.08695028797468354,0,0
0.4655686784810126,0.10141304430379747,0,0
0.4655686784810126,0.11587580063291139,0,0
0.4655686784810126,0.13033855696202531,0,0
0.4655686784810126,0.14480131329113924,0,0
0.4655686784810126,0.15926406962025316,0,0
0.4655686784810126,0.1737268259493671,0,0
0.4655686784810126,0.188189582278481,0,0
0.4655686784810126,0.20265233860759493,0,0
0.4655686784810126,0.21711509493670886,0,0
0.4655686784810126,0.23157785126582278,0,0
0.4655686784810126,0.2460406075949367,0,0
0.4655686784810126,0.2605033639240506,0,0
0.4655686784810126,0.2749661202531645,0,0
0.4655686784810126,0.28942887658227845,0,0
0.4655686784810126,0.3038916329113924,0,0
0.4655686784810126,0.3183543892405063,0,0
0.4655686784810126,0.3328171455696202,0,0
0.4655686784810126,0.34727990189873414,0,0
0.4655686784810126,0.36174265822784807,1,1
0.4655686784810126,0.376205414556962,1,1
0.4655686784810126,0.3906681708860759,1,1
0.4655686784810126,0.40513092721518984,1,1
0.4655686784810126,0.41959368354430376,1,1
0.4655686784810126,0.4340564398734177,1,1
0.4655686784810126,0.4485191962025316,1,1
0.4655686784810126,0.46298195253164554,1,1
0.4655686784810126,0.47744470886075946,1,1
0.4655686784810126,0.4919074651898734,1,1
0.4655686784810126,0.5063702215189873,1,1
0.4655686784810126,0.5208329778481012,1,1
0.4655686784810126,0.5352957341772152,1,1
0.4655686784810126,0.5497584905063291,1,1
0.4655686784810126,0.564221246835443,1,1
0.4655686784810126,0.5786840031645569,1,1
0.4655686784810126,0.5931467594936709,1,1
0.4655686784810126,0.6076095158227848,1,1
0.4655686784810126,0.6220722721518986,1,1
0.4655686784810126,0.6365350284810126,1,1
0.4655686784810126,0.6509977848101266,1,1
0.4655686784810126,0.6654605411392405,1,1
0.4655686784810126,0.6799232974683543,1,1
0.4655686784810126,0.6943860537974683,1,1
0.4655686784810126,0.7088488101265823,1,1
0.4655686784810126,0.7233115664556962,1,1
0.4655686784810126,0.73777432278481,1,1
0.4655686784810126,0.752237079113924,1,1
0.4655686784810126,0.766699835443038,1,1
0.4655686784810126,0.7811625917721519,1,1
0.4655686784810126,0.7956253481012657,1,1
0.4655686784810126,0.8100881044303797,1,1
0.4655686784810126,0.8245508607594937,1,1
0.4655686784810126,0.8390136170886076,1,1
0.4655686784810126,0.8534763734177214,1,1
0.4655686784810126,0.8679391297468354,1,1
0.4655686784810126,0.8824018860759494,1,1
0.4655686784810126,0.8968646424050633,1,1
0.4655686784810126,0.9113273987341771,1,1
0.4655686784810126,0.9257901550632911,1,1
0.4655686784810126,0.9402529113924051,1,1
0.4655686784810126,0.954715667721519,1,1
0.4655686784810126,0.9691784240506328,1,1
0.4655686784810126,0.9836411803797468,1,1
0.4655686784810126,0.9981039367088608,1,1
0.4655686784810126,1.0125666930379746,1,1
0.4655686784810126,1.0270294493670886,1,1
0.4655686784810126,1.0414922056962026,1,1
0.4655686784810126,1.0559549620253166,1,1
0.4655686784810126,1.0704177183544306,1,1
0.4655686784810126,1.0848804746835443,1,1
0.4655686784810126,1.0993432310126583,1,1
0.4655686784810126,1.1138059873417723,1,1
0.4655686784810126,1.128268743670886,1,1
0.4655686784810126,1.1427315,1,1
0.4781474670886075,0.00017375,0,0
0.4781474670886075,0.014636506329113924,0,0
0.4781474670886075,0.029099262658227848,0,0
0.4781474670886075,0.04356201898734177,0,0
0.4781474670886075,0.058024775316455696,0,0
0.4781474670886075,0.07248753164556962,0,0
0.4781474670886075,0.08695028797468354,0,0
0.4781474670886075,0.10141304430379747,0,0
0.4781474670886075,0.11587580063291139,0,0
0.4781474670886075,0.13033855696202531,0,0
0.4781474670886075,0.14480131329113924,0,0
0.4781474670886075,0.15926406962025316,0,0
0.4781474670886075,0.1737268259493671,0,0
0.4781474670886075,0.188189582278481,0,0
0.4781474670886075,0.20265233860759493,0,0
0.4781474670886075,0.21711509493670886,0,0
0.4781474670886075,0.23157785126582278,0,0
0.4781474670886075,0.2460406075949367,0,0
0.4781474670886075,0.2605033639240506,0,0
0.4781474670886075,0.2749661202531645,0,0
0.4781474670886075,0.28942887658227845,0,0
0.4781474670886075,0.3038916329113924,0,0
0.4781474670886075,0.3183543892405063,0,0
0.4781474670886075,0.3328171455696202,0,0
0.4781474670886075,0.34727990189873414,0,0
0.4781474670886075,0.36174265822784807,1,1
0.4781474670886075,0.376205414556962,1,1
0.4781474670886075,0.3906681708860759,1,1
0.4781474670886075,0.40513092721518984,1,1
0.4781474670886075,0.41959368354430376,1,1
0.4781474670886075,0.4340564398734177,1,1
0.4781474670886075,0.4485191962025316,1,1
0.4781474670886075,0.46298195253164554,1,1
0.4781474670886075,0.47744470886075946,1,1
0.4781474670886075,0.4919074651898734,1,1
0.4781474670886075,0.5063702215189873,1,1
0.4781474670886075,0.5208329778481012,1,1
0.4781474670886075,0.5352957341772152,1,1
0.4781474670886075,0.5497584905063291,1,1
0.4781474670886075,0.564221246835443,1,1
0.4781474670886075,0.5786840031645569,1,1
0.4781474670886075,0.5931467594936709,1,1
0.4781474670886075,0.6076095158227848,1,1
0.4781474670886075,0.6220722721518986,1,1
0.4781474670886075,0.6365350284810126,1,1
0.4781474670886075,0.6509977848101266,1,1
0.4781474670886075,0.6654605411392405,1,1
0.4781474670886075,0.6799232974683543,1,1
0.4781474670886075,0.6943860537974683,1,1
0.4781474670886075,0.7088488101265823,1,1
0.4781474670886075,0.7233115664556962,1,1
0.4781474670886075,0.73777432278481,1,1
0.4781474670886075,0.752237079113924,1,1
0.4781474670886075,0.766699835443038,1,1
0.4781474670886075,0.7811625917721519,1,1
0.4781474670886075,0.7956253481012657,1,1
0.4781474670886075,0.8100881044303797,1,1
0.4781474670886075,0.8245508607594937,1,1
0.4781474670886075,0.8390136170886076,1,1
0.4781474670886075,0.8534763734177214,1,1
0.4781474670886075,0.8679391297468354,1,1
0.4781474670886075,0.8824018860759494,1,1
0.4781474670886075,0.8968646424050633,1,1
0.4781474670886075,0.9113273987341771,1,1
0.4781474670886075,0.9257901550632911,1,1
0.4781474670886075,0.9402529113924051,1,1
0.4781474670886075,0.954715667721519,1,1
0.4781474670886075,0.9691784240506328,1,1
0.4781474670886075,0.9836411803797468,1,1
0.4781474670886075,0.9981039367088608,1,1
0.4781474670886075,1.0125666930379746,1,1
0.4781474670886075,1.0270294493670886,1,1
0.4781474670886075,1.0414922056962026,1,1
0.4781474670886075,1.0559549620253166,1,1
0.4781474670886075,1.0704177183544306,1,1
0.4781474670886075,1.0848804746835443,1,1
0.4781474670886075,1.0993432310126583,1,1
0.4781474670886075,1.1138059873417723,1,1
0.4781474670886075,1.128268743670886,1,1
0.4781474670886075,1.1427315,1,1
0.49072625569620243,0.00017375,0,0
0.49072625569620243,0.014636506329113924,0,0
0.49072625569620243,0.029099262658227848,0,0
0.49072625569620243,0.04356201898734177,0,0
0.49072625569620243,0.058024775316455696,0,0
0.49072625569620243,0.07248753164556962,0,0
0.49072625569620243,0.08695028797468354,0,0
0.49072625569620243,0.10141304430379747,0,0
0.49072625569620243,0.11587580063291139,0,0
0.49072625569620243,0.13033855696202531,0,0
0.49072625569620243,0.14480131329113924,0,0
0.49072625569620243,0.15926406962025316,0,0
0.49072625569620243,0.1737268259493671,0,0
0.49072625569620243,0.188189582278481,0,0
0.49072625569620243,0.20265233860759493,0,0
0.49072625569620243,0.21711509493670886,0,0
0.49072625569620243,0.23157785126582278,0,0
0.49072625569620243,0.2460406075949367,0,0
0.49072625569620243,0.2605033639240506,0,0
0.49072625569620243,0.2749661202531645,0,0
0.49072625569620243,0.28942887658227845,0,0
0.49072625569620243,0.3038916329113924,0,0
0.49072625569620243,0.3183543892405063,0,0
0.49072625569620243,0.3328171455696202,0,0
0.49072625569620243,0.34727990189873414,0,0
0.49072625569620243,0.36174265822784807,1,1
0.49072625569620243,0.376205414556962,1,1
0.49072625569620243,0.3906681708860759,1,1
0.49072625569620243,0.40513092721518984,1,1
0.49072625569620243,0.41959368354430376,1,1
0.49072625569620243,0.4340564398734177,1,1
0.49072625569620243,0.4485191962025316,1,1
0.49072625569620243,0.46298195253164554,1,1
0.49072625569620243,0.47744470886075946,1,1
0.49072625569620243,0.4919074651898734,1,1
0.49072625569620243,0.5063702215189873,1,1
0.49072625569620243,0.5208329778481012,1,1
0.49072625569620243,0.5352957341772152,1,1
0.49072625569620243,0.5497584905063291,1,1
0.49072625569620243,0.564221246835443,1,1
0.49072625569620243,0.5786840031645569,1,1
0.49072625569620243,0.5931467594936709,1,1
0.49072625569620243,0.6076095158227848,1,1
0.49072625569620243,0.6220722721518986,1,1
0.49072625569620243,0.6365350284810126,1,1
0.49072625569620243,0.6509977848101266,1,1
0.49072625569620243,0.6654605411392405,1,1
0.49072625569620243,0.6799232974683543,1,1
0.49072625569620243,0.6943860537974683,1,1
0.49072625569620243,0.7088488101265823,1,1
0.49072625569620243,0.7233115664556962,1,1
0.49072625569620243,0.73777432278481,1,1
0.49072625569620243,0.752237079113924,1,1
0.49072625569620243,0.766699835443038,1,1
0.49072625569620243,0.7811625917721519,1,1
0.49072625569620243,0.7956253481012657,1,1
0.49072625569620243,0.8100881044303797,1,1
0.49072625569620243,0.8245508607594937,1,1
0.49072625569620243,0.8390136170886076,1,1
0.49072625569620243,0.8534763734177214,1,1
0.49072625569620243,0.8679391297468354,1,1
0.49072625569620243,0.8824018860759494,1,1
0.49072625569620243,0.8968646424050633,1,1
0.49072625569620243,0.9113273987341771,1,1
0.49072625569620243,0.9257901550632911,1,1
0.49072625569620243,0.9402529113924051,1,1
0.49072625569620243,0.954715667721519,1,1
0.49072625569620243,0.9691784240506328,1,1
0.49072625569620243,0.9836411803797468,1,1
0.49072625569620243,0.9981039367088608,1,1
0.49072625569620243,1.0125666930379746,1,1
0.49072625569620243,1.0270294493670886,1,1
0.49072625569620243,1.0414922056962026,1,1
0.49072625569620243,1.0559549620253166,1,1
0.49072625569620243,1.0704177183544306,1,1
0.49072625569620243,1.0848804746835443,1,1
0.49072625569620243,1.0993432310126583,1,1
0.49072625569620243,1.1138059873417723,1,1
0.49072625569620243,1.128268743670886,1,1
0.49072625569620243,1.1427315,1,1
0.5033050443037974,0.00017375,0,0
0.5033050443037974,0.014636506329113924,0,0
0.5033050443037974,0.029099262658227848,0,0
0.5033050443037974,0.04356201898734177,0,0
0.5033050443037974,0.058024775316455696,0,0
0.5033050443037974,0.07248753164556962,0,0
0.5033050443037974,0.08695028797468354,0,0
0.5033050443037974,0.10141304430379747,0,0
0.5033050443037974,0.11587580063291139,0,0
0.5033050443037974,0.13033855696202531,0,0
0.5033050443037974,0.14480131329113924,0,0
0.5033050443037974,0.15926406962025316,0,0
0.5033050443037974,0.1737268259493671,0,0
0.5033050443037974,0.188189582278481,0,0
0.5033050443037974,0.20265233860759493,0,0
0.5033050443037974,0.21711509493670886,0,0
0.5033050443037974,0.23157785126582278,0,0
0.5033050443037974,0.2460406075949367,0,0
0.5033050443037974,0.2605033639240506,0,0
0.5033050443037974,0.2749661202531645,0,0
0.5033050443037974,0.28942887658227845,0,0
0.5033050443037974,0.3038916329113924,0,0
0.5033050443037974,0.3183543892405063,0,0
0.5033050443037974,0.3328171455696202,0,0
0.5033050443037974,0.34727990189873414,0,0
0.5033050443037974,0.36174265822784807,1,1
0.5033050443037974,0.376205414556962,1,1
0.5033050443037974,0.3906681708860759,1,1
0.5033050443037974,0.40513092721518984,1,1
0.5033050443037974,0.41959368354430376,1,1
0.5033050443037974,0.4340564398734177,1,1
0.5033050443037974,0.4485191962025316,1,1
0.5033050443037974,0.46298195253164554,1,1
0.5033050443037974,0.47744470886075946,1,1
0.5033050443037974,0.4919074651898734,1,1
0.5033050443037974,0.5063702215189873,1,1
0.5033050443037974,0.5208329778481012,1,1
0.5033050443037974,0.5352957341772152,1,1
0.5033050443037974,0.5497584905063291,1,1
0.5033050443037974,0.564221246835443,1,1
0.5033050443037974,0.5786840031645569,1,1
0.5033050443037974,0.5931467594936709,1,1
0.5033050443037974,0.6076095158227848,1,1
0.5033050443037974,0.6220722721518986,1,1
0.5033050443037974,0.6365350284810126,1,1
0.5033050443037974,0.6509977848101266,1,1
0.5033050443037974,0.6654605411392405,1,1
0.5033050443037974,0.6799232974683543,1,1
0.5033050443037974,0.6943860537974683,1,1
0.5033050443037974,0.7088488101265823,1,1
0.5033050443037974,0.7233115664556962,1,1
0.5033050443037974,0.73777432278481,1,1
0.5033050443037974,0.752237079113924,1,1
0.5033050443037974,0.766699835443038,1,1
0.5033050443037974,0.7811625917721519,1,1
0.5033050443037974,0.7956253481012657,1,1
0.5033050443037974,0.8100881044303797,1,1
0.5033050443037974,0.8245508607594937,1,1
0.5033050443037974,0.8390136170886076,1,1
0.5033050443037974,0.8534763734177214,1,1
0.5033050443037974,0.8679391297468354,1,1
0.5033050443037974,0.8824018860759494,1,1
0.5033050443037974,0.8968646424050633,1,1
0.5033050443037974,0.9113273987341771,1,1
0.5033050443037974,0.9257901550632911,1,1
0.5033050443037974,0.9402529113924051,1,1
0.5033050443037974,0.954715667721519,1,1
0.5033050443037974,0.9691784240506328,1,1
0.5033050443037974,0.9836411803797468,1,1
0.5033050443037974,0.9981039367088608,1,1
0.5033050443037974,1.0125666930379746,1,1
0.5033050443037974,1.0270294493670886,1,1
0.5033050443037974,1.0414922056962026,1,1
0.5033050443037974,1.0559549620253166,1,1
0.5033050443037974,1.0704177183544306,1,1
0.5033050443037974,1.0848804746835443,1,1
0.5033050443037974,1.0993432310126583,1,1
0.5033050443037974,1.1138059873417723,1,1
0.5033050443037974,1.128268743670886,1,1
0.5033050443037974,1.1427315,1,1
0.5158838329113924,0.00017375,0,0
0.5158838329113924,0.014636506329113924,0,0
0.5158838329113924,0.029099262658227848,0,0
0.5158838329113924,0.04356201898734177,0,0
0.5158838329113924,0.058024775316455696,0,0
0.5158838329113924,0.07248753164556962,0,0
0.5158838329113924,0.08695028797468354,0,0
0.5158838329113924,0.10141304430379747,0,0
0.5158838329113924,0.11587580063291139,0,0
0.5158838329113924,0.13033855696202531,0,0
0.5158838329113924,0.14480131329113924,0,0
0.5158838329113924,0.15926406962025316,0,0
0.5158838329113924,0.1737268259493671,0,0
0.5158838329113924,0.188189582278481,0,0
0.5158838329113924,0.20265233860759493,0,0
0.5158838329113924,0.21711509493670886,0,0
0.5158838329113924,0.23157785126582278,0,0
0.5158838329113924,0.2460406075949367,0,0
0.5158838329113924,0.2605033639240506,0,0
0.5158838329113924,0.2749661202531645,0,0
0.5158838329113924,0.28942887658227845,0,0
0.5158838329113924,0.3038916329113924,0,0
0.5158838329113924,0.3183543892405063,0,0
0.5158838329113924,0.3328171455696202,0,0
0.5158838329113924,0.34727990189873414,0,0
0.5158838329113924,0.36174265822784807,1,1
0.5158838329113924,0.376205414556962,1,1
0.5158838329113924,0.3906681708860759,1,1
0.5158838329113924,0.40513092721518984,1,1
0.5158838329113924,0.41959368354430376,1,1
0.5158838329113924,0.4340564398734177,1,1
0.5158838329113924,0.4485191962025316,1,1
0.5158838329113924,0.46298195253164554,1,1
0.5158838329113924,0.47744470886075946,1,1
0.5158838329113924,0.4919074651898734,1,1
0.5158838329113924,0.5063702215189873,1,1
0.5158838329113924,0.5208329778481012,1,1
0.5158838329113924,0.5352957341772152,1,1
0.5158838329113924,0.5497584905063291,1,1
0.5158838329113924,0.564221246835443,1,1
0.5158838329113924,0.5786840031645569,1,1
0.5158838329113924,0.5931467594936709,1,1
0.5158838329113924,0.6076095158227848,1,1
0.5158838329113924,0.6220722721518986,1,1
0.5158838329113924,0.6365350284810126,1,1
0.5158838329113924,0.6509977848101266,1,1
0.5158838329113924,0.6654605411392405,1,1
0.5158838329113924,0.6799232974683543,1,1
0.5158838329113924,0.6943860537974683,1,1
0.5158838329113924,0.7088488101265823,1,1
0.5158838329113924,0.7233115664556962,1,1
0.5158838329113924,0.73777432278481,1,1
0.5158838329113924,0.752237079113924,1,1
0.5158838329113924,0.766699835443038,1,1
0.5158838329113924,0.7811625917721519,1,1
0.5158838329113924,0.7956253481012657,1,1
0.5158838329113924,0.8100881044303797,1,1
0.5158838329113924,0.8245508607594937,1,1
0.5158838329113924,0.8390136170886076,1,1
0.5158838329113924,0.8534763734177214,1,1
0.5158838329113924,0.8679391297468354,1,1
0.5158838329113924,0.8824018860759494,1,1
0.5158838329113924,0.8968646424050633,1,1
0.5158838329113924,0.9113273987341771,1,1
0.5158838329113924,0.9257901550632911,1,1
0.5158838329113924,0.9402529113924051,1,1
0.5158838329113924,0.954715667721519,1,1
0.5158838329113924,0.9691784240506328,1,1
0.5158838329113924,0.9836411803797468,1,1
0.5158838329113924,0.9981039367088608,1,1
0.5158838329113924,1.0125666930379746,1,1
0.5158838329113924,1.0270294493670886,1,1
0.5158838329113924,1.0414922056962026,1,1
0.5158838329113924,1.0559549620253166,1,1
0.5158838329113924,1.0704177183544306,1,1
0.5158838329113924,1.0848804746835443,1,1
0.5158838329113924,1.0993432310126583,1,1
0.5158838329113924,1.1138059873417723,1,1
0.5158838329113924,1.128268743670886,1,1
0.5158838329113924,1.1427315,1,1
0.5284626215189873,0.00017375,0,0
0.5284626215189873,0.014636506329113924,0,0
0.5284626215189873,0.029099262658227848,0,0
0.5284626215189873,0.04356201898734177,0,0
0.5284626215189873,0.058024775316455696,0,0
0.5284626215189873,0.07248753164556962,0,0
0.5284626215189873,0.08695028797468354,0,0
0.5284626215189873,0.10141304430379747,0,0
0.5284626215189873,0.11587580063291139,0,0
0.5284626215189873,0.13033855696202531,0,0
0.5284626215189873,0.14480131329113924,0,0
0.5284626215189873,0.15926406962025316,0,0
0.5284626215189873,0.1737268259493671,0,0
0.5284626215189873,0.188189582278481,0,0
0.5284626215189873,0.20265233860759493,0,0
0.5284626215189873,0.21711509493670886,0,0
0.5284626215189873,0.23157785126582278,0,0
0.5284626215189873,0.2460406075949367,0,0
0.5284626215189873,0.2605033639240506,0,0
0.5284626215189873,0.2749661202531645,0,0
0.5284626215189873,0.28942887658227845,0,0
0.5284626215189873,0.3038916329113924,0,0
0.5284626215189873,0.3183543892405063,0,0
0.5284626215189873,0.3328171455696202,0,0
0.5284626215189873,0.34727990189873414,0,0
0.5284626215189873,0.36174265822784807,1,1
0.5284626215189873,0.376205414556962,1,1
0.5284626215189873,0.3906681708860759,1,1
0.5284626215189873,0.40513092721518984,1,1
0.5284626215189873,0.41959368354430376,1,1
0.5284626215189873,0.4340564398734177,1,1
0.5284626215189873,0.4485191962025316,1,1
0.5284626215189873,0.46298195253164554,1,1
0.5284626215189873,0.47744470886075946,1,1
0.5284626215189873,0.4919074651898734,1,1
0.5284626215189873,0.5063702215189873,1,1
0.5284626215189873,0.5208329778481012,1,1
0.5284626215189873,0.5352957341772152,1,1
0.5284626215189873,0.5497584905063291,1,1
0.5284626215189873,0.564221246835443,1,1
0.5284626215189873,0.5786840031645569,1,1
0.5284626215189873,0.5931467594936709,1,1
0.5284626215189873,0.6076095158227848,1,1
0.5284626215189873,0.6220722721518986,1,1
0.5284626215189873,0.6365350284810126,1,1
0.5284626215189873,0.6509977848101266,1,1
0.5284626215189873,0.6654605411392405,1,1
0.5284626215189873,0.6799232974683543,1,1
0.5284626215189873,0.6943860537974683,1,1
0.5284626215189873,0.7088488101265823,1,1
0.5284626215189873,0.7233115664556962,1,1
0.5284626215189873,0.73777432278481,1,1
0.5284626215189873,0.752237079113924,1,1
0.5284626215189873,0.766699835443038,1,1
0.5284626215189873,0.7811625917721519,1,1
0.5284626215189873,0.7956253481012657,1,1
0.5284626215189873,0.8100881044303797,1,1
0.5284626215189873,0.8245508607594937,1,1
0.5284626215189873,0.8390136170886076,1,1
0.5284626215189873,0.8534763734177214,1,1
0.5284626215189873,0.8679391297468354,1,1
0.5284626215189873,0.8824018860759494,1,1
0.5284626215189873,0.8968646424050633,1,1
0.5284626215189873,0.9113273987341771,1,1
0.5284626215189873,0.9257901550632911,1,1
0.5284626215189873,0.9402529113924051,1,1
0.5284626215189873,0.954715667721519,1,1
0.5284626215189873,0.9691784240506328,1,1
0.5284626215189873,0.9836411803797468,1,1
0.5284626215189873,0.9981039367088608,1,1
0.5284626215189873,1.0125666930379746,1,1
0.5284626215189873,1.0270294493670886,1,1
0.5284626215189873,1.0414922056962026,1,1
0.5284626215189873,1.0559549620253166,1,1
0.5284626215189873,1.0704177183544306,1,1
0.5284626215189873,1.0848804746835443,1,1
0.5284626215189873,1.0993432310126583,1,1
0.5284626215189873,1.1138059873417723,1,1
0.5284626215189873,1.128268743670886,1,1
0.5284626215189873,1.1427315,1,1
0.5410414101265822,0.00017375,0,0
0.5410414101265822,0.014636506329113924,0,0
0.5410414101265822,0.029099262658227848,0,0
0.5410414101265822,0.04356201898734177,0,0
0.5410414101265822,0.058024775316455696,0,0
0.5410414101265822,0.07248753164556962,0,0
0.5410414101265822,0.08695028797468354,0,0
0.5410414101265822,0.10141304430379747,0,0
0.5410414101265822,0.11587580063291139,0,0
0.5410414101265822,0.13033855696202531,0,0
0.5410414101265822,0.14480131329113924,0,0
0.5410414101265822,0.15926406962025316,0,0
0.5410414101265822,0.1737268259493671,0,0
0.5410414101265822,0.188189582278481,0,0
0.5410414101265822,0.20265233860759493,0,0
0.5410414101265822,0.21711509493670886,0,0
0.5410414101265822,0.23157785126582278,0,0
0.5410414101265822,0.2460406075949367,0,0
0.5410414101265822,0.2605033639240506,0,0
0.5410414101265822,0.2749661202531645,0,0
0.5410414101265822,0.28942887658227845,0,0
0.5410414101265822,0.3038916329113924,0,0
0.5410414101265822,0.3183543892405063,0,0
0.5410414101265822,0.3328171455696202,0,0
0.5410414101265822,0.34727990189873414,0,0
0.5410414101265822,0.36174265822784807,1,1
0.5410414101265822,0.376205414556962,1,1
0.5410414101265822,0.3906681708860759,1,1
0.5410414101265822,0.40513092721518984,1,1
0.5410414101265822,0.41959368354430376,1,1
0.5410414101265822,0.4340564398734177,1,1
0.5410414101265822,0.4485191962025316,1,1
0.5410414101265822,0.46298195253164554,1,1
0.5410414101265822,0.47744470886075946,1,1
0.5410414101265822,0.4919074651898734,1,1
0.5410414101265822,0.5063702215189873,1,1
0.5410414101265822,0.5208329778481012,1,1
0.5410414101265822,0.5352957341772152,1,1
0.5410414101265822,0.5497584905063291,1,1
0.5410414101265822,0.564221246835443,1,1
0.5410414101265822,0.5786840031645569,1,1
0.5410414101265822,0.5931467594936709,1,1
0.5410414101265822,0.6076095158227848,1,1
0.5410414101265822,0.6220722721518986,1,1
0.5410414101265822,0.6365350284810126,1,1
0.5410414101265822,0.6509977848101266,1,1
0.5410414101265822,0.6654605411392405,1,1
0.5410414101265822,0.6799232974683543,1,1
0.5410414101265822,0.6943860537974683,1,1
0.5410414101265822,0.7088488101265823,1,1
0.5410414101265822,0.7233115664556962,1,1
0.5410414101265822,0.73777432278481,1,1
0.5410414101265822,0.752237079113924,1,1
0.5410414101265822,0.766699835443038,1,1
0.5410414101265822,0.7811625917721519,1,1
0.5410414101265822,0.7956253481012657,1,1
0.5410414101265822,0.8100881044303797,1,1
0.5410414101265822,0.8245508607594937,1,1
0.5410414101265822,0.8390136170886076,1,1
0.5410414101265822,0.8534763734177214,1,1
0.5410414101265822,0.8679391297468354,1,1
0.5410414101265822,0.8824018860759494,1,1
0.5410414101265822,0.8968646424050633,1,1
0.5410414101265822,0.9113273987341771,1,1
0.5410414101265822,0.9257901550632911,1,1
0.5410414101265822,0.9402529113924051,1,1
0.5410414101265822,0.954715667721519,1,1
0.5410414101265822,0.9691784240506328,1,1
0.5410414101265822,0.9836411803797468,1,1
0.5410414101265822,0.9981039367088608,1,1
0.5410414101265822,1.0125666930379746,1,1
0.5410414101265822,1.0270294493670886,1,1
0.5410414101265822,1.0414922056962026,1,1
0.5410414101265822,1.0559549620253166,1,1
0.5410414101265822,1.0704177183544306,1,1
0.5410414101265822,1.0848804746835443,1,1
0.5410414101265822,1.0993432310126583,1,1
0.5410414101265822,1.1138059873417723,1,1
0.5410414101265822,1.128268743670886,1,1
0.5410414101265822,1.1427315,1,1
0.5536201987341771,0.00017375,0,0
0.5536201987341771,0.014636506329113924,0,0
0.5536201987341771,0.029099262658227848,0,0
0.5536201987341771,0.04356201898734177,0,0
0.5536201987341771,0.058024775316455696,0,0
0.5536201987341771,0.07248753164556962,0,0
0.5536201987341771,0.08695028797468354,0,0
0.5536201987341771,0.10141304430379747,0,0
0.5536201987341771,0.11587580063291139,0,0
0.5536201987341771,0.13033855696202531,0,0
0.5536201987341771,0.14480131329113924,0,0
0.5536201987341771,0.15926406962025316,0,0
0.5536201987341771,0.1737268259493671,0,0
0.5536201987341771,0.188189582278481,0,0
0.5536201987341771,0.20265233860759493,0,0
0.5536201987341771,0.21711509493670886,0,0
0.5536201987341771,0.23157785126582278,0,0
0.5536201987341771,0.2460406075949367,0,0
0.5536201987341771,0.2605033639240506,0,0
0.5536201987341771,0.2749661202531645,0,0
0.5536201987341771,0.28942887658227845,0,0
0.5536201987341771,0.3038916329113924,0,0
0.5536201987341771,0.3183543892405063,0,0
0.5536201987341771,0.3328171455696202,0,0
0.5536201987341771,0.34727990189873414,0,0
0.5536201987341771,0.36174265822784807,1,1
0.5536201987341771,0.376205414556962,1,1
0.5536201987341771,0.3906681708860759,1,1
0.5536201987341771,0.40513092721518984,1,1
0.5536201987341771,0.41959368354430376,1,1
0.5536201987341771,0.4340564398734177,1,1
0.5536201987341771,0.4485191962025316,1,1
0.5536201987341771,0.46298195253164554,1,1
0.5536201987341771,0.47744470886075946,1,1
0.5536201987341771,0.4919074651898734,1,1
0.5536201987341771,0.5063702215189873,1,1
0.5536201987341771,0.5208329778481012,1,1
0.5536201987341771,0.5352957341772152,1,1
0.5536201987341771,0.5497584905063291,1,1
0.5536201987341771,0.564221246835443,1,1
0.5536201987341771,0.5786840031645569,1,1
0.5536201987341771,0.5931467594936709,1,1
0.5536201987341771,0.6076095158227848,1,1
0.5536201987341771,0.6220722721518986,1,1
0.5536201987341771,0.6365350284810126,1,1
0.5536201987341771,0.6509977848101266,1,1
0.5536201987341771,0.6654605411392405,1,1
0.5536201987341771,0.6799232974683543,1,1
0.5536201987341771,0.6943860537974683,1,1
0.5536201987341771,0.7088488101265823,1,1
0.5536201987341771,0.7233115664556962,1,1
0.5536201987341771,0.73777432278481,1,1
0.5536201987341771,0.752237079113924,1,1
0.5536201987341771,0.766699835443038,1,1
0.5536201987341771,0.7811625917721519,1,1
0.5536201987341771,0.7956253481012657,1,1
0.5536201987341771,0.8100881044303797,1,1
0.5536201987341771,0.8245508607594937,1,1
0.5536201987341771,0.8390136170886076,1,1
0.5536201987341771,0.8534763734177214,1,1
0.5536201987341771,0.8679391297468354,1,1
0.5536201987341771,0.8824018860759494,1,1
0.5536201987341771,0.8968646424050633,1,1
0.5536201987341771,0.9113273987341771,1,1
0.5536201987341771,0.9257901550632911,1,1
0.5536201987341771,0.9402529113924051,1,1
0.5536201987341771,0.954715667721519,1,1
0.5536201987341771,0.9691784240506328,1,1
0.5536201987341771,0.9836411803797468,1,1
0.5536201987341771,0.9981039367088608,1,1
0.5536201987341771,1.0125666930379746,1,1
0.5536201987341771,1.0270294493670886,1,1
0.5536201987341771,1.0414922056962026,1,1
0.5536201987341771,1.0559549620253166,1,1
0.5536201987341771,1.0704177183544306,1,1
0.5536201987341771,1.0848804746835443,1,1
0.5536201987341771,1.0993432310126583,1,1
0.5536201987341771,1.1138059873417723,1,1
0.5536201987341771,1.128268743670886,1,1
0.5536201987341771,1.1427315,1,1
0.5661989873417721,0.00017375,0,0
0.5661989873417721,0.014636506329113924,0,0
0.5661989873417721,0.029099262658227848,0,0
0.5661989873417721,0.04356201898734177,0,0
0.5661989873417721,0.058024775316455696,0,0
0.5661989873417721,0.07248753164556962,0,0
0.5661989873417721,0.08695028797468354,0,0
0.5661989873417721,0.10141304430379747,0,0
0.5661989873417721,0.11587580063291139,0,0
0.5661989873417721,0.13033855696202531,0,0
0.5661989873417721,0.14480131329113924,0,0
0.5661989873417721,0.15926406962025316,0,0
0.5661989873417721,0.1737268259493671,0,0
0.5661989873417721,0.188189582278481,0,0
0.5661989873417721,0.20265233860759493,0,0
0.5661989873417721,0.21711509493670886,0,0
0.5661989873417721,0.23157785126582278,0,0
0.5661989873417721,0.2460406075949367,0,0
0.5661989873417721,0.2605033639240506,0,0
0.5661989873417721,0.2749661202531645,0,0
0.5661989873417721,0.28942887658227845,0,0
0.5661989873417721,0.3038916329113924,0,0
0.5661989873417721,0.3183543892405063,0,0
0.5661989873417721,0.3328171455696202,0,0
0.5661989873417721,0.34727990189873414,0,0
0.5661989873417721,0.36174265822784807,1,1
0.5661989873417721,0.376205414556962,1,1
0.5661989873417721,0.3906681708860759,1,1
0.5661989873417721,0.40513092721518984,1,1
0.5661989873417721,0.41959368354430376,1,1
0.5661989873417721,0.4340564398734177,1,1
0.5661989873417721,0.4485191962025316,1,1
0.5661989873417721,0.46298195253164554,1,1
0.5661989873417721,0.47744470886075946,1,1
0.5661989873417721,0.4919074651898734,1,1
0.5661989873417721,0.5063702215189873,1,1
0.5661989873417721,0.5208329778481012,1,1
0.5661989873417721,0.5352957341772152,1,1
0.5661989873417721,0.5497584905063291,1,1
0.5661989873417721,0.564221246835443,1,1
0.5661989873417721,0.5786840031645569,1,1
0.5661989873417721,0.5931467594936709,1,1
0.5661989873417721,0.6076095158227848,1,1
0.5661989873417721,0.6220722721518986,1,1
0.5661989873417721,0.6365350284810126,1,1
0.5661989873417721,0.6509977848101266,1,1
0.5661989873417721,0.6654605411392405,1,1
0.5661989873417721,0.6799232974683543,1,1
0.5661989873417721,0.6943860537974683,1,1
0.5661989873417721,0.7088488101265823,1,1
0.5661989873417721,0.7233115664556962,1,1
0.5661989873417721,0.73777432278481,1,1
0.5661989873417721,0.752237079113924,1,1
0.5661989873417721,0.766699835443038,1,1
0.5661989873417721,0.7811625917721519,1,1
0.5661989873417721,0.7956253481012657,1,1
0.5661989873417721,0.8100881044303797,1,1
0.5661989873417721,0.8245508607594937,1,1
0.5661989873417721,0.8390136170886076,1,1
0.5661989873417721,0.8534763734177214,1,1
0.5661989873417721,0.8679391297468354,1,1
0.5661989873417721,0.8824018860759494,1,1
0.5661989873417721,0.8968646424050633,1,1
0.5661989873417721,0.9113273987341771,1,1
0.5661989873417721,0.9257901550632911,1,1
0.5661989873417721,0.9402529113924051,1,1
0.5661989873417721,0.954715667721519,1,1
0.5661989873417721,0.9691784240506328,1,1
0.5661989873417721,0.9836411803797468,1,1
0.5661989873417721,0.9981039367088608,1,1
0.5661989873417721,1.0125666930379746,1,1
0.5661989873417721,1.0270294493670886,1,1
0.5661989873417721,1.0414922056962026,1,1
0.5661989873417721,1.0559549620253166,1,1
0.5661989873417721,1.0704177183544306,1,1
0.5661989873417721,1.0848804746835443,1,1
0.5661989873417721,1.0993432310126583,1,1
0.5661989873417721,1.1138059873417723,1,1
0.5661989873417721,1.128268743670886,1,1
0.5661989873417721,1.1427315,1,1
0.5787777759493671,0.00017375,0,0
0.5787777759493671,0.014636506329113924,0,0
0.5787777759493671,0.029099262658227848,0,0
0.5787777759493671,0.04356201898734177,0,0
0.5787777759493671,0.058024775316455696,0,0
0.5787777759493671,0.07248753164556962,0,0
0.5787777759493671,0.08695028797468354,0,0
0.5787777759493671,0.10141304430379747,0,0
0.5787777759493671,0.11587580063291139,0,0
0.5787777759493671,0.13033855696202531,0,0
0.5787777759493671,0.14480131329113924,0,0
0.5787777759493671,0.15926406962025316,0,0
0.5787777759493671,0.1737268259493671,0,0
0.5787777759493671,0.188189582278481,0,0
0.5787777759493671,0.20265233860759493,0,0
0.5787777759493671,0.21711509493670886,0,0
0.5787777759493671,0.23157785126582278,0,0
0.5787777759493671,0.2460406075949367,0,0
0.5787777759493671,0.2605033639240506,0,0
0.5787777759493671,0.2749661202531645,0,0
0.5787777759493671,0.28942887658227845,0,0
0.5787777759493671,0.3038916329113924,0,0
0.5787777759493671,0.3183543892405063,0,0
0.5787777759493671,0.3328171455696202,0,0
0.5787777759493671,0.34727990189873414,0,0
0.5787777759493671,0.36174265822784807,1,1
0.5787777759493671,0.376205414556962,1,1
0.5787777759493671,0.3906681708860759,1,1
0.5787777759493671,0.40513092721518984,1,1
0.5787777759493671,0.41959368354430376,1,1
0.5787777759493671,0.4340564398734177,1,1
0.5787777759493671,0.4485191962025316,1,1
0.5787777759493671,0.46298195253164554,1,1
0.5787777759493671,0.47744470886075946,1,1
0.5787777759493671,0.4919074651898734,1,1
0.5787777759493671,0.5063702215189873,1,1
0.5787777759493671,0.5208329778481012,1,1
0.5787777759493671,0.5352957341772152,1,1
0.5787777759493671,0.5497584905063291,1,1
0.5787777759493671,0.564221246835443,1,1
0.5787777759493671,0.5786840031645569,1,1
0.5787777759493671,0.5931467594936709,1,1
0.5787777759493671,0.6076095158227848,1,1
0.5787777759493671,0.6220722721518986,1,1
0.5787777759493671,0.6365350284810126,1,1
0.5787777759493671,0.6509977848101266,1,1
0.5787777759493671,0.6654605411392405,1,1
0.5787777759493671,0.6799232974683543,1,1
0.5787777759493671,0.6943860537974683,1,1
0.5787777759493671,0.7088488101265823,1,1
0.5787777759493671,0.7233115664556962,1,1
0.5787777759493671,0.73777432278481,1,1
0.5787777759493671,0.752237079113924,1,1
0.5787777759493671,0.766699835443038,1,1
0.5787777759493671,0.7811625917721519,1,1
0.5787777759493671,0.7956253481012657,1,1
0.5787777759493671,0.8100881044303797,1,1
0.5787777759493671,0.8245508607594937,1,1
0.5787777759493671,0.8390136170886076,1,1
0.5787777759493671,0.8534763734177214,1,1
0.5787777759493671,0.8679391297468354,1,1
0.5787777759493671,0.8824018860759494,1,1
0.5787777759493671,0.8968646424050633,1,1
0.5787777759493671,0.9113273987341771,1,1
0.5787777759493671,0.9257901550632911,1,1
0.5787777759493671,0.9402529113924051,1,1
0.5787777759493671,0.954715667721519,1,1
0.5787777759493671,0.9691784240506328,1,1
0.5787777759493671,0.9836411803797468,1,1
0.5787777759493671,0.9981039367088608,1,1
0.5787777759493671,1.0125666930379746,1,1
0.5787777759493671,1.0270294493670886,1,1
0.5787777759493671,1.0414922056962026,1,1
0.5787777759493671,1.0559549620253166,1,1
0.5787777759493671,1.0704177183544306,1,1
0.5787777759493671,1.0848804746835443,1,1
0.5787777759493671,1.0993432310126583,1,1
0.5787777759493671,1.1138059873417723,1,1
0.5787777759493671,1.128268743670886,1,1
0.5787777759493671,1.1427315,1,1
0.591356564556962,0.00017375,0,0
0.591356564556962,0.014636506329113924,0,0
0.591356564556962,0.029099262658227848,0,0
0.591356564556962,0.04356201898734177,0,0
0.591356564556962,0.058024775316455696,0,0
0.591356564556962,0.07248753164556962,0,0
0.591356564556962,0.08695028797468354,0,0
0.591356564556962,0.10141304430379747,0,0
0.591356564556962,0.11587580063291139,0,0
0.591356564556962,0.13033855696202531,0,0
0.591356564556962,0.14480131329113924,0,0
0.591356564556962,0.15926406962025316,0,0
0.591356564556962,0.1737268259493671,0,0
0.591356564556962,0.188189582278481,0,0
0.591356564556962,0.20265233860759493,0,0
0.591356564556962,0.21711509493670886,0,0
0.591356564556962,0.23157785126582278,0,0
0.591356564556962,0.2460406075949367,0,0
0.591356564556962,0.2605033639240506,0,0
0.591356564556962,0.2749661202531645,0,0
0.591356564556962,0.28942887658227845,0,0
0.591356564556962,0.3038916329113924,0,0
0.591356564556962,0.3183543892405063,0,0
0.591356564556962,0.3328171455696202,0,0
0.591356564556962,0.34727990189873414,0,0
0.591356564556962,0.36174265822784807,1,1
0.591356564556962,0.376205414556962,1,1
0.591356564556962,0.3906681708860759,1,1
0.591356564556962,0.40513092721518984,1,1
0.591356564556962,0.41959368354430376,1,1
0.591356564556962,0.4340564398734177,1,1
0.591356564556962,0.4485191962025316,1,1
0.591356564556962,0.46298195253164554,1,1
0.591356564556962,0.47744470886075946,1,1
0.591356564556962,0.4919074651898734,1,1
0.591356564556962,0.5063702215189873,1,1
0.591356564556962,0.5208329778481012,1,1
0.591356564556962,0.5352957341772152,1,1
0.591356564556962,0.5497584905063291,1,1
0.591356564556962,0.564221246835443,1,1
0.591356564556962,0.5786840031645569,1,1
0.591356564556962,0.5931467594936709,1,1
0.591356564556962,0.6076095158227848,1,1
0.591356564556962,0.6220722721518986,1,1
0.591356564556962,0.6365350284810126,1,1
0.591356564556962,0.6509977848101266,1,1
0.591356564556962,0.6654605411392405,1,1
0.591356564556962,0.6799232974683543,1,1
0.591356564556962,0.6943860537974683,1,1
0.591356564556962,0.7088488101265823,1,1
0.591356564556962,0.7233115664556962,1,1
0.591356564556962,0.73777432278481,1,1
0.591356564556962,0.752237079113924,1,1
0.591356564556962,0.766699835443038,1,1
0.591356564556962,0.7811625917721519,1,1
0.591356564556962,0.7956253481012657,1,1
0.591356564556962,0.8100881044303797,1,1
0.591356564556962,0.8245508607594937,1,1
0.591356564556962,0.8390136170886076,1,1
0.591356564556962,0.8534763734177214,1,1
0.591356564556962,0.8679391297468354,1,1
0.591356564556962,0.8824018860759494,1,1
0.591356564556962,0.8968646424050633,1,1
0.591356564556962,0.9113273987341771,1,1
0.591356564556962,0.9257901550632911,1,1
0.591356564556962,0.9402529113924051,1,1
0.591356564556962,0.954715667721519,1,1
0.591356564556962,0.9691784240506328,1,1
0.591356564556962,0.9836411803797468,1,1
0.591356564556962,0.9981039367088608,1,1
0.591356564556962,1.0125666930379746,1,1
0.591356564556962,1.0270294493670886,1,1
0.591356564556962,1.0414922056962026,1,1
0.591356564556962,1.0559549620253166,1,1
0.591356564556962,1.0704177183544306,1,1
0.591356564556962,1.0848804746835443,1,1
0.591356564556962,1.0993432310126583,1,1
0.591356564556962,1.1138059873417723,1,1
0.591356564556962,1.128268743670886,1,1
0.591356564556962,1.1427315,1,1
0.6039353531645569,0.00017375,0,0
0.6039353531645569,0.014636506329113924,0,0
0.6039353531645569,0.029099262658227848,0,0
0.6039353531645569,0.04356201898734177,0,0
0.6039353531645569,0.058024775316455696,0,0
0.6039353531645569,0.07248753164556962,0,0
0.6039353531645569,0.08695028797468354,0,0
0.6039353531645569,0.10141304430379747,0,0
0.6039353531645569,0.11587580063291139,0,0
0.6039353531645569,0.13033855696202531,0,0
0.6039353531645569,0.14480131329113924,0,0
0.6039353531645569,0.15926406962025316,0,0
0.6039353531645569,0.1737268259493671,0,0
0.6039353531645569,0.188189582278481,0,0
0.6039353531645569,0.20265233860759493,0,0
0.6039353531645569,0.21711509493670886,0,0
0.6039353531645569,0.23157785126582278,0,0
0.6039353531645569,0.2460406075949367,0,0
0.6039353531645569,0.2605033639240506,0,0
0.6039353531645569,0.2749661202531645,0,0
0.6039353531645569,0.28942887658227845,0,0
0.6039353531645569,0.3038916329113924,0,0
0.6039353531645569,0.3183543892405063,0,0
0.6039353531645569,0.3328171455696202,0,0
0.6039353531645569,0.34727990189873414,0,0
0.6039353531645569,0.36174265822784807,1,1
0.6039353531645569,0.376205414556962,1,1
0.6039353531645569,0.3906681708860759,1,1
0.6039353531645569,0.40513092721518984,1,1
0.6039353531645569,0.41959368354430376,1,1
0.6039353531645569,0.4340564398734177,1,1
0.6039353531645569,0.4485191962025316,1,1
0.6039353531645569,0.46298195253164554,1,1
0.6039353531645569,0.47744470886075946,1,1
0.6039353531645569,0.4919074651898734,1,1
0.6039353531645569,0.5063702215189873,1,1
0.6039353531645569,0.5208329778481012,1,1
0.6039353531645569,0.5352957341772152,1,1
0.6039353531645569,0.5497584905063291,1,1
0.6039353531645569,0.564221246835443,1,1
0.6039353531645569,0.5786840031645569,1,1
0.6039353531645569,0.5931467594936709,1,1
0.6039353531645569,0.6076095158227848,1,1
0.6039353531645569,0.6220722721518986,1,1
0.6039353531645569,0.6365350284810126,1,1
0.6039353531645569,0.6509977848101266,1,1
0.6039353531645569,0.6654605411392405,1,1
0.6039353531645569,0.6799232974683543,1,1
0.6039353531645569,0.6943860537974683,1,1
0.6039353531645569,0.7088488101265823,1,1
0.6039353531645569,0.7233115664556962,1,1
0.6039353531645569,0.73777432278481,1,1
0.6039353531645569,0.752237079113924,1,1
0.6039353531645569,0.766699835443038,1,1
0.6039353531645569,0.7811625917721519,1,1
0.6039353531645569,0.7956253481012657,1,1
0.6039353531645569,0.8100881044303797,1,1
0.6039353531645569,0.8245508607594937,1,1
0.6039353531645569,0.8390136170886076,1,1
0.6039353531645569,0.8534763734177214,1,1
0.6039353531645569,0.8679391297468354,1,1
0.6039353531645569,0.8824018860759494,1,1
0.6039353531645569,0.8968646424050633,1,1
0.6039353531645569,0.9113273987341771,1,1
0.6039353531645569,0.9257901550632911,1,1
0.6039353531645569,0.9402529113924051,1,1
0.6039353531645569,0.954715667721519,1,1
0.6039353531645569,0.9691784240506328,1,1
0.6039353531645569,0.9836411803797468,1,1
0.6039353531645569,0.9981039367088608,1,1
0.6039353531645569,1.0125666930379746,1,1
0.6039353531645569,1.0270294493670886,1,1
0.6039353531645569,1.0414922056962026,1,1
0.6039353531645569,1.0559549620253166,1,1
0.6039353531645569,1.0704177183544306,1,1
0.6039353531645569,1.0848804746835443,1,1
0.6039353531645569,1.0993432310126583,1,1
0.6039353531645569,1.1138059873417723,1,1
0.6039353531645569,1.128268743670886,1,1
0.6039353531645569,1.1427315,1,1
0.6165141417721518,0.00017375,0,0
0.6165141417721518,0.014636506329113924,0,0
0.6165141417721518,0.029099262658227848,0,0
0.6165141417721518,0.04356201898734177,0,0
0.6165141417721518,0.058024775316455696,0,0
0.6165141417721518,0.07248753164556962,0,0
0.6165141417721518,0.08695028797468354,0,0
0.6165141417721518,0.10141304430379747,0,0
0.6165141417721518,0.11587580063291139,0,0
0.6165141417721518,0.13033855696202531,0,0
0.6165141417721518,0.14480131329113924,0,0
0.6165141417721518,0.15926406962025316,0,0
0.6165141417721518,0.1737268259493671,0,0
0.6165141417721518,0.188189582278481,0,0
0.6165141417721518,0.20265233860759493,0,0
0.6165141417721518,0.21711509493670886,0,0
0.6165141417721518,0.23157785126582278,0,0
0.6165141417721518,0.2460406075949367,0,0
0.6165141417721518,0.2605033639240506,0,0
0.6165141417721518,0.2749661202531645,0,0
0.6165141417721518,0.28942887658227845,0,0
0.6165141417721518,0.3038916329113924,0,0
0.6165141417721518,0.3183543892405063,0,0
0.6165141417721518,0.3328171455696202,0,0
0.6165141417721518,0.34727990189873414,0,0
0.6165141417721518,0.36174265822784807,1,1
0.6165141417721518,0.376205414556962,1,1
0.6165141417721518,0.3906681708860759,1,1
0.6165141417721518,0.40513092721518984,1,1
0.6165141417721518,0.41959368354430376,1,1
0.6165141417721518,0.4340564398734177,1,1
0.6165141417721518,0.4485191962025316,1,1
0.6165141417721518,0.46298195253164554,1,1
0.6165141417721518,0.47744470886075946,1,1
0.6165141417721518,0.4919074651898734,1,1
0.6165141417721518,0.5063702215189873,1,1
0.6165141417721518,0.5208329778481012,1,1
0.6165141417721518,0.5352957341772152,1,1
0.6165141417721518,0.5497584905063291,1,1
0.6165141417721518,0.564221246835443,1,1
0.6165141417721518,0.5786840031645569,1,1
0.6165141417721518,0.5931467594936709,1,1
0.6165141417721518,0.6076095158227848,1,1
0.6165141417721518,0.6220722721518986,1,1
0.6165141417721518,0.6365350284810126,1,1
0.6165141417721518,0.6509977848101266,1,1
0.6165141417721518,0.6654605411392405,1,1
0.6165141417721518,0.6799232974683543,1,1
0.6165141417721518,0.6943860537974683,1,1
0.6165141417721518,0.7088488101265823,1,1
0.6165141417721518,0.7233115664556962,1,1
0.6165141417721518,0.73777432278481,1,1
0.6165141417721518,0.752237079113924,1,1
0.6165141417721518,0.766699835443038,1,1
0.6165141417721518,0.7811625917721519,1,1
0.6165141417721518,0.7956253481012657,1,1
0.6165141417721518,0.8100881044303797,1,1
0.6165141417721518,0.8245508607594937,1,1
0.6165141417721518,0.8390136170886076,1,1
0.6165141417721518,0.8534763734177214,1,1
0.6165141417721518,0.8679391297468354,1,1
0.6165141417721518,0.8824018860759494,1,1
0.6165141417721518,0.8968646424050633,1,1
0.6165141417721518,0.9113273987341771,1,1
0.6165141417721518,0.9257901550632911,1,1
0.6165141417721518,0.9402529113924051,1,1
0.6165141417721518,0.954715667721519,1,1
0.6165141417721518,0.9691784240506328,1,1
0.6165141417721518,0.9836411803797468,1,1
0.6165141417721518,0.9981039367088608,1,1
0.6165141417721518,1.0125666930379746,1,1
0.6165141417721518,1.0270294493670886,1,1
0.6165141417721518,1.0414922056962026,1,1
0.6165141417721518,1.0559549620253166,1,1
0.6165141417721518,1.0704177183544306,1,1
0.6165141417721518,1.0848804746835443,1,1
0.6165141417721518,1.0993432310126583,1,1
0.6165141417721518,1.1138059873417723,1,1
0.6165141417721518,1.128268743670886,1,1
0.6165141417721518,1.1427315,1,1
0.6290929303797468,0.00017375,0,0
0.6290929303797468,0.014636506329113924,0,0
0.6290929303797468,0.029099262658227848,0,0
0.6290929303797468,0.04356201898734177,0,0
0.6290929303797468,0.058024775316455696,0,0
0.6290929303797468,0.07248753164556962,0,0
0.6290929303797468,0.08695028797468354,0,0
0.6290929303797468,0.10141304430379747,0,0
0.6290929303797468,0.11587580063291139,0,0
0.6290929303797468,0.13033855696202531,0,0
0.6290929303797468,0.14480131329113924,0,0
0.6290929303797468,0.15926406962025316,0,0
0.6290929303797468,0.1737268259493671,0,0
0.6290929303797468,0.188189582278481,0,0
0.6290929303797468,0.20265233860759493,0,0
0.6290929303797468,0.21711509493670886,0,0
0.6290929303797468,0.23157785126582278,0,0
0.6290929303797468,0.2460406075949367,0,0
0.6290929303797468,0.2605033639240506,0,0
0.6290929303797468,0.2749661202531645,0,0
0.6290929303797468,0.28942887658227845,0,0
0.6290929303797468,0.3038916329113924,0,0
0.6290929303797468,0.3183543892405063,0,0
0.6290929303797468,0.3328171455696202,0,0
0.6290929303797468,0.34727990189873414,0,0
0.6290929303797468,0.36174265822784807,1,1
0.6290929303797468,0.376205414556962,1,1
0.6290929303797468,0.3906681708860759,1,1
0.6290929303797468,0.40513092721518984,1,1
0.6290929303797468,0.41959368354430376,1,1
0.6290929303797468,0.4340564398734177,1,1
0.6290929303797468,0.4485191962025316,1,1
0.6290929303797468,0.46298195253164554,1,1
0.6290929303797468,0.47744470886075946,1,1
0.6290929303797468,0.4919074651898734,1,1
0.6290929303797468,0.5063702215189873,1,1
0.6290929303797468,0.5208329778481012,1,1
0.6290929303797468,0.5352957341772152,1,1
0.6290929303797468,0.5497584905063291,1,1
0.6290929303797468,0.564221246835443,1,1
0.6290929303797468,0.5786840031645569,1,1
0.6290929303797468,0.5931467594936709,1,1
0.6290929303797468,0.6076095158227848,1,1
0.6290929303797468,0.6220722721518986,1,1
0.6290929303797468,0.6365350284810126,1,1
0.6290929303797468,0.6509977848101266,1,1
0.6290929303797468,0.6654605411392405,1,1
0.6290929303797468,0.6799232974683543,1,1
0.6290929303797468,0.6943860537974683,1,1
0.6290929303797468,0.7088488101265823,1,1
0.6290929303797468,0.7233115664556962,1,1
0.6290929303797468,0.73777432278481,1,1
0.6290929303797468,0.752237079113924,1,1
0.6290929303797468,0.766699835443038,1,1
0.6290929303797468,0.7811625917721519,1,1
0.6290929303797468,0.7956253481012657,1,1
0.6290929303797468,0.8100881044303797,1,1
0.6290929303797468,0.8245508607594937,1,1
0.6290929303797468,0.8390136170886076,1,1
0.6290929303797468,0.8534763734177214,1,1
0.6290929303797468,0.8679391297468354,1,1
0.6290929303797468,0.8824018860759494,1,1
0.6290929303797468,0.8968646424050633,1,1
0.6290929303797468,0.9113273987341771,1,1
0.6290929303797468,0.9257901550632911,1,1
0.6290929303797468,0.9402529113924051,1,1
0.6290929303797468,0.954715667721519,1,1
0.6290929303797468,0.9691784240506328,1,1
0.6290929303797468,0.9836411803797468,1,1
0.6290929303797468,0.9981039367088608,1,1
0.6290929303797468,1.0125666930379746,1,1
0.6290929303797468,1.0270294493670886,1,1
0.6290929303797468,1.0414922056962026,1,1
0.6290929303797468,1.0559549620253166,1,1
0.6290929303797468,1.0704177183544306,1,1
0.6290929303797468,1.0848804746835443,1,1
0.6290929303797468,1.0993432310126583,1,1
0.6290929303797468,1.1138059873417723,1,1
0.6290929303797468,1.128268743670886,1,1
0.6290929303797468,1.1427315,1,1
0.6416717189873417,0.00017375,0,0
0.6416717189873417,0.014636506329113924,0,0
0.6416717189873417,0.029099262658227848,0,0
0.6416717189873417,0.04356201898734177,0,0
0.6416717189873417,0.058024775316455696,0,0
0.6416717189873417,0.07248753164556962,0,0
0.6416717189873417,0.08695028797468354,0,0
0.6416717189873417,0.10141304430379747,0,0
0.6416717189873417,0.11587580063291139,0,0
0.6416717189873417,0.13033855696202531,0,0
0.6416717189873417,0.14480131329113924,0,0
0.6416717189873417,0.15926406962025316,0,0
0.6416717189873417,0.1737268259493671,0,0
0.6416717189873417,0.188189582278481,0,0
0.6416717189873417,0.20265233860759493,0,0
0.6416717189873417,0.21711509493670886,0,0
0.6416717189873417,0.23157785126582278,0,0
0.6416717189873417,0.2460406075949367,0,0
0.6416717189873417,0.2605033639240506,0,0
0.6416717189873417,0.2749661202531645,0,0
0.6416717189873417,0.28942887658227845,0,0
0.6416717189873417,0.3038916329113924,0,0
0.6416717189873417,0.3183543892405063,0,0
0.6416717189873417,0.3328171455696202,0,0
0.6416717189873417,0.34727990189873414,0,0
0.6416717189873417,0.36174265822784807,1,1
0.6416717189873417,0.376205414556962,1,1
0.6416717189873417,0.3906681708860759,1,1
0.6416717189873417,0.40513092721518984,1,1
0.6416717189873417,0.41959368354430376,1,1
0.6416717189873417,0.4340564398734177,1,1
0.6416717189873417,0.4485191962025316,1,1
0.6416717189873417,0.46298195253164554,1,1
0.6416717189873417,0.47744470886075946,1,1
0.6416717189873417,0.4919074651898734,1,1
0.6416717189873417,0.5063702215189873,1,1
0.6416717189873417,0.5208329778481012,1,1
0.6416717189873417,0.5352957341772152,1,1
0.6416717189873417,0.5497584905063291,1,1
0.6416717189873417,0.564221246835443,1,1
0.6416717189873417,0.5786840031645569,1,1
0.6416717189873417,0.5931467594936709,1,1
0.6416717189873417,0.6076095158227848,1,1
0.6416717189873417,0.6220722721518986,1,1
0.6416717189873417,0.6365350284810126,1,1
0.6416717189873417,0.6509977848101266,1,1
0.6416717189873417,0.6654605411392405,1,1
0.6416717189873417,0.6799232974683543,1,1
0.6416717189873417,0.6943860537974683,1,1
0.6416717189873417,0.7088488101265823,1,1
0.6416717189873417,0.7233115664556962,1,1
0.6416717189873417,0.73777432278481,1,1
0.6416717189873417,0.752237079113924,1,1
0.6416717189873417,0.766699835443038,1,1
0.6416717189873417,0.7811625917721519,1,1
0.6416717189873417,0.7956253481012657,1,1
0.6416717189873417,0.8100881044303797,1,1
0.6416717189873417,0.8245508607594937,1,1
0.6416717189873417,0.8390136170886076,1,1
0.6416717189873417,0.8534763734177214,1,1
0.6416717189873417,0.8679391297468354,1,1
0.6416717189873417,0.8824018860759494,1,1
0.6416717189873417,0.8968646424050633,1,1
0.6416717189873417,0.9113273987341771,1,1
0.6416717189873417,0.9257901550632911,1,1
0.6416717189873417,0.9402529113924051,1,1
0.6416717189873417,0.954715667721519,1,1
0.6416717189873417,0.9691784240506328,1,1
0.6416717189873417,0.9836411803797468,1,1
0.6416717189873417,0.9981039367088608,1,1
0.6416717189873417,1.0125666930379746,1,1
0.6416717189873417,1.0270294493670886,1,1
0.6416717189873417,1.0414922056962026,1,1
0.6416717189873417,1.0559549620253166,1,1
0.6416717189873417,1.0704177183544306,1,1
0.6416717189873417,1.0848804746835443,1,1
0.6416717189873417,1.0993432310126583,1,1
0.6416717189873417,1.1138059873417723,1,1
0.6416717189873417,1.128268743670886,1,1
0.6416717189873417,1.1427315,1,1
0.6542505075949366,0.00017375,0,0
0.6542505075949366,0.014636506329113924,0,0
0.6542505075949366,0.029099262658227848,0,0
0.6542505075949366,0.04356201898734177,0,0
0.6542505075949366,0.058024775316455696,0,0
0.6542505075949366,0.07248753164556962,0,0
0.6542505075949366,0.08695028797468354,0,0
0.6542505075949366,0.10141304430379747,0,0
0.6542505075949366,0.11587580063291139,0,0
0.6542505075949366,0.13033855696202531,0,0
0.6542505075949366,0.14480131329113924,0,0
0.6542505075949366,0.15926406962025316,0,0
0.6542505075949366,0.1737268259493671,0,0
0.6542505075949366,0.188189582278481,0,0
0.6542505075949366,0.20265233860759493,0,0
0.6542505075949366,0.21711509493670886,0,0
0.6542505075949366,0.23157785126582278,0,0
0.6542505075949366,0.2460406075949367,0,0
0.6542505075949366,0.2605033639240506,0,0
0.6542505075949366,0.2749661202531645,0,0
0.6542505075949366,0.28942887658227845,0,0
0.6542505075949366,0.3038916329113924,0,0
0.6542505075949366,0.3183543892405063,0,0
0.6542505075949366,0.3328171455696202,0,0
0.6542505075949366,0.34727990189873414,0,0
0.6542505075949366,0.36174265822784807,1,1
0.6542505075949366,0.376205414556962,1,1
0.6542505075949366,0.3906681708860759,1,1
0.6542505075949366,0.40513092721518984,1,1
0.6542505075949366,0.41959368354430376,1,1
0.6542505075949366,0.4340564398734177,1,1
0.6542505075949366,0.4485191962025316,1,1
0.6542505075949366,0.46298195253164554,1,1
0.6542505075949366,0.47744470886075946,1,1
0.6542505075949366,0.4919074651898734,1,1
0.6542505075949366,0.5063702215189873,1,1
0.6542505075949366,0.5208329778481012,1,1
0.6542505075949366,0.5352957341772152,1,1
0.6542505075949366,0.5497584905063291,1,1
0.6542505075949366,0.564221246835443,1,1
0.6542505075949366,0.5786840031645569,1,1
0.6542505075949366,0.5931467594936709,1,1
0.6542505075949366,0.6076095158227848,1,1
0.6542505075949366,0.6220722721518986,1,1
0.6542505075949366,0.6365350284810126,1,1
0.6542505075949366,0.6509977848101266,1,1
0.6542505075949366,0.6654605411392405,1,1
0.6542505075949366,0.6799232974683543,1,1
0.6542505075949366,0.6943860537974683,1,1
0.6542505075949366,0.7088488101265823,1,1
0.6542505075949366,0.7233115664556962,1,1
0.6542505075949366,0.73777432278481,1,1
0.6542505075949366,0.752237079113924,1,1
0.6542505075949366,0.766699835443038,1,1
0.6542505075949366,0.7811625917721519,1,1
0.6542505075949366,0.7956253481012657,1,1
0.6542505075949366,0.8100881044303797,1,1
0.6542505075949366,0.8245508607594937,1,1
0.6542505075949366,0.8390136170886076,1,1
0.6542505075949366,0.8534763734177214,1,1
0.6542505075949366,0.8679391297468354,1,1
0.6542505075949366,0.8824018860759494,1,1
0.6542505075949366,0.8968646424050633,1,1
0.6542505075949366,0.9113273987341771,1,1
0.6542505075949366,0.9257901550632911,1,1
0.6542505075949366,0.9402529113924051,1,1
0.6542505075949366,0.954715667721519,1,1
0.6542505075949366,0.9691784240506328,1,1
0.6542505075949366,0.9836411803797468,1,1
0.6542505075949366,0.9981039367088608,1,1
0.6542505075949366,1.0125666930379746,1,1
0.6542505075949366,1.0270294493670886,1,1
0.6542505075949366,1.0414922056962026,1,1
0.6542505075949366,1.0559549620253166,1,1
0.6542505075949366,1.0704177183544306,1,1
0.6542505075949366,1.0848804746835443,1,1
0.6542505075949366,1.0993432310126583,1,1
0.6542505075949366,1.1138059873417723,1,1
0.6542505075949366,1.128268743670886,1,1
0.6542505075949366,1.1427315,1,1
0.6668292962025316,0.00017375,0,0
0.6668292962025316,0.014636506329113924,0,0
0.6668292962025316,0.029099262658227848,0,0
0.6668292962025316,0.04356201898734177,0,0
0.6668292962025316,0.058024775316455696,0,0
0.6668292962025316,0.07248753164556962,0,0
0.6668292962025316,0.08695028797468354,0,0
0.6668292962025316,0.10141304430379747,0,0
0.6668292962025316,0.11587580063291139,0,0
0.6668292962025316,0.13033855696202531,0,0
0.6668292962025316,0.14480131329113924,0,0
0.6668292962025316,0.15926406962025316,0,0
0.6668292962025316,0.1737268259493671,0,0
0.6668292962025316,0.188189582278481,0,0
0.6668292962025316,0.20265233860759493,0,0
0.6668292962025316,0.21711509493670886,0,0
0.6668292962025316,0.23157785126582278,0,0
0.6668292962025316,0.2460406075949367,0,0
0.6668292962025316,0.2605033639240506,0,0
0.6668292962025316,0.2749661202531645,0,0
0.6668292962025316,0.28942887658227845,0,0
0.6668292962025316,0.3038916329113924,0,0
0.6668292962025316,0.3183543892405063,0,0
0.6668292962025316,0.3328171455696202,0,0
0.6668292962025316,0.34727990189873414,0,0
0.6668292962025316,0.36174265822784807,1,1
0.6668292962025316,0.376205414556962,1,1
0.6668292962025316,0.3906681708860759,1,1
0.6668292962025316,0.40513092721518984,1,1
0.6668292962025316,0.41959368354430376,1,1
0.6668292962025316,0.4340564398734177,1,1
0.6668292962025316,0.4485191962025316,1,1
0.6668292962025316,0.46298195253164554,1,1
0.6668292962025316,0.47744470886075946,1,1
0.6668292962025316,0.4919074651898734,1,1
0.6668292962025316,0.5063702215189873,1,1
0.6668292962025316,0.5208329778481012,1,1
0.6668292962025316,0.5352957341772152,1,1
0.6668292962025316,0.5497584905063291,1,1
0.6668292962025316,0.564221246835443,1,1
0.6668292962025316,0.5786840031645569,1,1
0.6668292962025316,0.5931467594936709,1,1
0.6668292962025316,0.6076095158227848,1,1
0.6668292962025316,0.6220722721518986,1,1
0.6668292962025316,0.6365350284810126,1,1
0.6668292962025316,0.6509977848101266,1,1
0.6668292962025316,0.6654605411392405,1,1
0.6668292962025316,0.6799232974683543,1,1
0.6668292962025316,0.6943860537974683,1,1
0.6668292962025316,0.7088488101265823,1,1
0.6668292962025316,0.7233115664556962,1,1
0.6668292962025316,0.73777432278481,1,1
0.6668292962025316,0.752237079113924,1,1
0.6668292962025316,0.766699835443038,1,1
0.6668292962025316,0.7811625917721519,1,1
0.6668292962025316,0.7956253481012657,1,1
0.6668292962025316,0.8100881044303797,1,1
0.6668292962025316,0.8245508607594937,1,1
0.6668292962025316,0.8390136170886076,1,1
0.6668292962025316,0.8534763734177214,1,1
0.6668292962025316,0.8679391297468354,1,1
0.6668292962025316,0.8824018860759494,1,1
0.6668292962025316,0.8968646424050633,1,1
0.6668292962025316,0.9113273987341771,1,1
0.6668292962025316,0.9257901550632911,1,1
0.6668292962025316,0.9402529113924051,1,1
0.6668292962025316,0.954715667721519,1,1
0.6668292962025316,0.9691784240506328,1,1
0.6668292962025316,0.9836411803797468,1,1
0.6668292962025316,0.9981039367088608,1,1
0.6668292962025316,1.0125666930379746,1,1
0.6668292962025316,1.0270294493670886,1,1
0.6668292962025316,1.0414922056962026,1,1
0.6668292962025316,1.0559549620253166,1,1
0.6668292962025316,1.0704177183544306,1,1
0.6668292962025316,1.0848804746835443,1,1
0.6668292962025316,1.0993432310126583,1,1
0.6668292962025316,1.1138059873417723,1,1
0.6668292962025316,1.128268743670886,1,1
0.6668292962025316,1.1427315,1,1
0.6794080848101265,0.00017375,0,0
0.6794080848101265,0.014636506329113924,0,0
0.6794080848101265,0.029099262658227848,0,0
0.6794080848101265,0.04356201898734177,0,0
0.6794080848101265,0.058024775316455696,0,0
0.6794080848101265,0.07248753164556962,0,0
0.6794080848101265,0.08695028797468354,0,0
0.6794080848101265,0.10141304430379747,0,0
0.6794080848101265,0.11587580063291139,0,0
0.6794080848101265,0.13033855696202531,0,0
0.6794080848101265,0.14480131329113924,0,0
0.6794080848101265,0.15926406962025316,0,0
0.6794080848101265,0.1737268259493671,0,0
0.6794080848101265,0.188189582278481,0,0
0.6794080848101265,0.20265233860759493,0,0
0.6794080848101265,0.21711509493670886,0,0
0.6794080848101265,0.23157785126582278,0,0
0.6794080848101265,0.2460406075949367,0,0
0.6794080848101265,0.2605033639240506,0,0
0.6794080848101265,0.2749661202531645,0,0
0.6794080848101265,0.28942887658227845,0,0
0.6794080848101265,0.3038916329113924,0,0
0.6794080848101265,0.3183543892405063,0,0
0.6794080848101265,0.3328171455696202,0,0
0.6794080848101265,0.34727990189873414,0,0
0.6794080848101265,0.36174265822784807,1,1
0.6794080848101265,0.376205414556962,1,1
0.6794080848101265,0.3906681708860759,1,1
0.6794080848101265,0.40513092721518984,1,1
0.6794080848101265,0.41959368354430376,1,1
0.6794080848101265,0.4340564398734177,1,1
0.6794080848101265,0.4485191962025316,1,1
0.6794080848101265,0.46298195253164554,1,1
0.6794080848101265,0.47744470886075946,1,1
0.6794080848101265,0.4919074651898734,1,1
0.6794080848101265,0.5063702215189873,1,1
0.6794080848101265,0.5208329778481012,1,1
0.6794080848101265,0.5352957341772152,1,1
0.6794080848101265,0.5497584905063291,1,1
0.6794080848101265,0.564221246835443,1,1
0.6794080848101265,0.5786840031645569,1,1
0.6794080848101265,0.5931467594936709,1,1
0.6794080848101265,0.6076095158227848,1,1
0.6794080848101265,0.6220722721518986,1,1
0.6794080848101265,0.6365350284810126,1,1
0.6794080848101265,0.6509977848101266,1,1
0.6794080848101265,0.6654605411392405,1,1
0.6794080848101265,0.6799232974683543,1,1
0.6794080848101265,0.6943860537974683,1,1
0.6794080848101265,0.7088488101265823,1,1
0.6794080848101265,0.7233115664556962,1,1
0.6794080848101265,0.73777432278481,1,1
0.6794080848101265,0.752237079113924,1,1
0.6794080848101265,0.766699835443038,1,1
0.6794080848101265,0.7811625917721519,1,1
0.6794080848101265,0.7956253481012657,1,1
0.6794080848101265,0.8100881044303797,1,1
0.6794080848101265,0.8245508607594937,1,1
0.6794080848101265,0.8390136170886076,1,1
0.6794080848101265,0.8534763734177214,1,1
0.6794080848101265,0.8679391297468354,1,1
0.6794080848101265,0.8824018860759494,1,1
0.6794080848101265,0.8968646424050633,1,1
0.6794080848101265,0.9113273987341771,1,1
0.6794080848101265,0.9257901550632911,1,1
0.6794080848101265,0.9402529113924051,1,1
0.6794080848101265,0.954715667721519,1,1
0.6794080848101265,0.9691784240506328,1,1
0.6794080848101265,0.9836411803797468,1,1
0.6794080848101265,0.9981039367088608,1,1
0.6794080848101265,1.0125666930379746,1,1
0.6794080848101265,1.0270294493670886,1,1
0.6794080848101265,1.0414922056962026,1,1
0.6794080848101265,1.0559549620253166,1,1
0.6794080848101265,1.0704177183544306,1,1
0.6794080848101265,1.0848804746835443,1,1
0.6794080848101265,1.0993432310126583,1,1
0.6794080848101265,1.1138059873417723,1,1
0.6794080848101265,1.128268743670886,1,1
0.6794080848101265,1.1427315,1,1
0.6919868734177215,0.00017375,0,0
0.6919868734177215,0.014636506329113924,0,0
0.6919868734177215,0.029099262658227848,0,0
0.6919868734177215,0.04356201898734177,0,0
0.6919868734177215,0.058024775316455696,0,0
0.6919868734177215,0.07248753164556962,0,0
0.6919868734177215,0.08695028797468354,0,0
0.6919868734177215,0.10141304430379747,0,0
0.6919868734177215,0.11587580063291139,0,0
0.6919868734177215,0.13033855696202531,0,0
0.6919868734177215,0.14480131329113924,0,0
0.6919868734177215,0.15926406962025316,0,0
0.6919868734177215,0.1737268259493671,0,0
0.6919868734177215,0.188189582278481,0,0
0.6919868734177215,0.20265233860759493,0,0
0.6919868734177215,0.21711509493670886,0,0
0.6919868734177215,0.23157785126582278,0,0
0.6919868734177215,0.2460406075949367,0,0
0.6919868734177215,0.2605033639240506,0,0
0.6919868734177215,0.2749661202531645,0,0
0.6919868734177215,0.28942887658227845,0,0
0.6919868734177215,0.3038916329113924,0,0
0.6919868734177215,0.3183543892405063,0,0
0.6919868734177215,0.3328171455696202,0,0
0.6919868734177215,0.34727990189873414,0,0
0.6919868734177215,0.36174265822784807,1,1
0.6919868734177215,0.376205414556962,1,1
0.6919868734177215,0.3906681708860759,1,1
0.6919868734177215,0.40513092721518984,1,1
0.6919868734177215,0.41959368354430376,1,1
0.6919868734177215,0.4340564398734177,1,1
0.6919868734177215,0.4485191962025316,1,1
0.6919868734177215,0.46298195253164554,1,1
0.6919868734177215,0.47744470886075946,1,1
0.6919868734177215,0.4919074651898734,1,1
0.6919868734177215,0.5063702215189873,1,1
0.6919868734177215,0.5208329778481012,1,1
0.6919868734177215,0.5352957341772152,1,1
0.6919868734177215,0.5497584905063291,1,1
0.6919868734177215,0.564221246835443,1,1
0.6919868734177215,0.5786840031645569,1,1
0.6919868734177215,0.5931467594936709,1,1
0.6919868734177215,0.6076095158227848,1,1
0.6919868734177215,0.6220722721518986,1,1
0.6919868734177215,0.6365350284810126,1,1
0.6919868734177215,0.6509977848101266,1,1
0.6919868734177215,0.6654605411392405,1,1
0.6919868734177215,0.6799232974683543,1,1
0.6919868734177215,0.6943860537974683,1,1
0.6919868734177215,0.7088488101265823,1,1
0.6919868734177215,0.7233115664556962,1,1
0.6919868734177215,0.73777432278481,1,1
0.6919868734177215,0.752237079113924,1,1
0.6919868734177215,0.766699835443038,1,1
0.6919868734177215,0.7811625917721519,1,1
0.6919868734177215,0.7956253481012657,1,1
0.6919868734177215,0.8100881044303797,1,1
0.6919868734177215,0.8245508607594937,1,1
0.6919868734177215,0.8390136170886076,1,1
0.6919868734177215,0.8534763734177214,1,1
0.6919868734177215,0.8679391297468354,1,1
0.6919868734177215,0.8824018860759494,1,1
0.6919868734177215,0.8968646424050633,1,1
0.6919868734177215,0.9113273987341771,1,1
0.6919868734177215,0.9257901550632911,1,1
0.6919868734177215,0.9402529113924051,1,1
0.6919868734177215,0.954715667721519,1,1
0.6919868734177215,0.9691784240506328,1,1
0.6919868734177215,0.9836411803797468,1,1
0.6919868734177215,0.9981039367088608,1,1
0.6919868734177215,1.0125666930379746,1,1
0.6919868734177215,1.0270294493670886,1,1
0.6919868734177215,1.0414922056962026,1,1
0.6919868734177215,1.0559549620253166,1,1
0.6919868734177215,1.0704177183544306,1,1
0.6919868734177215,1.0848804746835443,1,1
0.6919868734177215,1.0993432310126583,1,1
0.6919868734177215,1.1138059873417723,1,1
0.6919868734177215,1.128268743670886,1,1
0.6919868734177215,1.1427315,1,1
0.7045656620253163,0.00017375,0,0
0.7045656620253163,0.014636506329113924,0,0
0.7045656620253163,0.029099262658227848,0,0
0.7045656620253163,0.04356201898734177,0,0
0.7045656620253163,0.058024775316455696,0,0
0.7045656620253163,0.07248753164556962,0,0
0.7045656620253163,0.08695028797468354,0,0
0.7045656620253163,0.10141304430379747,0,0
0.7045656620253163,0.11587580063291139,0,0
0.7045656620253163,0.13033855696202531,0,0
0.7045656620253163,0.14480131329113924,0,0
0.7045656620253163,0.15926406962025316,0,0
0.7045656620253163,0.1737268259493671,0,0
0.7045656620253163,0.188189582278481,0,0
0.7045656620253163,0.20265233860759493,0,0
0.7045656620253163,0.21711509493670886,0,0
0.7045656620253163,0.23157785126582278,0,0
0.7045656620253163,0.2460406075949367,0,0
0.7045656620253163,0.2605033639240506,0,0
0.7045656620253163,0.2749661202531645,0,0
0.7045656620253163,0.28942887658227845,0,0
0.7045656620253163,0.3038916329113924,0,0
0.7045656620253163,0.3183543892405063,0,0
0.7045656620253163,0.3328171455696202,0,0
0.7045656620253163,0.34727990189873414,0,0
0.7045656620253163,0.36174265822784807,1,1
0.7045656620253163,0.376205414556962,1,1
0.7045656620253163,0.3906681708860759,1,1
0.7045656620253163,0.40513092721518984,1,1
0.7045656620253163,0.41959368354430376,1,1
0.7045656620253163,0.4340564398734177,1,1
0.7045656620253163,0.4485191962025316,1,1
0.7045656620253163,0.46298195253164554,1,1
0.7045656620253163,0.47744470886075946,1,1
0.7045656620253163,0.4919074651898734,1,1
0.7045656620253163,0.5063702215189873,1,1
0.7045656620253163,0.5208329778481012,1,1
0.7045656620253163,0.5352957341772152,1,1
0.7045656620253163,0.5497584905063291,1,1
0.7045656620253163,0.564221246835443,1,1
0.7045656620253163,0.5786840031645569,1,1
0.7045656620253163,0.5931467594936709,1,1
0.7045656620253163,0.6076095158227848,1,1
0.7045656620253163,0.6220722721518986,1,1
0.7045656620253163,0.6365350284810126,1,1
0.7045656620253163,0.6509977848101266,1,1
0.7045656620253163,0.6654605411392405,1,1
0.7045656620253163,0.6799232974683543,1,1
0.7045656620253163,0.6943860537974683,1,1
0.7045656620253163,0.7088488101265823,1,1
0.7045656620253163,0.7233115664556962,1,1
0.7045656620253163,0.73777432278481,1,1
0.7045656620253163,0.752237079113924,1,1
0.7045656620253163,0.766699835443038,1,1
0.7045656620253163,0.7811625917721519,1,1
0.7045656620253163,0.7956253481012657,1,1
0.7045656620253163,0.8100881044303797,1,1
0.7045656620253163,0.8245508607594937,1,1
0.7045656620253163,0.8390136170886076,1,1
0.7045656620253163,0.8534763734177214,1,1
0.7045656620253163,0.8679391297468354,1,1
0.7045656620253163,0.8824018860759494,1,1
0.7045656620253163,0.8968646424050633,1,1
0.7045656620253163,0.9113273987341771,1,1
0.7045656620253163,0.9257901550632911,1,1
0.7045656620253163,0.9402529113924051,1,1
0.7045656620253163,0.954715667721519,1,1
0.7045656620253163,0.9691784240506328,1,1
0.7045656620253163,0.9836411803797468,1,1
0.7045656620253163,0.9981039367088608,1,1
0.7045656620253163,1.0125666930379746,1,1
0.7045656620253163,1.0270294493670886,1,1
0.7045656620253163,1.0414922056962026,1,1
0.7045656620253163,1.0559549620253166,1,1
0.7045656620253163,1.0704177183544306,1,1
0.7045656620253163,1.0848804746835443,1,1
0.7045656620253163,1.0993432310126583,1,1
0.7045656620253163,1.1138059873417723,1,1
0.7045656620253163,1.128268743670886,1,1
0.7045656620253163,1.1427315,1,1
0.7171444506329113,0.00017375,0,0
0.7171444506329113,0.014636506329113924,0,0
0.7171444506329113,0.029099262658227848,0,0
0.7171444506329113,0.04356201898734177,0,0
0.7171444506329113,0.058024775316455696,0,0
0.7171444506329113,0.07248753164556962,0,0
0.7171444506329113,0.08695028797468354,0,0
0.7171444506329113,0.10141304430379747,0,0
0.7171444506329113,0.11587580063291139,0,0
0.7171444506329113,0.13033855696202531,0,0
0.7171444506329113,0.14480131329113924,0,0
0.7171444506329113,0.15926406962025316,0,0
0.7171444506329113,0.1737268259493671,0,0
0.7171444506329113,0.188189582278481,0,0
0.7171444506329113,0.20265233860759493,0,0
0.7171444506329113,0.21711509493670886,0,0
0.7171444506329113,0.23157785126582278,0,0
0.7171444506329113,0.2460406075949367,0,0
0.7171444506329113,0.2605033639240506,0,0
0.7171444506329113,0.2749661202531645,0,0
0.7171444506329113,0.28942887658227845,0,0
0.7171444506329113,0.3038916329113924,0,0
0.7171444506329113,0.3183543892405063,0,0
0.7171444506329113,0.3328171455696202,0,0
0.7171444506329113,0.34727990189873414,0,0
0.7171444506329113,0.36174265822784807,1,1
0.7171444506329113,0.376205414556962,1,1
0.7171444506329113,0.3906681708860759,1,1
0.7171444506329113,0.40513092721518984,1,1
0.7171444506329113,0.41959368354430376,1,1
0.7171444506329113,0.4340564398734177,1,1
0.7171444506329113,0.4485191962025316,1,1
0.7171444506329113,0.46298195253164554,1,1
0.7171444506329113,0.47744470886075946,1,1
0.7171444506329113,0.4919074651898734,1,1
0.7171444506329113,0.5063702215189873,1,1
0.7171444506329113,0.5208329778481012,1,1
0.7171444506329113,0.5352957341772152,1,1
0.7171444506329113,0.5497584905063291,1,1
0.7171444506329113,0.564221246835443,1,1
0.7171444506329113,0.5786840031645569,1,1
0.7171444506329113,0.5931467594936709,1,1
0.7171444506329113,0.6076095158227848,1,1
0.7171444506329113,0.6220722721518986,1,1
0.7171444506329113,0.6365350284810126,1,1
0.7171444506329113,0.6509977848101266,1,1
0.7171444506329113,0.6654605411392405,1,1
0.7171444506329113,0.6799232974683543,1,1
0.7171444506329113,0.6943860537974683,1,1
0.7171444506329113,0.7088488101265823,1,1
0.7171444506329113,0.7233115664556962,1,1
0.7171444506329113,0.73777432278481,1,1
0.7171444506329113,0.752237079113924,1,1
0.7171444506329113,0.766699835443038,1,1
0.7171444506329113,0.7811625917721519,1,1
0.7171444506329113,0.7956253481012657,1,1
0.7171444506329113,0.8100881044303797,1,1
0.7171444506329113,0.8245508607594937,1,1
0.7171444506329113,0.8390136170886076,1,1
0.7171444506329113,0.8534763734177214,1,1
0.7171444506329113,0.8679391297468354,1,1
0.7171444506329113,0.8824018860759494,1,1
0.7171444506329113,0.8968646424050633,1,1
0.7171444506329113,0.9113273987341771,1,1
0.7171444506329113,0.9257901550632911,1,1
0.7171444506329113,0.9402529113924051,1,1
0.7171444506329113,0.954715667721519,1,1
0.7171444506329113,0.9691784240506328,1,1
0.7171444506329113,0.9836411803797468,1,1
0.7171444506329113,0.9981039367088608,1,1
0.7171444506329113,1.0125666930379746,1,1
0.7171444506329113,1.0270294493670886,1,1
0.7171444506329113,1.0414922056962026,1,1
0.7171444506329113,1.0559549620253166,1,1
0.7171444506329113,1.0704177183544306,1,1
0.7171444506329113,1.0848804746835443,1,1
0.7171444506329113,1.0993432310126583,1,1
0.7171444506329113,1.1138059873417723,1,1
0.7171444506329113,1.128268743670886,1,1
0.7171444506329113,1.1427315,1,1
0.7297232392405063,0.00017375,0,0
0.7297232392405063,0.014636506329113924,0,0
0.7297232392405063,0.029099262658227848,0,0
0.7297232392405063,0.04356201898734177,0,0
0.7297232392405063,0.058024775316455696,0,0
0.7297232392405063,0.07248753164556962,0,0
0.7297232392405063,0.08695028797468354,0,0
0.7297232392405063,0.10141304430379747,0,0
0.7297232392405063,0.11587580063291139,0,0
0.7297232392405063,0.13033855696202531,0,0
0.7297232392405063,0.14480131329113924,0,0
0.7297232392405063,0.15926406962025316,0,0
0.7297232392405063,0.1737268259493671,0,0
0.7297232392405063,0.188189582278481,0,0
0.7297232392405063,0.20265233860759493,0,0
0.7297232392405063,0.21711509493670886,0,0
0.7297232392405063,0.23157785126582278,0,0
0.7297232392405063,0.2460406075949367,0,0
0.7297232392405063,0.2605033639240506,0,0
0.7297232392405063,0.2749661202531645,0,0
0.7297232392405063,0.28942887658227845,0,0
0.7297232392405063,0.3038916329113924,0,0
0.7297232392405063,0.3183543892405063,0,0
0.7297232392405063,0.3328171455696202,0,0
0.7297232392405063,0.34727990189873414,0,0
0.7297232392405063,0.36174265822784807,1,1
0.7297232392405063,0.376205414556962,1,1
0.7297232392405063,0.3906681708860759,1,1
0.7297232392405063,0.40513092721518984,1,1
0.7297232392405063,0.41959368354430376,1,1
0.7297232392405063,0.4340564398734177,1,1
0.7297232392405063,0.4485191962025316,1,1
0.7297232392405063,0.46298195253164554,1,1
0.7297232392405063,0.47744470886075946,1,1
0.7297232392405063,0.4919074651898734,1,1
0.7297232392405063,0.5063702215189873,1,1
0.7297232392405063,0.5208329778481012,1,1
0.7297232392405063,0.5352957341772152,1,1
0.7297232392405063,0.5497584905063291,1,1
0.7297232392405063,0.564221246835443,1,1
0.7297232392405063,0.5786840031645569,1,1
0.7297232392405063,0.5931467594936709,1,1
0.7297232392405063,0.6076095158227848,1,1
0.7297232392405063,0.6220722721518986,1,1
0.7297232392405063,0.6365350284810126,1,1
0.7297232392405063,0.6509977848101266,1,1
0.7297232392405063,0.6654605411392405,1,1
0.7297232392405063,0.6799232974683543,1,1
0.7297232392405063,0.6943860537974683,1,1
0.7297232392405063,0.7088488101265823,1,1
0.7297232392405063,0.7233115664556962,1,1
0.7297232392405063,0.73777432278481,1,1
0.7297232392405063,0.752237079113924,1,1
0.7297232392405063,0.766699835443038,1,1
0.7297232392405063,0.7811625917721519,1,1
0.7297232392405063,0.7956253481012657,1,1
0.7297232392405063,0.8100881044303797,1,1
0.7297232392405063,0.8245508607594937,1,1
0.7297232392405063,0.8390136170886076,1,1
0.7297232392405063,0.8534763734177214,1,1
0.7297232392405063,0.8679391297468354,1,1
0.7297232392405063,0.8824018860759494,1,1
0.7297232392405063,0.8968646424050633,1,1
0.7297232392405063,0.9113273987341771,1,1
0.7297232392405063,0.9257901550632911,1,1
0.7297232392405063,0.9402529113924051,1,1
0.7297232392405063,0.954715667721519,1,1
0.7297232392405063,0.9691784240506328,1,1
0.7297232392405063,0.9836411803797468,1,1
0.7297232392405063,0.9981039367088608,1,1
0.7297232392405063,1.0125666930379746,1,1
0.7297232392405063,1.0270294493670886,1,1
0.7297232392405063,1.0414922056962026,1,1
0.7297232392405063,1.0559549620253166,1,1
0.7297232392405063,1.0704177183544306,1,1
0.7297232392405063,1.0848804746835443,1,1
0.7297232392405063,1.0993432310126583,1,1
0.7297232392405063,1.1138059873417723,1,1
0.7297232392405063,1.128268743670886,1,1
0.7297232392405063,1.1427315,1,1
0.7423020278481012,0.00017375,0,0
0.7423020278481012,0.014636506329113924,0,0
0.7423020278481012,0.029099262658227848,0,0
0.7423020278481012,0.04356201898734177,0,0
0.7423020278481012,0.058024775316455696,0,0
0.7423020278481012,0.07248753164556962,0,0
0.7423020278481012,0.08695028797468354,0,0
0.7423020278481012,0.10141304430379747,0,0
0.7423020278481012,0.11587580063291139,0,0
0.7423020278481012,0.13033855696202531,0,0
0.7423020278481012,0.14480131329113924,0,0
0.7423020278481012,0.15926406962025316,0,0
0.7423020278481012,0.1737268259493671,0,0
0.7423020278481012,0.188189582278481,0,0
0.7423020278481012,0.20265233860759493,0,0
0.7423020278481012,0.21711509493670886,0,0
0.7423020278481012,0.23157785126582278,0,0
0.7423020278481012,0.2460406075949367,0,0
0.7423020278481012,0.2605033639240506,0,0
0.7423020278481012,0.2749661202531645,0,0
0.7423020278481012,0.28942887658227845,0,0
0.7423020278481012,0.3038916329113924,0,0
0.7423020278481012,0.3183543892405063,0,0
0.7423020278481012,0.3328171455696202,0,0
0.7423020278481012,0.34727990189873414,0,0
0.7423020278481012,0.36174265822784807,1,1
0.7423020278481012,0.376205414556962,1,1
0.7423020278481012,0.3906681708860759,1,1
0.7423020278481012,0.40513092721518984,1,1
0.7423020278481012,0.41959368354430376,1,1
0.7423020278481012,0.4340564398734177,1,1
0.7423020278481012,0.4485191962025316,1,1
0.7423020278481012,0.46298195253164554,1,1
0.7423020278481012,0.47744470886075946,1,1
0.7423020278481012,0.4919074651898734,1,1
0.7423020278481012,0.5063702215189873,1,1
0.7423020278481012,0.5208329778481012,1,1
0.7423020278481012,0.5352957341772152,1,1
0.7423020278481012,0.5497584905063291,1,1
0.7423020278481012,0.564221246835443,1,1
0.7423020278481012,0.5786840031645569,1,1
0.7423020278481012,0.5931467594936709,1,1
0.7423020278481012,0.6076095158227848,1,1
0.7423020278481012,0.6220722721518986,1,1
0.7423020278481012,0.6365350284810126,1,1
0.7423020278481012,0.6509977848101266,1,1
0.7423020278481012,0.6654605411392405,1,1
0.7423020278481012,0.6799232974683543,1,1
0.7423020278481012,0.6943860537974683,1,1
0.7423020278481012,0.7088488101265823,1,1
0.7423020278481012,0.7233115664556962,1,1
0.7423020278481012,0.73777432278481,1,1
0.7423020278481012,0.752237079113924,1,1
0.7423020278481012,0.766699835443038,1,1
0.7423020278481012,0.7811625917721519,1,1
0.7423020278481012,0.7956253481012657,1,1
0.7423020278481012,0.8100881044303797,1,1
0.7423020278481012,0.8245508607594937,1,1
0.7423020278481012,0.8390136170886076,1,1
0.7423020278481012,0.8534763734177214,1,1
0.7423020278481012,0.8679391297468354,1,1
0.7423020278481012,0.8824018860759494,1,1
0.7423020278481012,0.8968646424050633,1,1
0.7423020278481012,0.9113273987341771,1,1
0.7423020278481012,0.9257901550632911,1,1
0.7423020278481012,0.9402529113924051,1,1
0.7423020278481012,0.954715667721519,1,1
0.7423020278481012,0.9691784240506328,1,1
0.7423020278481012,0.9836411803797468,1,1
0.7423020278481012,0.9981039367088608,1,1
0.7423020278481012,1.0125666930379746,1,1
0.7423020278481012,1.0270294493670886,1,1
0.7423020278481012,1.0414922056962026,1,1
0.7423020278481012,1.0559549620253166,1,1
0.7423020278481012,1.0704177183544306,1,1
0.7423020278481012,1.0848804746835443,1,1
0.7423020278481012,1.0993432310126583,1,1
0.7423020278481012,1.1138059873417723,1,1
0.7423020278481012,1.128268743670886,1,1
0.7423020278481012,1.1427315,1,1
0.7548808164556962,0.00017375,0,0
0.7548808164556962,0.014636506329113924,0,0
0.7548808164556962,0.029099262658227848,0,0
0.7548808164556962,0.04356201898734177,0,0
0.7548808164556962,0.058024775316455696,0,0
0.7548808164556962,0.07248753164556962,0,0
0.7548808164556962,0.08695028797468354,0,0
0.7548808164556962,0.10141304430379747,0,0
0.7548808164556962,0.11587580063291139,0,0
0.7548808164556962,0.13033855696202531,0,0
0.7548808164556962,0.14480131329113924,0,0
0.7548808164556962,0.15926406962025316,0,0
0.7548808164556962,0.1737268259493671,0,0
0.7548808164556962,0.188189582278481,0,0
0.7548808164556962,0.20265233860759493,0,0
0.7548808164556962,0.21711509493670886,0,0
0.7548808164556962,0.23157785126582278,0,0
0.7548808164556962,0.2460406075949367,0,0
0.7548808164556962,0.2605033639240506,0,0
0.7548808164556962,0.2749661202531645,0,0
0.7548808164556962,0.28942887658227845,0,0
0.7548808164556962,0.3038916329113924,0,0
0.7548808164556962,0.3183543892405063,0,0
0.7548808164556962,0.3328171455696202,0,0
0.7548808164556962,0.34727990189873414,0,0
0.7548808164556962,0.36174265822784807,1,1
0.7548808164556962,0.376205414556962,1,1
0.7548808164556962,0.3906681708860759,1,1
0.7548808164556962,0.40513092721518984,1,1
0.7548808164556962,0.41959368354430376,1,1
0.7548808164556962,0.4340564398734177,1,1
0.7548808164556962,0.4485191962025316,1,1
0.7548808164556962,0.46298195253164554,1,1
0.7548808164556962,0.47744470886075946,1,1
0.7548808164556962,0.4919074651898734,1,1
0.7548808164556962,0.5063702215189873,1,1
0.7548808164556962,0.5208329778481012,1,1
0.7548808164556962,0.5352957341772152,1,1
0.7548808164556962,0.5497584905063291,1,1
0.7548808164556962,0.564221246835443,1,1
0.7548808164556962,0.5786840031645569,1,1
0.7548808164556962,0.5931467594936709,1,1
0.7548808164556962,0.6076095158227848,1,1
0.7548808164556962,0.6220722721518986,1,1
0.7548808164556962,0.6365350284810126,1,1
0.7548808164556962,0.6509977848101266,1,1
0.7548808164556962,0.6654605411392405,1,1
0.7548808164556962,0.6799232974683543,1,1
0.7548808164556962,0.6943860537974683,1,1
0.7548808164556962,0.7088488101265823,1,1
0.7548808164556962,0.7233115664556962,1,1
0.7548808164556962,0.73777432278481,1,1
0.7548808164556962,0.752237079113924,1,1
0.7548808164556962,0.766699835443038,1,1
0.7548808164556962,0.7811625917721519,1,1
0.7548808164556962,0.7956253481012657,1,1
0.7548808164556962,0.8100881044303797,1,1
0.7548808164556962,0.8245508607594937,1,1
0.7548808164556962,0.8390136170886076,1,1
0.7548808164556962,0.8534763734177214,1,1
0.7548808164556962,0.8679391297468354,1,1
0.7548808164556962,0.8824018860759494,1,1
0.7548808164556962,0.8968646424050633,1,1
0.7548808164556962,0.9113273987341771,1,1
0.7548808164556962,0.9257901550632911,1,1
0.7548808164556962,0.9402529113924051,1,1
0.7548808164556962,0.954715667721519,1,1
0.7548808164556962,0.9691784240506328,1,1
0.7548808164556962,0.9836411803797468,1,1
0.7548808164556962,0.9981039367088608,1,1
0.7548808164556962,1.0125666930379746,1,1
0.7548808164556962,1.0270294493670886,1,1
0.7548808164556962,1.0414922056962026,1,1
0.7548808164556962,1.0559549620253166,1,1
0.7548808164556962,1.0704177183544306,1,1
0.7548808164556962,1.0848804746835443,1,1
0.7548808164556962,1.0993432310126583,1,1
0.7548808164556962,1.1138059873417723,1,1
0.7548808164556962,1.128268743670886,1,1
0.7548808164556962,1.1427315,1,1
0.767459605063291,0.00017375,0,0
0.767459605063291,0.014636506329113924,0,0
0.767459605063291,0.029099262658227848,0,0
0.767459605063291,0.04356201898734177,0,0
0.767459605063291,0.058024775316455696,0,0
0.767459605063291,0.07248753164556962,0,0
0.767459605063291,0.08695028797468354,0,0
0.767459605063291,0.10141304430379747,0,0
0.767459605063291,0.11587580063291139,0,0
0.767459605063291,0.13033855696202531,0,0
0.767459605063291,0.14480131329113924,0,0
0.767459605063291,0.15926406962025316,0,0
0.767459605063291,0.1737268259493671,0,0
0.767459605063291,0.188189582278481,0,0
0.767459605063291,0.20265233860759493,0,0
0.767459605063291,0.21711509493670886,0,0
0.767459605063291,0.23157785126582278,0,0
0.767459605063291,0.2460406075949367,0,0
0.767459605063291,0.2605033639240506,0,0
0.767459605063291,0.2749661202531645,0,0
0.767459605063291,0.28942887658227845,0,0
0.767459605063291,0.3038916329113924,0,0
0.767459605063291,0.3183543892405063,0,0
0.767459605063291,0.3328171455696202,0,0
0.767459605063291,0.34727990189873414,0,0
0.767459605063291,0.36174265822784807,1,1
0.767459605063291,0.376205414556962,1,1
0.767459605063291,0.3906681708860759,1,1
0.767459605063291,0.40513092721518984,1,1
0.767459605063291,0.41959368354430376,1,1
0.767459605063291,0.4340564398734177,1,1
0.767459605063291,0.4485191962025316,1,1
0.767459605063291,0.46298195253164554,1,1
0.767459605063291,0.47744470886075946,1,1
0.767459605063291,0.4919074651898734,1,1
0.767459605063291,0.5063702215189873,1,1
0.767459605063291,0.5208329778481012,1,1
0.767459605063291,0.5352957341772152,1,1
0.767459605063291,0.5497584905063291,1,1
0.767459605063291,0.564221246835443,1,1
0.767459605063291,0.5786840031645569,1,1
0.767459605063291,0.5931467594936709,1,1
0.767459605063291,0.6076095158227848,1,1
0.767459605063291,0.6220722721518986,1,1
0.767459605063291,0.6365350284810126,1,1
0.767459605063291,0.6509977848101266,1,1
0.767459605063291,0.6654605411392405,1,1
0.767459605063291,0.6799232974683543,1,1
0.767459605063291,0.6943860537974683,1,1
0.767459605063291,0.7088488101265823,1,1
0.767459605063291,0.7233115664556962,1,1
0.767459605063291,0.73777432278481,1,1
0.767459605063291,0.752237079113924,1,1
0.767459605063291,0.766699835443038,1,1
0.767459605063291,0.7811625917721519,1,1
0.767459605063291,0.7956253481012657,1,1
0.767459605063291,0.8100881044303797,1,1
0.767459605063291,0.8245508607594937,1,1
0.767459605063291,0.8390136170886076,1,1
0.767459605063291,0.8534763734177214,1,1
0.767459605063291,0.8679391297468354,1,1
0.767459605063291,0.8824018860759494,1,1
0.767459605063291,0.8968646424050633,1,1
0.767459605063291,0.9113273987341771,1,1
0.767459605063291,0.9257901550632911,1,1
0.767459605063291,0.9402529113924051,1,1
0.767459605063291,0.954715667721519,1,1
0.767459605063291,0.9691784240506328,1,1
0.767459605063291,0.9836411803797468,1,1
0.767459605063291,0.9981039367088608,1,1
0.767459605063291,1.0125666930379746,1,1
0.767459605063291,1.0270294493670886,1,1
0.767459605063291,1.0414922056962026,1,1
0.767459605063291,1.0559549620253166,1,1
0.767459605063291,1.0704177183544306,1,1
0.767459605063291,1.0848804746835443,1,1
0.767459605063291,1.0993432310126583,1,1
0.767459605063291,1.1138059873417723,1,1
0.767459605063291,1.128268743670886,1,1
0.767459605063291,1.1427315,1,1
0.780038393670886,0.00017375,0,0
0.780038393670886,0.014636506329113924,0,0
0.780038393670886,0.029099262658227848,0,0
0.780038393670886,0.04356201898734177,0,0
0.780038393670886,0.058024775316455696,0,0
0.780038393670886,0.07248753164556962,0,0
0.780038393670886,0.08695028797468354,0,0
0.780038393670886,0.10141304430379747,0,0
0.780038393670886,0.11587580063291139,0,0
0.780038393670886,0.13033855696202531,0,0
0.780038393670886,0.14480131329113924,0,0
0.780038393670886,0.15926406962025316,0,0
0.780038393670886,0.1737268259493671,0,0
0.780038393670886,0.188189582278481,0,0
0.780038393670886,0.20265233860759493,0,0
0.780038393670886,0.21711509493670886,0,0
0.780038393670886,0.23157785126582278,0,0
0.780038393670886,0.2460406075949367,0,0
0.780038393670886,0.2605033639240506,0,0
0.780038393670886,0.2749661202531645,0,0
0.780038393670886,0.28942887658227845,0,0
0.780038393670886,0.3038916329113924,0,0
0.780038393670886,0.3183543892405063,0,0
0.780038393670886,0.3328171455696202,0,0
0.780038393670886,0.34727990189873414,0,0
0.780038393670886,0.36174265822784807,1,1
0.780038393670886,0.376205414556962,1,1
0.780038393670886,0.3906681708860759,1,1
0.780038393670886,0.40513092721518984,1,1
0.780038393670886,0.41959368354430376,1,1
0.780038393670886,0.4340564398734177,1,1
0.780038393670886,0.4485191962025316,1,1
0.780038393670886,0.46298195253164554,1,1
0.780038393670886,0.47744470886075946,1,1
0.780038393670886,0.4919074651898734,1,1
0.780038393670886,0.5063702215189873,1,1
0.780038393670886,0.5208329778481012,1,1
0.780038393670886,0.5352957341772152,1,1
0.780038393670886,0.5497584905063291,1,1
0.780038393670886,0.564221246835443,1,1
0.780038393670886,0.5786840031645569,1,1
0.780038393670886,0.5931467594936709,1,1
0.780038393670886,0.6076095158227848,1,1
0.780038393670886,0.6220722721518986,1,1
0.780038393670886,0.6365350284810126,1,1
0.780038393670886,0.6509977848101266,1,1
0.780038393670886,0.6654605411392405,1,1
0.780038393670886,0.6799232974683543,1,1
0.780038393670886,0.6943860537974683,1,1
0.780038393670886,0.7088488101265823,1,1
0.780038393670886,0.7233115664556962,1,1
0.780038393670886,0.73777432278481,1,1
0.780038393670886,0.752237079113924,1,1
0.780038393670886,0.766699835443038,1,1
0.780038393670886,0.7811625917721519,1,1
0.780038393670886,0.7956253481012657,1,1
0.780038393670886,0.8100881044303797,1,1
0.780038393670886,0.8245508607594937,1,1
0.780038393670886,0.8390136170886076,1,1
0.780038393670886,0.8534763734177214,1,1
0.780038393670886,0.8679391297468354,1,1
0.780038393670886,0.8824018860759494,1,1
0.780038393670886,0.8968646424050633,1,1
0.780038393670886,0.9113273987341771,1,1
0.780038393670886,0.9257901550632911,1,1
0.780038393670886,0.9402529113924051,1,1
0.780038393670886,0.954715667721519,1,1
0.780038393670886,0.9691784240506328,1,1
0.780038393670886,0.9836411803797468,1,1
0.780038393670886,0.9981039367088608,1,1
0.780038393670886,1.0125666930379746,1,1
0.780038393670886,1.0270294493670886,1,1
0.780038393670886,1.0414922056962026,1,1
0.780038393670886,1.0559549620253166,1,1
0.780038393670886,1.0704177183544306,1,1
0.780038393670886,1.0848804746835443,1,1
0.780038393670886,1.0993432310126583,1,1
0.780038393670886,1.1138059873417723,1,1
0.780038393670886,1.128268743670886,1,1
0.780038393670886,1.1427315,1,1
0.7926171822784809,0.00017375,0,0
0.7926171822784809,0.014636506329113924,0,0
0.7926171822784809,0.029099262658227848,0,0
0.7926171822784809,0.04356201898734177,0,0
0.7926171822784809,0.058024775316455696,0,0
0.7926171822784809,0.07248753164556962,0,0
0.7926171822784809,0.08695028797468354,0,0
0.7926171822784809,0.10141304430379747,0,0
0.7926171822784809,0.11587580063291139,0,0
0.7926171822784809,0.13033855696202531,0,0
0.7926171822784809,0.14480131329113924,0,0
0.7926171822784809,0.15926406962025316,0,0
0.7926171822784809,0.1737268259493671,0,0
0.7926171822784809,0.188189582278481,0,0
0.7926171822784809,0.20265233860759493,0,0
0.7926171822784809,0.21711509493670886,0,0
0.7926171822784809,0.23157785126582278,0,0
0.7926171822784809,0.2460406075949367,0,0
0.7926171822784809,0.2605033639240506,0,0
0.7926171822784809,0.2749661202531645,0,0
0.7926171822784809,0.28942887658227845,0,0
0.7926171822784809,0.3038916329113924,0,0
0.7926171822784809,0.3183543892405063,0,0
0.7926171822784809,0.3328171455696202,0,0
0.7926171822784809,0.34727990189873414,0,0
0.7926171822784809,0.36174265822784807,1,1
0.7926171822784809,0.376205414556962,1,1
0.7926171822784809,0.3906681708860759,1,1
0.7926171822784809,0.40513092721518984,1,1
0.7926171822784809,0.41959368354430376,1,1
0.7926171822784809,0.4340564398734177,1,1
0.7926171822784809,0.4485191962025316,1,1
0.7926171822784809,0.46298195253164554,1,1
0.7926171822784809,0.47744470886075946,1,1
0.7926171822784809,0.4919074651898734,1,1
0.7926171822784809,0.5063702215189873,1,1
0.7926171822784809,0.5208329778481012,1,1
0.7926171822784809,0.5352957341772152,1,1
0.7926171822784809,0.5497584905063291,1,1
0.7926171822784809,0.564221246835443,1,1
0.7926171822784809,0.5786840031645569,1,1
0.7926171822784809,0.5931467594936709,1,1
0.7926171822784809,0.6076095158227848,1,1
0.7926171822784809,0.6220722721518986,1,1
0.7926171822784809,0.6365350284810126,1,1
0.7926171822784809,0.6509977848101266,1,1
0.7926171822784809,0.6654605411392405,1,1
0.7926171822784809,0.6799232974683543,1,1
0.7926171822784809,0.6943860537974683,1,1
0.7926171822784809,0.7088488101265823,1,1
0.7926171822784809,0.7233115664556962,1,1
0.7926171822784809,0.73777432278481,1,1
0.7926171822784809,0.752237079113924,1,1
0.7926171822784809,0.766699835443038,1,1
0.7926171822784809,0.7811625917721519,1,1
0.7926171822784809,0.7956253481012657,1,1
0.7926171822784809,0.8100881044303797,1,1
0.7926171822784809,0.8245508607594937,1,1
0.7926171822784809,0.8390136170886076,1,1
0.7926171822784809,0.8534763734177214,1,1
0.7926171822784809,0.8679391297468354,1,1
0.7926171822784809,0.8824018860759494,1,1
0.7926171822784809,0.8968646424050633,1,1
0.7926171822784809,0.9113273987341771,1,1
0.7926171822784809,0.9257901550632911,1,1
0.7926171822784809,0.9402529113924051,1,1
0.7926171822784809,0.954715667721519,1,1
0.7926171822784809,0.9691784240506328,1,1
0.7926171822784809,0.9836411803797468,1,1
0.7926171822784809,0.9981039367088608,1,1
0.7926171822784809,1.0125666930379746,1,1
0.7926171822784809,1.0270294493670886,1,1
0.7926171822784809,1.0414922056962026,1,1
0.7926171822784809,1.0559549620253166,1,1
0.7926171822784809,1.0704177183544306,1,1
0.7926171822784809,1.0848804746835443,1,1
0.7926171822784809,1.0993432310126583,1,1
0.7926171822784809,1.1138059873417723,1,1
0.7926171822784809,1.128268743670886,1,1
0.7926171822784809,1.1427315,1,1
0.8051959708860759,0.00017375,0,0
0.8051959708860759,0.014636506329113924,0,0
0.8051959708860759,0.029099262658227848,0,0
0.8051959708860759,0.04356201898734177,0,0
0.8051959708860759,0.058024775316455696,0,0
0.8051959708860759,0.07248753164556962,0,0
0.8051959708860759,0.08695028797468354,0,0
0.8051959708860759,0.10141304430379747,0,0
0.8051959708860759,0.11587580063291139,0,0
0.8051959708860759,0.13033855696202531,0,0
0.8051959708860759,0.14480131329113924,0,0
0.8051959708860759,0.15926406962025316,0,0
0.8051959708860759,0.1737268259493671,0,0
0.8051959708860759,0.188189582278481,0,0
0.8051959708860759,0.20265233860759493,0,0
0.8051959708860759,0.21711509493670886,0,0
0.8051959708860759,0.23157785126582278,0,0
0.8051959708860759,0.2460406075949367,0,0
0.8051959708860759,0.2605033639240506,0,0
0.8051959708860759,0.2749661202531645,0,0
0.8051959708860759,0.28942887658227845,0,0
0.8051959708860759,0.3038916329113924,0,0
0.8051959708860759,0.3183543892405063,0,0
0.8051959708860759,0.3328171455696202,0,0
0.8051959708860759,0.34727990189873414,0,0
0.8051959708860759,0.36174265822784807,1,1
0.8051959708860759,0.376205414556962,1,1
0.8051959708860759,0.3906681708860759,1,1
0.8051959708860759,0.40513092721518984,1,1
0.8051959708860759,0.41959368354430376,1,1
0.8051959708860759,0.4340564398734177,1,1
0.8051959708860759,0.4485191962025316,1,1
0.8051959708860759,0.46298195253164554,1,1
0.8051959708860759,0.47744470886075946,1,1
0.8051959708860759,0.4919074651898734,1,1
0.8051959708860759,0.5063702215189873,1,1
0.8051959708860759,0.5208329778481012,1,1
0.8051959708860759,0.5352957341772152,1,1
0.8051959708860759,0.5497584905063291,1,1
0.8051959708860759,0.564221246835443,1,1
0.8051959708860759,0.5786840031645569,1,1
0.8051959708860759,0.5931467594936709,1,1
0.8051959708860759,0.6076095158227848,1,1
0.8051959708860759,0.6220722721518986,1,1
0.8051959708860759,0.6365350284810126,1,1
0.8051959708860759,0.6509977848101266,1,1
0.8051959708860759,0.6654605411392405,1,1
0.8051959708860759,0.6799232974683543,1,1
0.8051959708860759,0.6943860537974683,1,1
0.8051959708860759,0.7088488101265823,1,1
0.8051959708860759,0.7233115664556962,1,1
0.8051959708860759,0.73777432278481,1,1
0.8051959708860759,0.752237079113924,1,1
0.8051959708860759,0.766699835443038,1,1
0.8051959708860759,0.7811625917721519,1,1
0.8051959708860759,0.7956253481012657,1,1
0.8051959708860759,0.8100881044303797,1,1
0.8051959708860759,0.8245508607594937,1,1
0.8051959708860759,0.8390136170886076,1,1
0.8051959708860759,0.8534763734177214,1,1
0.8051959708860759,0.8679391297468354,1,1
0.8051959708860759,0.8824018860759494,1,1
0.8051959708860759,0.8968646424050633,1,1
0.8051959708860759,0.9113273987341771,1,1
0.8051959708860759,0.9257901550632911,1,1
0.8051959708860759,0.9402529113924051,1,1
0.8051959708860759,0.954715667721519,1,1
0.8051959708860759,0.9691784240506328,1,1
0.8051959708860759,0.9836411803797468,1,1
0.8051959708860759,0.9981039367088608,1,1
0.8051959708860759,1.0125666930379746,1,1
0.8051959708860759,1.0270294493670886,1,1
0.8051959708860759,1.0414922056962026,1,1
0.8051959708860759,1.0559549620253166,1,1
0.8051959708860759,1.0704177183544306,1,1
0.8051959708860759,1.0848804746835443,1,1
0.8051959708860759,1.0993432310126583,1,1
0.8051959708860759,1.1138059873417723,1,1
0.8051959708860759,1.128268743670886,1,1
0.8051959708860759,1.1427315,1,1
0.8177747594936708,0.00017375,0,0
0.8177747594936708,0.014636506329113924,0,0
0.8177747594936708,0.029099262658227848,0,0
0.8177747594936708,0.04356201898734177,0,0
0.8177747594936708,0.058024775316455696,0,0
0.8177747594936708,0.07248753164556962,0,0
0.8177747594936708,0.08695028797468354,0,0
0.8177747594936708,0.10141304430379747,0,0
0.8177747594936708,0.11587580063291139,0,0
0.8177747594936708,0.13033855696202531,0,0
0.8177747594936708,0.14480131329113924,0,0
0.8177747594936708,0.15926406962025316,0,0
0.8177747594936708,0.1737268259493671,0,0
0.8177747594936708,0.188189582278481,0,0
0.8177747594936708,0.20265233860759493,0,0
0.8177747594936708,0.21711509493670886,0,0
0.8177747594936708,0.23157785126582278,0,0
0.8177747594936708,0.2460406075949367,0,0
0.8177747594936708,0.2605033639240506,0,0
0.8177747594936708,0.2749661202531645,0,0
0.8177747594936708,0.28942887658227845,0,0
0.8177747594936708,0.3038916329113924,0,0
0.8177747594936708,0.3183543892405063,0,0
0.8177747594936708,0.3328171455696202,0,0
0.8177747594936708,0.34727990189873414,0,0
0.8177747594936708,0.36174265822784807,1,1
0.8177747594936708,0.376205414556962,1,1
0.8177747594936708,0.3906681708860759,1,1
0.8177747594936708,0.40513092721518984,1,1
0.8177747594936708,0.41959368354430376,1,1
0.8177747594936708,0.4340564398734177,1,1
0.8177747594936708,0.4485191962025316,1,1
0.8177747594936708,0.46298195253164554,1,1
0.8177747594936708,0.47744470886075946,1,1
0.8177747594936708,0.4919074651898734,1,1
0.8177747594936708,0.5063702215189873,1,1
0.8177747594936708,0.5208329778481012,1,1
0.8177747594936708,0.5352957341772152,1,1
0.8177747594936708,0.5497584905063291,1,1
0.8177747594936708,0.564221246835443,1,1
0.8177747594936708,0.5786840031645569,1,1
0.8177747594936708,0.5931467594936709,1,1
0.8177747594936708,0.6076095158227848,1,1
0.8177747594936708,0.6220722721518986,1,1
0.8177747594936708,0.6365350284810126,1,1
0.8177747594936708,0.6509977848101266,1,1
0.8177747594936708,0.6654605411392405,1,1
0.8177747594936708,0.6799232974683543,1,1
0.8177747594936708,0.6943860537974683,1,1
0.8177747594936708,0.7088488101265823,1,1
0.8177747594936708,0.7233115664556962,1,1
0.8177747594936708,0.73777432278481,1,1
0.8177747594936708,0.752237079113924,1,1
0.8177747594936708,0.766699835443038,1,1
0.8177747594936708,0.7811625917721519,1,1
0.8177747594936708,0.7956253481012657,1,1
0.8177747594936708,0.8100881044303797,1,1
0.8177747594936708,0.8245508607594937,1,1
0.8177747594936708,0.8390136170886076,1,1
0.8177747594936708,0.8534763734177214,1,1
0.8177747594936708,0.8679391297468354,1,1
0.8177747594936708,0.8824018860759494,1,1
0.8177747594936708,0.8968646424050633,1,1
0.8177747594936708,0.9113273987341771,1,1
0.8177747594936708,0.9257901550632911,1,1
0.8177747594936708,0.9402529113924051,1,1
0.8177747594936708,0.954715667721519,1,1
0.8177747594936708,0.9691784240506328,1,1
0.8177747594936708,0.9836411803797468,1,1
0.8177747594936708,0.9981039367088608,1,1
0.8177747594936708,1.0125666930379746,1,1
0.8177747594936708,1.0270294493670886,1,1
0.8177747594936708,1.0414922056962026,1,1
0.8177747594936708,1.0559549620253166,1,1
0.8177747594936708,1.0704177183544306,1,1
0.8177747594936708,1.0848804746835443,1,1
0.8177747594936708,1.0993432310126583,1,1
0.8177747594936708,1.1138059873417723,1,1
0.8177747594936708,1.128268743670886,1,1
0.8177747594936708,1.1427315,1,1
0.8303535481012657,0.00017375,0,0
0.8303535481012657,0.014636506329113924,0,0
0.8303535481012657,0.029099262658227848,0,0
0.8303535481012657,0.04356201898734177,0,0
0.8303535481012657,0.058024775316455696,0,0
0.8303535481012657,0.07248753164556962,0,0
0.8303535481012657,0.08695028797468354,0,0
0.8303535481012657,0.10141304430379747,0,0
0.8303535481012657,0.11587580063291139,0,0
0.8303535481012657,0.13033855696202531,0,0
0.8303535481012657,0.14480131329113924,0,0
0.8303535481012657,0.15926406962025316,0,0
0.8303535481012657,0.1737268259493671,0,0
0.8303535481012657,0.188189582278481,0,0
0.8303535481012657,0.20265233860759493,0,0
0.8303535481012657,0.21711509493670886,0,0
0.8303535481012657,0.23157785126582278,0,0
0.8303535481012657,0.2460406075949367,0,0
0.8303535481012657,0.2605033639240506,0,0
0.8303535481012657,0.2749661202531645,0,0
0.8303535481012657,0.28942887658227845,0,0
0.8303535481012657,0.3038916329113924,0,0
0.8303535481012657,0.3183543892405063,0,0
0.8303535481012657,0.3328171455696202,0,0
0.8303535481012657,0.34727990189873414,0,0
0.8303535481012657,0.36174265822784807,0,0
0.8303535481012657,0.376205414556962,0,0
0.8303535481012657,0.3906681708860759,0,0
0.8303535481012657,0.40513092721518984,0,0
0.8303535481012657,0.41959368354430376,0,0
0.8303535481012657,0.4340564398734177,0,0
0.8303535481012657,0.4485191962025316,0,0
0.8303535481012657,0.46298195253164554,0,0
0.8303535481012657,0.47744470886075946,0,0
0.8303535481012657,0.4919074651898734,0,0
0.8303535481012657,0.5063702215189873,0,0
0.8303535481012657,0.5208329778481012,0,0
0.8303535481012657,0.5352957341772152,0,0
0.8303535481012657,0.5497584905063291,0,0
0.8303535481012657,0.564221246835443,0,0
0.8303535481012657,0.5786840031645569,0,0
0.8303535481012657,0.5931467594936709,0,0
0.8303535481012657,0.6076095158227848,0,0
0.8303535481012657,0.6220722721518986,0,0
0.8303535481012657,0.6365350284810126,0,0
0.8303535481012657,0.6509977848101266,0,0
0.8303535481012657,0.6654605411392405,0,0
0.8303535481012657,0.6799232974683543,0,0
0.8303535481012657,0.6943860537974683,0,0
0.8303535481012657,0.7088488101265823,0,0
0.8303535481012657,0.7233115664556962,0,0
0.8303535481012657,0.73777432278481,0,0
0.8303535481012657,0.752237079113924,0,0
0.8303535481012657,0.766699835443038,0,0
0.8303535481012657,0.7811625917721519,0,0
0.8303535481012657,0.7956253481012657,0,0
0.8303535481012657,0.8100881044303797,0,0
0.8303535481012657,0.8245508607594937,0,0
0.8303535481012657,0.8390136170886076,0,0
0.8303535481012657,0.8534763734177214,0,0
0.8303535481012657,0.8679391297468354,0,0
0.8303535481012657,0.8824018860759494,0,0
0.8303535481012657,0.8968646424050633,0,0
0.8303535481012657,0.9113273987341771,0,0
0.8303535481012657,0.9257901550632911,0,0
0.8303535481012657,0.9402529113924051,0,0
0.8303535481012657,0.954715667721519,0,0
0.8303535481012657,0.9691784240506328,0,0
0.8303535481012657,0.9836411803797468,0,0
0.8303535481012657,0.9981039367088608,0,0
0.8303535481012657,1.0125666930379746,0,0
0.8303535481012657,1.0270294493670886,0,0
0.8303535481012657,1.0414922056962026,0,0
0.8303535481012657,1.0559549620253166,0,0
0.8303535481012657,1.0704177183544306,0,0
0.8303535481012657,1.0848804746835443,0,0
0.8303535481012657,1.0993432310126583,0,0
0.8303535481012657,1.1138059873417723,0,0
0.8303535481012657,1.128268743670886,0,0
0.8303535481012657,1.1427315,0,0
0.8429323367088607,0.00017375,0,0
0.8429323367088607,0.014636506329113924,0,0
0.8429323367088607,0.029099262658227848,0,0
0.8429323367088607,0.04356201898734177,0,0
0.8429323367088607,0.058024775316455696,0,0
0.8429323367088607,0.07248753164556962,0,0
0.8429323367088607,0.08695028797468354,0,0
0.8429323367088607,0.10141304430379747,0,0
0.8429323367088607,0.11587580063291139,0,0
0.8429323367088607,0.13033855696202531,0,0
0.8429323367088607,0.14480131329113924,0,0
0.8429323367088607,0.15926406962025316,0,0
0.8429323367088607,0.1737268259493671,0,0
0.8429323367088607,0.188189582278481,0,0
0.8429323367088607,0.20265233860759493,0,0
0.8429323367088607,0.21711509493670886,0,0
0.8429323367088607,0.23157785126582278,0,0
0.8429323367088607,0.2460406075949367,0,0
0.8429323367088607,0.2605033639240506,0,0
0.8429323367088607,0.2749661202531645,0,0
0.8429323367088607,0.28942887658227845,0,0
0.8429323367088607,0.3038916329113924,0,0
0.8429323367088607,0.3183543892405063,0,0
0.8429323367088607,0.3328171455696202,0,0
0.8429323367088607,0.34727990189873414,0,0
0.8429323367088607,0.36174265822784807,0,0
0.8429323367088607,0.376205414556962,0,0
0.8429323367088607,0.3906681708860759,0,0
0.8429323367088607,0.40513092721518984,0,0
0.8429323367088607,0.41959368354430376,0,0
0.8429323367088607,0.4340564398734177,0,0
0.8429323367088607,0.4485191962025316,0,0
0.8429323367088607,0.46298195253164554,0,0
0.8429323367088607,0.47744470886075946,0,0
0.8429323367088607,0.4919074651898734,0,0
0.8429323367088607,0.5063702215189873,0,0
0.8429323367088607,0.5208329778481012,0,0
0.8429323367088607,0.5352957341772152,0,0
0.8429323367088607,0.5497584905063291,0,0
0.8429323367088607,0.564221246835443,0,0
0.8429323367088607,0.5786840031645569,0,0
0.8429323367088607,0.5931467594936709,0,0
0.8429323367088607,0.6076095158227848,0,0
0.8429323367088607,0.6220722721518986,0,0
0.8429323367088607,0.6365350284810126,0,0
0.8429323367088607,0.6509977848101266,0,0
0.8429323367088607,0.6654605411392405,0,0
0.8429323367088607,0.6799232974683543,0,0
0.8429323367088607,0.6943860537974683,0,0
0.8429323367088607,0.7088488101265823,0,0
0.8429323367088607,0.7233115664556962,0,0
0.8429323367088607,0.73777432278481,0,0
0.8429323367088607,0.752237079113924,0,0
0.8429323367088607,0.766699835443038,0,0
0.8429323367088607,0.7811625917721519,0,0
0.8429323367088607,0.7956253481012657,0,0
0.8429323367088607,0.8100881044303797,0,0
0.8429323367088607,0.8245508607594937,0,0
0.8429323367088607,0.8390136170886076,0,0
0.8429323367088607,0.8534763734177214,0,0
0.8429323367088607,0.8679391297468354,0,0
0.8429323367088607,0.8824018860759494,0,0
0.8429323367088607,0.8968646424050633,0,0
0.8429323367088607,0.9113273987341771,0,0
0.8429323367088607,0.9257901550632911,0,0
0.8429323367088607,0.9402529113924051,0,0
0.8429323367088607,0.954715667721519,0,0
0.8429323367088607,0.9691784240506328,0,0
0.8429323367088607,0.9836411803797468,0,0
0.8429323367088607,0.9981039367088608,0,0
0.8429323367088607,1.0125666930379746,0,0
0.8429323367088607,1.0270294493670886,0,0
0.8429323367088607,1.0414922056962026,0,0
0.8429323367088607,1.0559549620253166,0,0
0.8429323367088607,1.0704177183544306,0,0
0.8429323367088607,1.0848804746835443,0,0
0.8429323367088607,1.0993432310126583,0,0
0.8429323367088607,1.1138059873417723,0,0
0.8429323367088607,1.128268743670886,0,0
0.8429323367088607,1.1427315,0,0
0.8555111253164556,0.00017375,0,0
0.8555111253164556,0.014636506329113924,0,0
0.8555111253164556,0.029099262658227848,0,0
0.8555111253164556,0.04356201898734177,0,0
0.8555111253164556,0.058024775316455696,0,0
0.8555111253164556,0.07248753164556962,0,0
0.8555111253164556,0.08695028797468354,0,0
0.8555111253164556,0.10141304430379747,0,0
0.8555111253164556,0.11587580063291139,0,0
0.8555111253164556,0.13033855696202531,0,0
0.8555111253164556,0.14480131329113924,0,0
0.8555111253164556,0.15926406962025316,0,0
0.8555111253164556,0.1737268259493671,0,0
0.8555111253164556,0.188189582278481,0,0
0.8555111253164556,0.20265233860759493,0,0
0.8555111253164556,0.21711509493670886,0,0
0.8555111253164556,0.23157785126582278,0,0
0.8555111253164556,0.2460406075949367,0,0
0.8555111253164556,0.2605033639240506,0,0
0.8555111253164556,0.2749661202531645,0,0
0.8555111253164556,0.28942887658227845,0,0
0.8555111253164556,0.3038916329113924,0,0
0.8555111253164556,0.3183543892405063,0,0
0.8555111253164556,0.3328171455696202,0,0
0.8555111253164556,0.34727990189873414,0,0
0.8555111253164556,0.36174265822784807,0,0
0.8555111253164556,0.376205414556962,0,0
0.8555111253164556,0.3906681708860759,0,0
0.8555111253164556,0.40513092721518984,0,0
0.8555111253164556,0.41959368354430376,0,0
0.8555111253164556,0.4340564398734177,0,0
0.8555111253164556,0.4485191962025316,0,0
0.8555111253164556,0.46298195253164554,0,0
0.8555111253164556,0.47744470886075946,0,0
0.8555111253164556,0.4919074651898734,0,0
0.8555111253164556,0.5063702215189873,0,0
0.8555111253164556,0.5208329778481012,0,0
0.8555111253164556,0.5352957341772152,0,0
0.8555111253164556,0.5497584905063291,0,0
0.8555111253164556,0.564221246835443,0,0
0.8555111253164556,0.5786840031645569,0,0
0.8555111253164556,0.5931467594936709,0,0
0.8555111253164556,0.6076095158227848,0,0
0.8555111253164556,0.6220722721518986,0,0
0.8555111253164556,0.6365350284810126,0,0
0.8555111253164556,0.6509977848101266,0,0
0.8555111253164556,0.6654605411392405,0,0
0.8555111253164556,0.6799232974683543,0,0
0.8555111253164556,0.6943860537974683,0,0
0.8555111253164556,0.7088488101265823,0,0
0.8555111253164556,0.7233115664556962,0,0
0.8555111253164556,0.73777432278481,0,0
0.8555111253164556,0.752237079113924,0,0
0.8555111253164556,0.766699835443038,0,0
0.8555111253164556,0.7811625917721519,0,0
0.8555111253164556,0.7956253481012657,0,0
0.8555111253164556,0.8100881044303797,0,0
0.8555111253164556,0.8245508607594937,0,0
0.8555111253164556,0.8390136170886076,0,0
0.8555111253164556,0.8534763734177214,0,0
0.8555111253164556,0.8679391297468354,0,0
0.8555111253164556,0.8824018860759494,0,0
0.8555111253164556,0.8968646424050633,0,0
0.8555111253164556,0.9113273987341771,0,0
0.8555111253164556,0.9257901550632911,0,0
0.8555111253164556,0.9402529113924051,0,0
0.8555111253164556,0.954715667721519,0,0
0.8555111253164556,0.9691784240506328,0,0
0.8555111253164556,0.9836411803797468,0,0
0.8555111253164556,0.9981039367088608,0,0
0.8555111253164556,1.0125666930379746,0,0
0.8555111253164556,1.0270294493670886,0,0
0.8555111253164556,1.0414922056962026,0,0
0.8555111253164556,1.0559549620253166,0,0
0.8555111253164556,1.0704177183544306,0,0
0.8555111253164556,1.0848804746835443,0,0
0.8555111253164556,1.0993432310126583,0,0
0.8555111253164556,1.1138059873417723,0,0
0.8555111253164556,1.128268743670886,0,0
0.8555111253164556,1.1427315,0,0
0.8680899139240505,0.00017375,0,0
0.8680899139240505,0.014636506329113924,0,0
0.8680899139240505,0.029099262658227848,0,0
0.8680899139240505,0.04356201898734177,0,0
0.8680899139240505,0.058024775316455696,0,0
0.8680899139240505,0.07248753164556962,0,0
0.8680899139240505,0.08695028797468354,0,0
0.8680899139240505,0.10141304430379747,0,0
0.8680899139240505,0.11587580063291139,0,0
0.8680899139240505,0.13033855696202531,0,0
0.8680899139240505,0.14480131329113924,0,0
0.8680899139240505,0.15926406962025316,0,0
0.8680899139240505,0.1737268259493671,0,0
0.8680899139240505,0.188189582278481,0,0
0.8680899139240505,0.20265233860759493,0,0
0.8680899139240505,0.21711509493670886,0,0
0.8680899139240505,0.23157785126582278,0,0
0.8680899139240505,0.2460406075949367,0,0
0.8680899139240505,0.2605033639240506,0,0
0.8680899139240505,0.2749661202531645,0,0
0.8680899139240505,0.28942887658227845,0,0
0.8680899139240505,0.3038916329113924,0,0
0.8680899139240505,0.3183543892405063,0,0
0.8680899139240505,0.3328171455696202,0,0
0.8680899139240505,0.34727990189873414,0,0
0.8680899139240505,0.36174265822784807,0,0
0.8680899139240505,0.376205414556962,0,0
0.8680899139240505,0.3906681708860759,0,0
0.8680899139240505,0.40513092721518984,0,0
0.8680899139240505,0.41959368354430376,0,0
0.8680899139240505,0.4340564398734177,0,0
0.8680899139240505,0.4485191962025316,0,0
0.8680899139240505,0.46298195253164554,0,0
0.8680899139240505,0.47744470886075946,0,0
0.8680899139240505,0.4919074651898734,0,0
0.8680899139240505,0.5063702215189873,0,0
0.8680899139240505,0.5208329778481012,0,0
0.8680899139240505,0.5352957341772152,0,0
0.8680899139240505,0.5497584905063291,0,0
0.8680899139240505,0.564221246835443,0,0
0.8680899139240505,0.5786840031645569,0,0
0.8680899139240505,0.5931467594936709,0,0
0.8680899139240505,0.6076095158227848,0,0
0.8680899139240505,0.6220722721518986,0,0
0.8680899139240505,0.6365350284810126,0,0
0.8680899139240505,0.6509977848101266,0,0
0.8680899139240505,0.6654605411392405,0,0
0.8680899139240505,0.6799232974683543,0,0
0.8680899139240505,0.6943860537974683,0,0
0.8680899139240505,0.7088488101265823,0,0
0.8680899139240505,0.7233115664556962,0,0
0.8680899139240505,0.73777432278481,0,0
0.8680899139240505,0.752237079113924,0,0
0.8680899139240505,0.766699835443038,0,0
0.8680899139240505,0.7811625917721519,0,0
0.8680899139240505,0.7956253481012657,0,0
0.8680899139240505,0.8100881044303797,0,0
0.8680899139240505,0.8245508607594937,0,0
0.8680899139240505,0.8390136170886076,0,0
0.8680899139240505,0.8534763734177214,0,0
0.8680899139240505,0.8679391297468354,0,0
0.8680899139240505,0.8824018860759494,0,0
0.8680899139240505,0.8968646424050633,0,0
0.8680899139240505,0.9113273987341771,0,0
0.8680899139240505,0.9257901550632911,0,0
0.8680899139240505,0.9402529113924051,0,0
0.8680899139240505,0.954715667721519,0,0
0.8680899139240505,0.9691784240506328,0,0
0.8680899139240505,0.9836411803797468,0,0
0.8680899139240505,0.9981039367088608,0,0
0.8680899139240505,1.0125666930379746,0,0
0.8680899139240505,1.0270294493670886,0,0
0.8680899139240505,1.0414922056962026,0,0
0.8680899139240505,1.0559549620253166,0,0
0.8680899139240505,1.0704177183544306,0,0
0.8680899139240505,1.0848804746835443,0,0
0.8680899139240505,1.0993432310126583,0,0
0.8680899139240505,1.1138059873417723,0,0
0.8680899139240505,1.128268743670886,0,0
0.8680899139240505,1.1427315,0,0
0.8806687025316454,0.00017375,0,0
0.8806687025316454,0.014636506329113924,0,0
0.8806687025316454,0.029099262658227848,0,0
0.8806687025316454,0.04356201898734177,0,0
0.8806687025316454,0.058024775316455696,0,0
0.8806687025316454,0.07248753164556962,0,0
0.8806687025316454,0.08695028797468354,0,0
0.8806687025316454,0.10141304430379747,0,0
0.8806687025316454,0.11587580063291139,0,0
0.8806687025316454,0.13033855696202531,0,0
0.8806687025316454,0.14480131329113924,0,0
0.8806687025316454,0.15926406962025316,0,0
0.8806687025316454,0.1737268259493671,0,0
0.8806687025316454,0.188189582278481,0,0
0.8806687025316454,0.20265233860759493,0,0
0.8806687025316454,0.21711509493670886,0,0
0.8806687025316454,0.23157785126582278,0,0
0.8806687025316454,0.2460406075949367,0,0
0.8806687025316454,0.2605033639240506,0,0
0.8806687025316454,0.2749661202531645,0,0
0.8806687025316454,0.28942887658227845,0,0
0.8806687025316454,0.3038916329113924,0,0
0.8806687025316454,0.3183543892405063,0,0
0.8806687025316454,0.3328171455696202,0,0
0.8806687025316454,0.34727990189873414,0,0
0.8806687025316454,0.36174265822784807,0,0
0.8806687025316454,0.376205414556962,0,0
0.8806687025316454,0.3906681708860759,0,0
0.8806687025316454,0.40513092721518984,0,0
0.8806687025316454,0.41959368354430376,0,0
0.8806687025316454,0.4340564398734177,0,0
0.8806687025316454,0.4485191962025316,0,0
0.8806687025316454,0.46298195253164554,0,0
0.8806687025316454,0.47744470886075946,0,0
0.8806687025316454,0.4919074651898734,0,0
0.8806687025316454,0.5063702215189873,0,0
0.8806687025316454,0.5208329778481012,0,0
0.8806687025316454,0.5352957341772152,0,0
0.8806687025316454,0.5497584905063291,0,0
0.8806687025316454,0.564221246835443,0,0
0.8806687025316454,0.5786840031645569,0,0
0.8806687025316454,0.5931467594936709,0,0
0.8806687025316454,0.6076095158227848,0,0
0.8806687025316454,0.6220722721518986,0,0
0.8806687025316454,0.6365350284810126,0,0
0.8806687025316454,0.6509977848101266,0,0
0.8806687025316454,0.6654605411392405,0,0
0.8806687025316454,0.6799232974683543,0,0
0.8806687025316454,0.6943860537974683,0,0
0.8806687025316454,0.7088488101265823,0,0
0.8806687025316454,0.7233115664556962,0,0
0.8806687025316454,0.73777432278481,0,0
0.8806687025316454,0.752237079113924,0,0
0.8806687025316454,0.766699835443038,0,0
0.8806687025316454,0.7811625917721519,0,0
0.8806687025316454,0.7956253481012657,0,0
0.8806687025316454,0.8100881044303797,0,0
0.8806687025316454,0.8245508607594937,0,0
0.8806687025316454,0.8390136170886076,0,0
0.8806687025316454,0.8534763734177214,0,0
0.8806687025316454,0.8679391297468354,0,0
0.8806687025316454,0.8824018860759494,0,0
0.8806687025316454,0.8968646424050633,0,0
0.8806687025316454,0.9113273987341771,0,0
0.8806687025316454,0.9257901550632911,0,0
0.8806687025316454,0.9402529113924051,0,0
0.8806687025316454,0.954715667721519,0,0
0.8806687025316454,0.9691784240506328,0,0
0.8806687025316454,0.9836411803797468,0,0
0.8806687025316454,0.9981039367088608,0,0
0.8806687025316454,1.0125666930379746,0,0
0.8806687025316454,1.0270294493670886,0,0
0.8806687025316454,1.0414922056962026,0,0
0.8806687025316454,1.0559549620253166,0,0
0.8806687025316454,1.0704177183544306,0,0
0.8806687025316454,1.0848804746835443,0,0
0.8806687025316454,1.0993432310126583,0,0
0.8806687025316454,1.1138059873417723,0,0
0.8806687025316454,1.128268743670886,0,0
0.8806687025316454,1.1427315,0,0
0.8932474911392404,0.00017375,0,0
0.8932474911392404,0.014636506329113924,0,0
0.8932474911392404,0.029099262658227848,0,0
0.8932474911392404,0.04356201898734177,0,0
0.8932474911392404,0.058024775316455696,0,0
0.8932474911392404,0.07248753164556962,0,0
0.8932474911392404,0.08695028797468354,0,0
0.8932474911392404,0.10141304430379747,0,0
0.8932474911392404,0.11587580063291139,0,0
0.8932474911392404,0.13033855696202531,0,0
0.8932474911392404,0.14480131329113924,0,0
0.8932474911392404,0.15926406962025316,0,0
0.8932474911392404,0.1737268259493671,0,0
0.8932474911392404,0.188189582278481,0,0
0.8932474911392404,0.20265233860759493,0,0
0.8932474911392404,0.21711509493670886,0,0
0.8932474911392404,0.23157785126582278,0,0
0.8932474911392404,0.2460406075949367,0,0
0.8932474911392404,0.2605033639240506,0,0
0.8932474911392404,0.2749661202531645,0,0
0.8932474911392404,0.28942887658227845,0,0
0.8932474911392404,0.3038916329113924,0,0
0.8932474911392404,0.3183543892405063,0,0
0.8932474911392404,0.3328171455696202,0,0
0.8932474911392404,0.34727990189873414,0,0
0.8932474911392404,0.36174265822784807,0,0
0.8932474911392404,0.376205414556962,0,0
0.8932474911392404,0.3906681708860759,0,0
0.8932474911392404,0.40513092721518984,0,0
0.8932474911392404,0.41959368354430376,0,0
0.8932474911392404,0.4340564398734177,0,0
0.8932474911392404,0.4485191962025316,0,0
0.8932474911392404,0.46298195253164554,0,0
0.8932474911392404,0.47744470886075946,0,0
0.8932474911392404,0.4919074651898734,0,0
0.8932474911392404,0.5063702215189873,0,0
0.8932474911392404,0.5208329778481012,0,0
0.8932474911392404,0.5352957341772152,0,0
0.8932474911392404,0.5497584905063291,0,0
0.8932474911392404,0.564221246835443,0,0
0.8932474911392404,0.5786840031645569,0,0
0.8932474911392404,0.5931467594936709,0,0
0.8932474911392404,0.6076095158227848,0,0
0.8932474911392404,0.6220722721518986,0,0
0.8932474911392404,0.6365350284810126,0,0
0.8932474911392404,0.6509977848101266,0,0
0.8932474911392404,0.6654605411392405,0,0
0.8932474911392404,0.6799232974683543,0,0
0.8932474911392404,0.6943860537974683,0,0
0.8932474911392404,0.7088488101265823,0,0
0.8932474911392404,0.7233115664556962,0,0
0.8932474911392404,0.73777432278481,0,0
0.8932474911392404,0.752237079113924,0,0
0.8932474911392404,0.766699835443038,0,0
0.8932474911392404,0.7811625917721519,0,0
0.8932474911392404,0.7956253481012657,0,0
0.8932474911392404,0.8100881044303797,0,0
0.8932474911392404,0.8245508607594937,0,0
0.8932474911392404,0.8390136170886076,0,0
0.8932474911392404,0.8534763734177214,0,0
0.8932474911392404,0.8679391297468354,0,0
0.8932474911392404,0.8824018860759494,0,0
0.8932474911392404,0.8968646424050633,0,0
0.8932474911392404,0.9113273987341771,0,0
0.8932474911392404,0.9257901550632911,0,0
0.8932474911392404,0.9402529113924051,0,0
0.8932474911392404,0.954715667721519,0,0
0.8932474911392404,0.9691784240506328,0,0
0.8932474911392404,0.9836411803797468,0,0
0.8932474911392404,0.9981039367088608,0,0
0.8932474911392404,1.0125666930379746,0,0
0.8932474911392404,1.0270294493670886,0,0
0.8932474911392404,1.0414922056962026,0,0
0.8932474911392404,1.0559549620253166,0,0
0.8932474911392404,1.0704177183544306,0,0
0.8932474911392404,1.0848804746835443,0,0
0.8932474911392404,1.0993432310126583,0,0
0.8932474911392404,1.1138059873417723,0,0
0.8932474911392404,1.128268743670886,0,0
0.8932474911392404,1.1427315,0,0
0.9058262797468354,0.00017375,0,0
0.9058262797468354,0.014636506329113924,0,0
0.9058262797468354,0.029099262658227848,0,0
0.9058262797468354,0.04356201898734177,0,0
0.9058262797468354,0.058024775316455696,0,0
0.9058262797468354,0.07248753164556962,0,0
0.9058262797468354,0.08695028797468354,0,0
0.9058262797468354,0.10141304430379747,0,0
0.9058262797468354,0.11587580063291139,0,0
0.9058262797468354,0.13033855696202531,0,0
0.9058262797468354,0.14480131329113924,0,0
0.9058262797468354,0.15926406962025316,0,0
0.9058262797468354,0.1737268259493671,0,0
0.9058262797468354,0.188189582278481,0,0
0.9058262797468354,0.20265233860759493,0,0
0.9058262797468354,0.21711509493670886,0,0
0.9058262797468354,0.23157785126582278,0,0
0.9058262797468354,0.2460406075949367,0,0
0.9058262797468354,0.2605033639240506,0,0
0.9058262797468354,0.2749661202531645,0,0
0.9058262797468354,0.28942887658227845,0,0
0.9058262797468354,0.3038916329113924,0,0
0.9058262797468354,0.3183543892405063,0,0
0.9058262797468354,0.3328171455696202,0,0
0.9058262797468354,0.34727990189873414,0,0
0.9058262797468354,0.36174265822784807,0,0
0.9058262797468354,0.376205414556962,0,0
0.9058262797468354,0.3906681708860759,0,0
0.9058262797468354,0.40513092721518984,0,0
0.9058262797468354,0.41959368354430376,0,0
0.9058262797468354,0.4340564398734177,0,0
0.9058262797468354,0.4485191962025316,0,0
0.9058262797468354,0.46298195253164554,0,0
0.9058262797468354,0.47744470886075946,0,0
0.9058262797468354,0.4919074651898734,0,0
0.9058262797468354,0.5063702215189873,0,0
0.9058262797468354,0.5208329778481012,0,0
0.9058262797468354,0.5352957341772152,0,0
0.9058262797468354,0.5497584905063291,0,0
0.9058262797468354,0.564221246835443,0,0
0.9058262797468354,0.5786840031645569,0,0
0.9058262797468354,0.5931467594936709,0,0
0.9058262797468354,0.6076095158227848,0,0
0.9058262797468354,0.6220722721518986,0,0
0.9058262797468354,0.6365350284810126,0,0
0.9058262797468354,0.6509977848101266,0,0
0.9058262797468354,0.6654605411392405,0,0
0.9058262797468354,0.6799232974683543,0,0
0.9058262797468354,0.6943860537974683,0,0
0.9058262797468354,0.7088488101265823,0,0
0.9058262797468354,0.7233115664556962,0,0
0.9058262797468354,0.73777432278481,0,0
0.9058262797468354,0.752237079113924,0,0
0.9058262797468354,0.766699835443038,0,0
0.9058262797468354,0.7811625917721519,0,0
0.9058262797468354,0.7956253481012657,0,0
0.9058262797468354,0.8100881044303797,0,0
0.9058262797468354,0.8245508607594937,0,0
0.9058262797468354,0.8390136170886076,0,0
0.9058262797468354,0.8534763734177214,0,0
0.9058262797468354,0.8679391297468354,0,0
0.9058262797468354,0.8824018860759494,0,0
0.9058262797468354,0.8968646424050633,0,0
0.9058262797468354,0.9113273987341771,0,0
0.9058262797468354,0.9257901550632911,0,0
0.9058262797468354,0.9402529113924051,0,0
0.9058262797468354,0.954715667721519,0,0
0.9058262797468354,0.9691784240506328,0,0
0.9058262797468354,0.9836411803797468,0,0
0.9058262797468354,0.9981039367088608,0,0
0.9058262797468354,1.0125666930379746,0,0
0.9058262797468354,1.0270294493670886,0,0
0.9058262797468354,1.0414922056962026,0,0
0.9058262797468354,1.0559549620253166,0,0
0.9058262797468354,1.0704177183544306,0,0
0.9058262797468354,1.0848804746835443,0,0
0.9058262797468354,1.0993432310126583,0,0
0.9058262797468354,1.1138059873417723,0,0
0.9058262797468354,1.128268743670886,0,0
0.9058262797468354,1.1427315,0,0
0.9184050683544303,0.00017375,0,0
0.9184050683544303,0.014636506329113924,0,0
0.9184050683544303,0.029099262658227848,0,0
0.9184050683544303,0.04356201898734177,0,0
0.9184050683544303,0.058024775316455696,0,0
0.9184050683544303,0.07248753164556962,0,0
0.9184050683544303,0.08695028797468354,0,0
0.9184050683544303,0.10141304430379747,0,0
0.9184050683544303,0.11587580063291139,0,0
0.9184050683544303,0.13033855696202531,0,0
0.9184050683544303,0.14480131329113924,0,0
0.9184050683544303,0.15926406962025316,0,0
0.9184050683544303,0.1737268259493671,0,0
0.9184050683544303,0.188189582278481,0,0
0.9184050683544303,0.20265233860759493,0,0
0.9184050683544303,0.21711509493670886,0,0
0.9184050683544303,0.23157785126582278,0,0
0.9184050683544303,0.2460406075949367,0,0
0.9184050683544303,0.2605033639240506,0,0
0.9184050683544303,0.2749661202531645,0,0
0.9184050683544303,0.28942887658227845,0,0
0.9184050683544303,0.3038916329113924,0,0
0.9184050683544303,0.3183543892405063,0,0
0.9184050683544303,0.3328171455696202,0,0
0.9184050683544303,0.34727990189873414,0,0
0.9184050683544303,0.36174265822784807,0,0
0.9184050683544303,0.376205414556962,0,0
0.9184050683544303,0.3906681708860759,0,0
0.9184050683544303,0.40513092721518984,0,0
0.9184050683544303,0.41959368354430376,0,0
0.9184050683544303,0.4340564398734177,0,0
0.9184050683544303,0.4485191962025316,0,0
0.9184050683544303,0.46298195253164554,0,0
0.9184050683544303,0.47744470886075946,0,0
0.9184050683544303,0.4919074651898734,0,0
0.9184050683544303,0.5063702215189873,0,0
0.9184050683544303,0.5208329778481012,0,0
0.9184050683544303,0.5352957341772152,0,0
0.9184050683544303,0.5497584905063291,0,0
0.9184050683544303,0.564221246835443,0,0
0.9184050683544303,0.5786840031645569,0,0
0.9184050683544303,0.5931467594936709,0,0
0.9184050683544303,0.6076095158227848,0,0
0.9184050683544303,0.6220722721518986,0,0
0.9184050683544303,0.6365350284810126,0,0
0.9184050683544303,0.6509977848101266,0,0
0.9184050683544303,0.6654605411392405,0,0
0.9184050683544303,0.6799232974683543,0,0
0.9184050683544303,0.6943860537974683,0,0
0.9184050683544303,0.7088488101265823,0,0
0.9184050683544303,0.7233115664556962,0,0
0.9184050683544303,0.73777432278481,0,0
0.9184050683544303,0.752237079113924,0,0
0.9184050683544303,0.766699835443038,0,0
0.9184050683544303,0.7811625917721519,0,0
0.9184050683544303,0.7956253481012657,0,0
0.9184050683544303,0.8100881044303797,0,0
0.9184050683544303,0.8245508607594937,0,0
0.9184050683544303,0.8390136170886076,0,0
0.9184050683544303,0.8534763734177214,0,0
0.9184050683544303,0.8679391297468354,0,0
0.9184050683544303,0.8824018860759494,0,0
0.9184050683544303,0.8968646424050633,0,0
0.9184050683544303,0.9113273987341771,0,0
0.9184050683544303,0.9257901550632911,0,0
0.9184050683544303,0.9402529113924051,0,0
0.9184050683544303,0.954715667721519,0,0
0.9184050683544303,0.9691784240506328,0,0
0.9184050683544303,0.9836411803797468,0,0
0.9184050683544303,0.9981039367088608,0,0
0.9184050683544303,1.0125666930379746,0,0
0.9184050683544303,1.0270294493670886,0,0
0.9184050683544303,1.0414922056962026,0,0
0.9184050683544303,1.0559549620253166,0,0
0.9184050683544303,1.0704177183544306,0,0
0.9184050683544303,1.0848804746835443,0,0
0.9184050683544303,1.0993432310126583,0,0
0.9184050683544303,1.1138059873417723,0,0
0.9184050683544303,1.128268743670886,0,0
0.9184050683544303,1.1427315,0,0
0.9309838569620252,0.00017375,0,0
0.9309838569620252,0.014636506329113924,0,0
0.9309838569620252,0.029099262658227848,0,0
0.9309838569620252,0.04356201898734177,0,0
0.9309838569620252,0.058024775316455696,0,0
0.9309838569620252,0.07248753164556962,0,0
0.9309838569620252,0.08695028797468354,0,0
0.9309838569620252,0.10141304430379747,0,0
0.9309838569620252,0.11587580063291139,0,0
0.9309838569620252,0.13033855696202531,0,0
0.9309838569620252,0.14480131329113924,0,0
0.9309838569620252,0.15926406962025316,0,0
0.9309838569620252,0.1737268259493671,0,0
0.9309838569620252,0.188189582278481,0,0
0.9309838569620252,0.20265233860759493,0,0
0.9309838569620252,0.21711509493670886,0,0
0.9309838569620252,0.23157785126582278,0,0
0.9309838569620252,0.2460406075949367,0,0
0.9309838569620252,0.2605033639240506,0,0
0.9309838569620252,0.2749661202531645,0,0
0.9309838569620252,0.28942887658227845,0,0
0.9309838569620252,0.3038916329113924,0,0
0.9309838569620252,0.3183543892405063,0,0
0.9309838569620252,0.3328171455696202,0,0
0.9309838569620252,0.34727990189873414,0,0
0.9309838569620252,0.36174265822784807,0,0
0.9309838569620252,0.376205414556962,0,0
0.9309838569620252,0.3906681708860759,0,0
0.9309838569620252,0.40513092721518984,0,0
0.9309838569620252,0.41959368354430376,0,0
0.9309838569620252,0.4340564398734177,0,0
0.9309838569620252,0.4485191962025316,0,0
0.9309838569620252,0.46298195253164554,0,0
0.9309838569620252,0.47744470886075946,0,0
0.9309838569620252,0.4919074651898734,0,0
0.9309838569620252,0.5063702215189873,0,0
0.9309838569620252,0.5208329778481012,0,0
0.9309838569620252,0.5352957341772152,0,0
0.9309838569620252,0.5497584905063291,0,0
0.9309838569620252,0.564221246835443,0,0
0.9309838569620252,0.5786840031645569,0,0
0.9309838569620252,0.5931467594936709,0,0
0.9309838569620252,0.6076095158227848,0,0
0.9309838569620252,0.6220722721518986,0,0
0.9309838569620252,0.6365350284810126,0,0
0.9309838569620252,0.6509977848101266,0,0
0.9309838569620252,0.6654605411392405,0,0
0.9309838569620252,0.6799232974683543,0,0
0.9309838569620252,0.6943860537974683,0,0
0.9309838569620252,0.7088488101265823,0,0
0.9309838569620252,0.7233115664556962,0,0
0.9309838569620252,0.73777432278481,0,0
0.9309838569620252,0.752237079113924,0,0
0.9309838569620252,0.766699835443038,0,0
0.9309838569620252,0.7811625917721519,0,0
0.9309838569620252,0.7956253481012657,0,0
0.9309838569620252,0.8100881044303797,0,0
0.9309838569620252,0.8245508607594937,0,0
0.9309838569620252,0.8390136170886076,0,0
0.9309838569620252,0.8534763734177214,0,0
0.9309838569620252,0.8679391297468354,0,0
0.9309838569620252,0.8824018860759494,0,0
0.9309838569620252,0.8968646424050633,0,0
0.9309838569620252,0.9113273987341771,0,0
0.9309838569620252,0.9257901550632911,0,0
0.9309838569620252,0.9402529113924051,0,0
0.9309838569620252,0.954715667721519,0,0
0.9309838569620252,0.9691784240506328,0,0
0.9309838569620252,0.9836411803797468,0,0
0.9309838569620252,0.9981039367088608,0,0
0.9309838569620252,1.0125666930379746,0,0
0.9309838569620252,1.0270294493670886,0,0
0.9309838569620252,1.0414922056962026,0,0
0.9309838569620252,1.0559549620253166,0,0
0.9309838569620252,1.0704177183544306,0,0
0.9309838569620252,1.0848804746835443,0,0
0.9309838569620252,1.0993432310126583,0,0
0.9309838569620252,1.1138059873417723,0,0
0.9309838569620252,1.128268743670886,0,0
0.9309838569620252,1.1427315,0,0
0.9435626455696201,0.00017375,0,0
0.9435626455696201,0.014636506329113924,0,0
0.9435626455696201,0.029099262658227848,0,0
0.9435626455696201,0.04356201898734177,0,0
0.9435626455696201,0.058024775316455696,0,0
0.9435626455696201,0.07248753164556962,0,0
0.9435626455696201,0.08695028797468354,0,0
0.9435626455696201,0.10141304430379747,0,0
0.9435626455696201,0.11587580063291139,0,0
0.9435626455696201,0.13033855696202531,0,0
0.9435626455696201,0.14480131329113924,0,0
0.9435626455696201,0.15926406962025316,0,0
0.9435626455696201,0.1737268259493671,0,0
0.9435626455696201,0.188189582278481,0,0
0.9435626455696201,0.20265233860759493,0,0
0.9435626455696201,0.21711509493670886,0,0
0.9435626455696201,0.23157785126582278,0,0
0.9435626455696201,0.2460406075949367,0,0
0.9435626455696201,0.2605033639240506,0,0
0.9435626455696201,0.2749661202531645,0,0
0.9435626455696201,0.28942887658227845,0,0
0.9435626455696201,0.3038916329113924,0,0
0.9435626455696201,0.3183543892405063,0,0
0.9435626455696201,0.3328171455696202,0,0
0.9435626455696201,0.34727990189873414,0,0
0.9435626455696201,0.36174265822784807,0,0
0.9435626455696201,0.376205414556962,0,0
0.9435626455696201,0.3906681708860759,0,0
0.9435626455696201,0.40513092721518984,0,0
0.9435626455696201,0.41959368354430376,0,0
0.9435626455696201,0.4340564398734177,0,0
0.9435626455696201,0.4485191962025316,0,0
0.9435626455696201,0.46298195253164554,0,0
0.9435626455696201,0.47744470886075946,0,0
0.9435626455696201,0.4919074651898734,0,0
0.9435626455696201,0.5063702215189873,0,0
0.9435626455696201,0.5208329778481012,0,0
0.9435626455696201,0.5352957341772152,0,0
0.9435626455696201,0.5497584905063291,0,0
0.9435626455696201,0.564221246835443,0,0
0.9435626455696201,0.5786840031645569,0,0
0.9435626455696201,0.5931467594936709,0,0
0.9435626455696201,0.6076095158227848,0,0
0.9435626455696201,0.6220722721518986,0,0
0.9435626455696201,0.6365350284810126,0,0
0.9435626455696201,0.6509977848101266,0,0
0.9435626455696201,0.6654605411392405,0,0
0.9435626455696201,0.6799232974683543,0,0
0.9435626455696201,0.6943860537974683,0,0
0.9435626455696201,0.7088488101265823,0,0
0.9435626455696201,0.7233115664556962,0,0
0.9435626455696201,0.73777432278481,0,0
0.9435626455696201,0.752237079113924,0,0
0.9435626455696201,0.766699835443038,0,0
0.9435626455696201,0.7811625917721519,0,0
0.9435626455696201,0.7956253481012657,0,0
0.9435626455696201,0.8100881044303797,0,0
0.9435626455696201,0.8245508607594937,0,0
0.9435626455696201,0.8390136170886076,0,0
0.9435626455696201,0.8534763734177214,0,0
0.9435626455696201,0.8679391297468354,0,0
0.9435626455696201,0.8824018860759494,0,0
0.9435626455696201,0.8968646424050633,0,0
0.9435626455696201,0.9113273987341771,0,0
0.9435626455696201,0.9257901550632911,0,0
0.9435626455696201,0.9402529113924051,0,0
0.9435626455696201,0.954715667721519,0,0
0.9435626455696201,0.9691784240506328,0,0
0.9435626455696201,0.9836411803797468,0,0
0.9435626455696201,0.9981039367088608,0,0
0.9435626455696201,1.0125666930379746,0,0
0.9435626455696201,1.0270294493670886,0,0
0.9435626455696201,1.0414922056962026,0,0
0.9435626455696201,1.0559549620253166,0,0
0.9435626455696201,1.0704177183544306,0,0
0.9435626455696201,1.0848804746835443,0,0
0.9435626455696201,1.0993432310126583,0,0
0.9435626455696201,1.1138059873417723,0,0
0.9435626455696201,1.128268743670886,0,0
0.9435626455696201,1.1427315,0,0
0.9561414341772151,0.00017375,0,0
0.9561414341772151,0.014636506329113924,0,0
0.9561414341772151,0.029099262658227848,0,0
0.9561414341772151,0.04356201898734177,0,0
0.9561414341772151,0.058024775316455696,0,0
0.9561414341772151,0.07248753164556962,0,0
0.9561414341772151,0.08695028797468354,0,0
0.9561414341772151,0.10141304430379747,0,0
0.9561414341772151,0.11587580063291139,0,0
0.9561414341772151,0.13033855696202531,0,0
0.9561414341772151,0.14480131329113924,0,0
0.9561414341772151,0.15926406962025316,0,0
0.9561414341772151,0.1737268259493671,0,0
0.9561414341772151,0.188189582278481,0,0
0.9561414341772151,0.20265233860759493,0,0
0.9561414341772151,0.21711509493670886,0,0
0.9561414341772151,0.23157785126582278,0,0
0.9561414341772151,0.2460406075949367,0,0
0.9561414341772151,0.2605033639240506,0,0
0.9561414341772151,0.2749661202531645,0,0
0.9561414341772151,0.28942887658227845,0,0
0.9561414341772151,0.3038916329113924,0,0
0.9561414341772151,0.3183543892405063,0,0
0.9561414341772151,0.3328171455696202,0,0
0.9561414341772151,0.34727990189873414,0,0
0.9561414341772151,0.36174265822784807,0,0
0.9561414341772151,0.376205414556962,0,0
0.9561414341772151,0.3906681708860759,0,0
0.9561414341772151,0.40513092721518984,0,0
0.9561414341772151,0.41959368354430376,0,0
0.9561414341772151,0.4340564398734177,0,0
0.9561414341772151,0.4485191962025316,0,0
0.9561414341772151,0.46298195253164554,0,0
0.9561414341772151,0.47744470886075946,0,0
0.9561414341772151,0.4919074651898734,0,0
0.9561414341772151,0.5063702215189873,0,0
0.9561414341772151,0.5208329778481012,0,0
0.9561414341772151,0.5352957341772152,0,0
0.9561414341772151,0.5497584905063291,0,0
0.9561414341772151,0.564221246835443,0,0
0.9561414341772151,0.5786840031645569,0,0
0.9561414341772151,0.5931467594936709,0,0
0.9561414341772151,0.6076095158227848,0,0
0.9561414341772151,0.6220722721518986,0,0
0.9561414341772151,0.6365350284810126,0,0
0.9561414341772151,0.6509977848101266,0,0
0.9561414341772151,0.6654605411392405,0,0
0.9561414341772151,0.6799232974683543,0,0
0.9561414341772151,0.6943860537974683,0,0
0.9561414341772151,0.7088488101265823,0,0
0.9561414341772151,0.7233115664556962,0,0
0.9561414341772151,0.73777432278481,0,0
0.9561414341772151,0.752237079113924,0,0
0.9561414341772151,0.766699835443038,0,0
0.9561414341772151,0.7811625917721519,0,0
0.9561414341772151,0.7956253481012657,0,0
0.9561414341772151,0.8100881044303797,0,0
0.9561414341772151,0.8245508607594937,0,0
0.9561414341772151,0.8390136170886076,0,0
0.9561414341772151,0.8534763734177214,0,0
0.9561414341772151,0.8679391297468354,0,0
0.9561414341772151,0.8824018860759494,0,0
0.9561414341772151,0.8968646424050633,0,0
0.9561414341772151,0.9113273987341771,0,0
0.9561414341772151,0.9257901550632911,0,0
0.9561414341772151,0.9402529113924051,0,0
0.9561414341772151,0.954715667721519,0,0
0.9561414341772151,0.9691784240506328,0,0
0.9561414341772151,0.9836411803797468,0,0
0.9561414341772151,0.9981039367088608,0,0
0.9561414341772151,1.0125666930379746,0,0
0.9561414341772151,1.0270294493670886,0,0
0.9561414341772151,1.0414922056962026,0,0
0.9561414341772151,1.0559549620253166,0,0
0.9561414341772151,1.0704177183544306,0,0
0.9561414341772151,1.0848804746835443,0,0
0.9561414341772151,1.0993432310126583,0,0
0.9561414341772151,1.1138059873417723,0,0
0.9561414341772151,1.128268743670886,0,0
0.9561414341772151,1.1427315,0,0
0.9687202227848101,0.00017375,0,0
0.9687202227848101,0.014636506329113924,0,0
0.9687202227848101,0.029099262658227848,0,0
0.9687202227848101,0.04356201898734177,0,0
0.9687202227848101,0.058024775316455696,0,0
0.9687202227848101,0.07248753164556962,0,0
0.9687202227848101,0.08695028797468354,0,0
0.9687202227848101,0.10141304430379747,0,0
0.9687202227848101,0.11587580063291139,0,0
0.9687202227848101,0.13033855696202531,0,0
0.9687202227848101,0.14480131329113924,0,0
0.9687202227848101,0.15926406962025316,0,0
0.9687202227848101,0.1737268259493671,0,0
0.9687202227848101,0.188189582278481,0,0
0.9687202227848101,0.20265233860759493,0,0
0.9687202227848101,0.21711509493670886,0,0
0.9687202227848101,0.23157785126582278,0,0
0.9687202227848101,0.2460406075949367,0,0
0.9687202227848101,0.2605033639240506,0,0
0.9687202227848101,0.2749661202531645,0,0
0.9687202227848101,0.28942887658227845,0,0
0.9687202227848101,0.3038916329113924,0,0
0.9687202227848101,0.3183543892405063,0,0
0.9687202227848101,0.3328171455696202,0,0
0.9687202227848101,0.34727990189873414,0,0
0.9687202227848101,0.36174265822784807,0,0
0.9687202227848101,0.376205414556962,0,0
0.9687202227848101,0.3906681708860759,0,0
0.9687202227848101,0.40513092721518984,0,0
0.9687202227848101,0.41959368354430376,0,0
0.9687202227848101,0.4340564398734177,0,0
0.9687202227848101,0.4485191962025316,0,0
0.9687202227848101,0.46298195253164554,0,0
0.9687202227848101,0.47744470886075946,0,0
0.9687202227848101,0.4919074651898734,0,0
0.9687202227848101,0.5063702215189873,0,0
0.9687202227848101,0.5208329778481012,0,0
0.9687202227848101,0.5352957341772152,0,0
0.9687202227848101,0.5497584905063291,0,0
0.9687202227848101,0.564221246835443,0,0
0.9687202227848101,0.5786840031645569,0,0
0.9687202227848101,0.5931467594936709,0,0
0.9687202227848101,0.6076095158227848,0,0
0.9687202227848101,0.6220722721518986,0,0
0.9687202227848101,0.6365350284810126,0,0
0.9687202227848101,0.6509977848101266,0,0
0.9687202227848101,0.6654605411392405,0,0
0.9687202227848101,0.6799232974683543,0,0
0.9687202227848101,0.6943860537974683,0,0
0.9687202227848101,0.7088488101265823,0,0
0.9687202227848101,0.7233115664556962,0,0
0.9687202227848101,0.73777432278481,0,0
0.9687202227848101,0.752237079113924,0,0
0.9687202227848101,0.766699835443038,0,0
0.9687202227848101,0.7811625917721519,0,0
0.9687202227848101,0.7956253481012657,0,0
0.9687202227848101,0.8100881044303797,0,0
0.9687202227848101,0.8245508607594937,0,0
0.9687202227848101,0.8390136170886076,0,0
0.9687202227848101,0.8534763734177214,0,0
0.9687202227848101,0.8679391297468354,0,0
0.9687202227848101,0.8824018860759494,0,0
0.9687202227848101,0.8968646424050633,0,0
0.9687202227848101,0.9113273987341771,0,0
0.9687202227848101,0.9257901550632911,0,0
0.9687202227848101,0.9402529113924051,0,0
0.9687202227848101,0.954715667721519,0,0
0.9687202227848101,0.9691784240506328,0,0
0.9687202227848101,0.9836411803797468,0,0
0.9687202227848101,0.9981039367088608,0,0
0.9687202227848101,1.0125666930379746,0,0
0.9687202227848101,1.0270294493670886,0,0
0.9687202227848101,1.0414922056962026,0,0
0.9687202227848101,1.0559549620253166,0,0
0.9687202227848101,1.0704177183544306,0,0
0.9687202227848101,1.0848804746835443,0,0
0.9687202227848101,1.0993432310126583,0,0
0.9687202227848101,1.1138059873417723,0,0
0.9687202227848101,1.128268743670886,0,0
0.9687202227848101,1.1427315,0,0
0.9812990113924049,0.00017375,0,0
0.9812990113924049,0.014636506329113924,0,0
0.9812990113924049,0.029099262658227848,0,0
0.9812990113924049,0.04356201898734177,0,0
0.9812990113924049,0.058024775316455696,0,0
0.9812990113924049,0.07248753164556962,0,0
0.9812990113924049,0.08695028797468354,0,0
0.9812990113924049,0.10141304430379747,0,0
0.9812990113924049,0.11587580063291139,0,0
0.9812990113924049,0.13033855696202531,0,0
0.9812990113924049,0.14480131329113924,0,0
0.9812990113924049,0.15926406962025316,0,0
0.9812990113924049,0.1737268259493671,0,0
0.9812990113924049,0.188189582278481,0,0
0.9812990113924049,0.20265233860759493,0,0
0.9812990113924049,0.21711509493670886,0,0
0.9812990113924049,0.23157785126582278,0,0
0.9812990113924049,0.2460406075949367,0,0
0.9812990113924049,0.2605033639240506,0,0
0.9812990113924049,0.2749661202531645,0,0
0.9812990113924049,0.28942887658227845,0,0
0.9812990113924049,0.3038916329113924,0,0
0.9812990113924049,0.3183543892405063,0,0
0.9812990113924049,0.3328171455696202,0,0
0.9812990113924049,0.34727990189873414,0,0
0.9812990113924049,0.36174265822784807,0,0
0.9812990113924049,0.376205414556962,0,0
0.9812990113924049,0.3906681708860759,0,0
0.9812990113924049,0.40513092721518984,0,0
0.9812990113924049,0.41959368354430376,0,0
0.9812990113924049,0.4340564398734177,0,0
0.9812990113924049,0.4485191962025316,0,0
0.9812990113924049,0.46298195253164554,0,0
0.9812990113924049,0.47744470886075946,0,0
0.9812990113924049,0.4919074651898734,0,0
0.9812990113924049,0.5063702215189873,0,0
0.9812990113924049,0.5208329778481012,0,0
0.9812990113924049,0.5352957341772152,0,0
0.9812990113924049,0.5497584905063291,0,0
0.9812990113924049,0.564221246835443,0,0
0.9812990113924049,0.5786840031645569,0,0
0.9812990113924049,0.5931467594936709,0,0
0.9812990113924049,0.6076095158227848,0,0
0.9812990113924049,0.6220722721518986,0,0
0.9812990113924049,0.6365350284810126,0,0
0.9812990113924049,0.6509977848101266,0,0
0.9812990113924049,0.6654605411392405,0,0
0.9812990113924049,0.6799232974683543,0,0
0.9812990113924049,0.6943860537974683,0,0
0.9812990113924049,0.7088488101265823,0,0
0.9812990113924049,0.7233115664556962,0,0
0.9812990113924049,0.73777432278481,0,0
0.9812990113924049,0.752237079113924,0,0
0.9812990113924049,0.766699835443038,0,0
0.9812990113924049,0.7811625917721519,0,0
0.9812990113924049,0.7956253481012657,0,0
0.9812990113924049,0.8100881044303797,0,0
0.9812990113924049,0.8245508607594937,0,0
0.9812990113924049,0.8390136170886076,0,0
0.9812990113924049,0.8534763734177214,0,0
0.9812990113924049,0.8679391297468354,0,0
0.9812990113924049,0.8824018860759494,0,0
0.9812990113924049,0.8968646424050633,0,0
0.9812990113924049,0.9113273987341771,0,0
0.9812990113924049,0.9257901550632911,0,0
0.9812990113924049,0.9402529113924051,0,0
0.9812990113924049,0.954715667721519,0,0
0.9812990113924049,0.9691784240506328,0,0
0.9812990113924049,0.9836411803797468,0,0
0.9812990113924049,0.9981039367088608,0,0
0.9812990113924049,1.0125666930379746,0,0
0.9812990113924049,1.0270294493670886,0,0
0.9812990113924049,1.0414922056962026,0,0
0.9812990113924049,1.0559549620253166,0,0
0.9812990113924049,1.0704177183544306,0,0
0.9812990113924049,1.0848804746835443,0,0
0.9812990113924049,1.0993432310126583,0,0
0.9812990113924049,1.1138059873417723,0,0
0.9812990113924049,1.128268743670886,0,0
0.9812990113924049,1.1427315,0,0
0.9938777999999999,0.00017375,0,0
0.9938777999999999,0.014636506329113924,0,0
0.9938777999999999,0.029099262658227848,0,0
0.9938777999999999,0.04356201898734177,0,0
0.9938777999999999,0.058024775316455696,0,0
0.9938777999999999,0.07248753164556962,0,0
0.9938777999999999,0.08695028797468354,0,0
0.9938777999999999,0.10141304430379747,0,0
0.9938777999999999,0.11587580063291139,0,0
0.9938777999999999,0.13033855696202531,0,0
0.9938777999999999,0.14480131329113924,0,0
0.9938777999999999,0.15926406962025316,0,0
0.9938777999999999,0.1737268259493671,0,0
0.9938777999999999,0.188189582278481,0,0
0.9938777999999999,0.20265233860759493,0,0
0.9938777999999999,0.21711509493670886,0,0
0.9938777999999999,0.23157785126582278,0,0
0.9938777999999999,0.2460406075949367,0,0
0.9938777999999999,0.2605033639240506,0,0
0.9938777999999999,0.2749661202531645,0,0
0.9938777999999999,0.28942887658227845,0,0
0.9938777999999999,0.3038916329113924,0,0
0.9938777999999999,0.3183543892405063,0,0
0.9938777999999999,0.3328171455696202,0,0
0.9938777999999999,0.34727990189873414,0,0
0.9938777999999999,0.36174265822784807,0,0
0.9938777999999999,0.376205414556962,0,0
0.9938777999999999,0.3906681708860759,0,0
0.9938777999999999,0.40513092721518984,0,0
0.9938777999999999,0.41959368354430376,0,0
0.9938777999999999,0.4340564398734177,0,0
0.9938777999999999,0.4485191962025316,0,0
0.9938777999999999,0.46298195253164554,0,0
0.9938777999999999,0.47744470886075946,0,0
0.9938777999999999,0.4919074651898734,0,0
0.9938777999999999,0.5063702215189873,0,0
0.9938777999999999,0.5208329778481012,0,0
0.9938777999999999,0.5352957341772152,0,0
0.9938777999999999,0.5497584905063291,0,0
0.9938777999999999,0.564221246835443,0,0
0.9938777999999999,0.5786840031645569,0,0
0.9938777999999999,0.5931467594936709,0,0
0.9938777999999999,0.6076095158227848,0,0
0.9938777999999999,0.6220722721518986,0,0
0.9938777999999999,0.6365350284810126,0,0
0.9938777999999999,0.6509977848101266,0,0
0.9938777999999999,0.6654605411392405,0,0
0.9938777999999999,0.6799232974683543,0,0
0.9938777999999999,0.6943860537974683,0,0
0.9938777999999999,0.7088488101265823,0,0
0.9938777999999999,0.7233115664556962,0,0
0.9938777999999999,0.73777432278481,0,0
0.9938777999999999,0.752237079113924,0,0
0.9938777999999999,0.766699835443038,0,0
0.9938777999999999,0.7811625917721519,0,0
0.9938777999999999,0.7956253481012657,0,0
0.9938777999999999,0.8100881044303797,0,0
0.9938777999999999,0.8245508607594937,0,0
0.9938777999999999,0.8390136170886076,0,0
0.9938777999999999,0.8534763734177214,0,0
0.9938777999999999,0.8679391297468354,0,0
0.9938777999999999,0.8824018860759494,0,0
0.9938777999999999,0.8968646424050633,0,0
0.9938777999999999,0.9113273987341771,0,0
0.9938777999999999,0.9257901550632911,0,0
0.9938777999999999,0.9402529113924051,0,0
0.9938777999999999,0.954715667721519,0,0
0.9938777999999999,0.9691784240506328,0,0
0.9938777999999999,0.9836411803797468,0,0
0.9938777999999999,0.9981039367088608,0,0
0.9938777999999999,1.0125666930379746,0,0
0.9938777999999999,1.0270294493670886,0,0
0.9938777999999999,1.0414922056962026,0,0
0.9938777999999999,1.0559549620253166,0,0
0.9938777999999999,1.0704177183544306,0,0
0.9938777999999999,1.0848804746835443,0,0
0.9938777999999999,1.0993432310126583,0,0
0.9938777999999999,1.1138059873417723,0,0
0.9938777999999999,1.128268743670886,0,0
0.9938777999999999,1.1427315,0,0
